text,score
ko fitur dana instan nya belom timbul.padahal sllu transaksi,5
sangat cocok untuk menyimpan uang,5
sekarang sering gangguan,3
👌👌,2
karena ingin mengirim sesama bank tidak membayar,5
Mantap,5
kenapa tidak terbuka fitur dana cicil nya di akun dana saya padahal saya SDH lama sekali menggunakan dana & sering bertransaksi,3
"sangat memudahkan memindai dengan system rupiah , tpi mhon jngan di curi lewat Nik ya",3
hapus ktp di akun dana,2
"woi ini gua gabisa login, mana masih ada saldo disini pake segala keamanan gimana ini",1
simpel,5
ini dana kenap ganggun melulu. mau pebayaran. sampe ngga jadi. bikin kesal aja.,1
"makin kesini apl DANA semakin kurang baik,kebanayakn susah untuk masuk,alasan jaringn sdng sibuk trus ,sidik jari sama wajah jga tdk terditeksi",1
ok,3
sangat mudah,5
aok dana sangat jelek sekali,1
👍👍👍,5
good job,5
ok,5
tolong segera aktifkan pendaftaran dana cicil saya,5
"saya salah transfer dari akun DANA saya ke akun DANA lain & status sukses.namun setelah saya ingin melakukan refund atas uang yang salah transfer,saya sudah berapa kali mencoba menghubungi nomor tersebut.namun pihak operator mengatakan nomor tersebut tidak terdaftar.& nama pemilik akun dana yang salah transfer itupun tidak ada.malah pihak dana mengatakan uang saya hangus & tidak bisa di refund. tidak ada tanggung jawab pihak dana.dan pelayanan pihak DANA kurang memuaskan.",1
banyak gangguan,1
habis bayar cicilan besoknya mau di pake lagi gak bisa. padahal gak pernah telat bayar cicilannya,1
"semenjak bulan Agustus susah transaksi kenapa ya? selalu muncul ""sedang banyak yg bertransaksi"" udah berkali kali nyoba tetap gk bisa.. giliran di logout kan gk mau login lagi malah muncul ""tidak bisa login karena keamanan"" padahal sebelumnya saya lancar aja, dari awal agustus 2026 selalu begini. mohon solusinya",4
"percumah ada saldo dana cicil,ada saldonya tidak punya pinjaman.saldo dana cicil tidak bias di pakai.hapus aja saldo dana cicilnya...",1
kalo kartu udh ga aktif gimana udh verikasi muka malah di suruh otp,1
kok transfer gagal terus 😓,2
"hay dana ada apakah gerangan knp tiba""buat pembayaran blnja online pin transaksi gagal aja smpe ganti pin dana ttep gak bisa buat pembayaran , tolong solusinya",5
bagus,5
terimakasih,5
"akhir akhir ini sering error error gajelas,tolong lebih di perhatikan",1
"Saya memakai dana sudah 7tahun dan jumblah transaksi setiap bulanya jutaan kenapa fitur dana instans dan dana cicil tidak muncul ya , sementara teman saya baru beberapa bulan itu muncul semua fiturnya",3
lancar,4
hari ini dana saya ada kendala tidak bisa transaksi,5
mau TF aja harus pake yang premium 😹,1
sangat menggunakan aplikasi Dana Transaksi mudah dan cepat prosesnya.,5
"woi PT Espay Debit Indonesia Koe, ini kenapa server nya selalu overload/down, kalau bisa minimal adain pemeliharaan (maintenance) dong, saya mau transaksi jadi gak bisa, gara-gara server nya penuh terus, kalau bisa adain stabilisasi server, kalau begini terus bisa-bisa pengguna DANA menurun",1
cukup baik dan cpet tiap transaksi.,5
👍,5
"saya mau mangajukan pinjam dana cicil tapi di bilang muenggu dalam berkala udah ber bulan"" nunggu ngk juga ,padahl transaksi sayaa udah puluh an juta tiap bulan , kenapa yaa",2
sangat membantu untuk transaksi sehari-hari,5
bagus,2
top lah,5
membantu,5
transaksi sangat mudah,5
kok akun dana saya gada dana gem nya biasa nya ada. klo gada gmn saya mau top ap gem,1
"knpa ini hari ini isi dana kok enggak masuk saldonya ,apk nya bermasalah atau bagaimana inii",1
respon nya cepat mantap,5
lumayan cuman kirim selain dana kena admin g ada gratis biaya pengiriman,4
tolong kembalikan saldo saya yang terpotong oleh tiktok coin recharge,2
"saya terima transfer tapi tidak masuk, pdhl nomor sudah benar tapi ga masuk, benrr bner bikin rugi saya dana ini gamau lgi saya pake apk ini, mana cs nya ditanya malah muter muter hadeh",1
aktifkan dana cicil,5
transaksi mudah dan gratis biaya admin 10x transaksi semoga aplikasi dana ini semakin baik dan berkembang,5
bagus,5
DANA semakin kacau. Sering sulit transaksi,1
g bisa login cukup dengan sidik wajah . kenapa minta otp segala . nomer hp qu sudah hilang bos,5
aplikasi buruk Aplikasi buruk,1
gampang bngt kebobol GK worit uwang gw hilang sendiri 100k,1
"kecewa banget sama penanganan dana. saya mengalami penipuan dan telah melapor ke cs Diana namun tidak ada jawaban kejelasan apapun, sama sekali tidak membantu",1
bagus,5
ok,1
terimakasih dana,5
Mantap,3
bagus,5
bagus banget,5
sangat baik,5
"parah, saya tidak bisa menggunakan dana cicil lagi, dengan alasan tidak memenuhi syarat, kalau sudah bisa pakai limit dan bayar tagihan, kenapa tidak memenuhi syarat, kan aneh 👌",1
seringkali ganguan g jls,3
gangguan muluu males bangett,3
"suka delay tolong perbaiki, jaringan bagus tapi ke dana delay gagal terkoneksi",1
mantap adem dah👍,5
"semenjak di update sering gangguan atau malah banyak kendala, dan padahal sering transaksi di dana bhkn tiap bulan jutaan sampe belasan juta tapi blm dapt dana instan",2
Ok Mkch Boss🙏,5
mantep nih apk gabikin pusing mau transaksi gampang,5
kenapa dana ku ga bisa login ganguan karena keamanan,1
sangat berguna 🗿,5
"sumpah, byk bgt bug nya walopun udh premium ttp gabisa tf bank or e-wallet lain idk why. kesel bgt udh di coba bbrp cara ttp gabisa pdhl gada yg salah sm jaringan atau data pribadi. tolong perbaiki.",3
"entah pemeliharaan apa yg dilakukan apk DANA, sampai tidak bisa untuk beli momoyu,",1
matap,5
agak repot juga kalau dalam 1 bulan transaksi in out saldo lebih dr 20 juta.. kenapa DANA ngga kerjasama sm bank swasta atau apapun itu agar limit dlm 1 bulan bisa lebih dr 20 juta,5
OK,5
gangguan,1
terbaik,5
baik,5
bagus,5
semakin update semakin sering eror,1
Bajuz...tingkatkan lagi Min👍👍,5
mantap,5
mau pindah akun karna akun hilang udah lama aja ribet bgt . padahal gw ada data KTP asli . mau daftar premium pake nomer baru jd gak bisa . sampahhhh danaaa,1
mantapp,5
sumpah dana sekarang rusak setiap ada yang kirim uang lama kali masuk nya hari ini di kirim besok baru masuk bikin orang takut tolong di perbaiki,1
MasyaAllah... bersukur ada DANA semoga selalu dilancarkan dana masuk ke rekening aku,5
sangat membantu,5
bagus,5
"dikasih limit dana cicil 100rb belum bayar totalnya 63rb sampe melebihi batas pembayaran telat 14hari entah ini kebetulan apa gimana semejak itu banyak nomor ga jelas miskol dibaca sama true caller mah semuanya dari DC tiap hari ganti2 nomor, begitu saya lunasi semuanya mendadak berhenti ga ada lg tuh yg miskol dari DC. yg jd pertanyaan apakah karna kita telat bayar sampe nomor kita Disebarin pihak dana? hanya kasih saran buat yg pake dana cicil hati hati",2
akun dana saya gak bisa di buka,4
saldo hilang tidak bisa kembali lagi.parah,1
oke banget,5
Joss Gandozz Top Markotop Sambel Ketjap,5
sangat membantu,4
mantaaap..,5
kesel banget hari ini garagara aplikasi dana. error gak bisa transaksi di updat tadi siang malah jadi gini. 😡😡😡😡😡😡😡😡,1
puas mantap,5
bgus membantu sekali,5
TERCATAT UNTUK HARI INI SAYA TAK BISA MENARIK UANG SAYA SENDIRI DARI DANA SETELAH MENGAKTIFKAN *DANA PROTECTION* PIN SELALU SALAH KATANYA DAN TERDETEKSI KESALAHAN PERANGKAT LAIN,4
ok,5
dana cicil. tak bisa digunakan,1
oh hoh,5
mantap,5
mantap,5
bagus sekali,5
aplikasi bgus simple trz bisa byar atwa beli pulsa transper.,5
sangat baik,5
sangat membantu untuk kemudahan transaksi,5
"dana gj, kenapa gw gabisa bayar qris coba..tiap bayar pasti selalu ""coba lagi beberapa menit ya, karena banyak yang sedang menggunakan"" tapi giliran sodara gue yang nyoba qris lngsung bisa tuh. tolong lah ya, mana waktu itu lgi penting bngt.udah 2x gw begitu trs, minimal diperbaiki dlu lah.",3
gimana nih dana cicil sya GK bisa di pakai lagi,5
mantap,5
👍👍👍👍👍,5
mantap,5
"sangat membantu,,,",5
Kenapa gak bisa masuk akun dana padahal bener2 akun saya sendiri nomer juga masih aktif..ganti hp terus login ke dana pake hp baru gak bisa masuk ada tulisan koneksi buruk padahal sinyal bagus payah,2
ok,5
keseringan gangguan ad ap dg sistem dana sekarang makin update makin rusak,1
halo dana saya penguna dana sudah kisaran 5tahun tapi kenapa tidak muncul dana cicil dan tadi pagi sudah sempat muncul dana cicilnya tapi kenapa hilang lagi dana cicilnya tolong lahh di perhatikan baik baik saya penguna dana sudah lama sekali masa iya tidak ada dana cicilnya sedangkan yg baru pakai saja sudah di kasih dana cicil,1
"Hari ini, Kamis 13 agustus 2026, sumpah saya kecewa berat. mau upgrade akun gagal terus. gara-akun lamaku ku tutup karna kepotong terus tiap seminggu sekali dananya dari play store. Ganti akun pas upgrade ke premium gagal terus. kecewa kecewa dan kecewa sama DANA. tolong deh pihak pengembang, jangan menyulitkan nasabahmu kalau mau lebih baik.",1
sangat membantu trimakasih,4
gangguan terus makin rusak aja,2
Ewalet paling simple👍👍,5
cepat dan sangat membantu bertransaksi,5
"kecewa,,, saya dah lama pakek dana,,,,, tapi dana cicil saya gk bisa di aktifkan",1
"APLIKASI GAJELAS SALDO DISEDOT TERUS TANPA SEPENGETAHUAN , TRANSAKSI TIKTOK COIN PADAHAL TIDAK TRANSAKSI GAJELAS 2X TERUS TERUSAN DI SEDOT!!",1
mantap,5
"sangat membantu, sangat puas bisa pakai aplikasi dana",5
Maaf ya Ini Dana ko Udh daya gunain bertahun tahun sudah memenuhi syrt dana cicil GK muncul,1
"Dengan adanya dana terasa lebih praktis melakukan pembayaran apapun.selagi ada dana 😁👍,semoga kedepannya lebih sukses lagi buat DANA😊",5
sangat bagus,5
"ko ga bisa login padahal ada saldo nya , knapa ini?",2
𝑑𝑎𝑛𝑎 𝑘𝑜 𝑑𝑖 𝑙𝑒𝑏𝑎𝑟𝑢𝑖,5
bermanfaat,5
mantap. slalu membantu,5
uang saya hilang,1
sangat bermanfaat untuk mengatur keuangan,5
"jangan percaya guys sm dana, ini tuh ribet banget dan suka error. pin aku jelas jelas bener dan udh di refresh tapi masih aja salah, bca aja yg ga ribet itu selalu bisa. jadi yg rating 5 itu kebanyakan bot dan jangan download dana walau pajak nya murah. udah lah ribet suka error lagi. ada bintang -1 ga sih",1
"gak jelas tolol tiba' ada pembayaran, trus gabisa di refund lagi uang melayang gitu doang.",1
ok,5
"ini gmana sih, dana cicil nya gak bisa digunakan??",3
good,5
sudah baik .lebih di perbaiki lagi.,5
alesan keamanan apa dana saya gak bisa login,1
"di saya kenapa ga ada yang buat top up game ya, tolong dong ini kenapa",1
👍,5
"kok mau login ga bisa , padahal verifikasi muka sendiri. yang terdaftar.",1
kenapa dana bisnis saya tak bisa ditarik verifikasi wajah sudah ok,1
bagus dan sangat rekomendasi,5
lumayan bagus memudahakan transaksi tf kirim uang lebih cepat,3
sangat mempermudahkan dalam bertransaksi,5
cantik mksh,3
👍👍👍👍,5
sangat mudah digunakan,5
buruk banget ribet mau ganti nomor HP ajah minta ampun ribet nyah fitur kurang lengkap keamanan gk terpercaya jelek banget penanganan nyah juga jelek saya mau minta pindah akun dari nomer saya ajah ribet nyah minta ampuun kalau gk niat buat aplikasi jangan bikin aplikasi cara ganti nomer ajah ribet nyah kayak mau perang emng aneh minta pindah nomer ajah harus 2 hari kerjain kalau gk niat kerja jangan bikin aplikasi dana gini orang mah susah di gituin pake customer diana gk becus bantuin nyah yaa,1
bguss,5
ok,5
bagus,5
praktis cepat',5
slama in aplikasi berjalan dengan baik tingkatkan trus pengalaman memakai aplikasi ini👍,4
login aja susah bgt MMK. reset pin aja susah banget,1
dana mantaplh ok pokoknya..,5
sangat membantu hidup saya pokoknya mantap terimakasih dana,5
mudah di gunakan,4
dana sekarangneh,2
fitur dana cicil tidak bisa digunakan kembali padahal sudah tak ada kredit lagi,2
ok,5
saya kasih bintang 1 karna pas mau login abis itu lupa pin wajah saya gak diverifikasi,1
pengguna lama mudah2an dikasih dana instan..makasih,5
bagus dan bisa di gunakan dengan baik cuma sayang belom ada fitur dana instan,5
"kenapa ga ada pilihan untuk OTP, selalu ke Whatsapp",1
sangat bagus,5
aktifkan dana instan tolong aktifkan dana intan,1
sangat bagus,5
dana jlek aplikasi pencuri gkk aman,1
apk bagus,5
bagus,5
kenapa enggak bisa top up game di sini udh itu bunga' untuk cicilan nya mahal bgt memang Bgus dan membantu,5
sangat membantu keren,5
lag saat transfer/tarik tunai,1
Ini dana cicil kenapa jadi tidak tersedia setelah pelunasan telat juga engga limit udh 3x pemakaian dan bayar tepat waktu limit DANA CICIL GAK NAIK NAIK,1
gimana ini gw selalu mau claim hadiah saya gk bisa bisa woi gimnna ini kocak kalau gini gw udah gk mau pake dana lagi masa gni mulu hadiahnya abis mulu udh mlas deh make dana,3
"Dana udah gak aman ges, males banget. Saldo sering ke sedot goib no report. Kalo ada bintang mines gue kasih mines lo Dan.",1
jos,5
good,4
mantap,5
nice,5
masukk,5
mantap 👍,5
dibuat qris di galeri gak ada gambar foto galerinya,2
bagus banget,5
jangan ada gangguan,2
kenapa skrg Dana jelek bngt krn duit d dana bisa hilang bisa balikin saldo saya lg,2
tidak bisa di download,1
semoga cepat terbuka fitur dana cicilnya,5
bagus,5
tidak bisa transaksi,1
sangat membantu,5
Bagus,5
"pake aplikasi dana lebih mudah untuk bertransaksi..,cuman sering ngelig",5
terbaik,5
bagus bgt mantap,4
good,5
"tolong dong perbaikan nya, ada bug di bagian konfirmasi tarik saldo DANA Goals, masa saya engga bisa tarik saldo tabungan saya, saya butuh uang ya. please dijawab...",2
mantul,5
bagus,5
sangat membantu kami sebagai pedagang,5
"Maksdunya apa yaa, login gak bisa karena alasan keamanan katanya, sedangkan uangku masih di DANA",1
sangat bagus dan mudah,5
sering Terkuras Saldo Dana,1
"akir2 ini apl ini susah digunakan utk transaksi,setor tunai bisa,namun utk mengirim sllu dikatakan terlalu bnyak yg memakai apl,coba bbrpa saat lgi.. stiap hari masak bgtu🤦🏻‍♀️ mulai gak respect",3
tampilkan dana nstan,4
dana mantap anti pending dn betul2;gratis ongkir,5
ok,5
kenapa aplikasi Dana saya tidak bisa fimunculkan ya. thanks,3
"aplikasi anjinggggg, masa tiba tiba saldo di dana tiba tiba hilang tanpa ada konfirmasi sandi, anjingggggggg bangetttttt",1
"apa apaan ini dana mau login akun sendiri tidak bisa, GK jelas bener dana ni asli",1
"tolong dong, kenapa ini aplikasi dana saya tidak bisa dibuka? selalu stack di awal",1
lemot,2
yang belum pakai mending jangan download deh kalo ngga pengin saldo kalian hilang sendiri mending pakai gopay aja,1
sekarang aplikasi ini sering error mau Tranksaksi gak bisaa bikin kesel aja pas mau bayar mau qris gak bisaa perbaiki lagi sistemnya,1
mudah praktis,4
parah ga bisa masuk. ganguan ga ada impormasi. mending kalu sembentar mah,5
enak aplikasi nya,5
mantap,5
sejauh ini good. hanya kesulitan di ganti nomor hape.,4
"saldo dana sama dana+, mending jangan di gabung karena tersinggung aja soalnya, contohnya sisa 100.000 lalu di cek secara detail ternyata di dana sekitar 80000 sedangkan di dana+ 20000 jadinya malah di gabung jadi 100000",2
bagus,3
"saya pengguna lama , hanya fitur Dana cicil yg belum tersedia di akun saya",5
"Susah bangettt untuk masuk, padahal mo tarik duit karena ada transferan.. 😓 Trusss gimana ngambilnya tuh duit kalau gak bisa masuk ??? Trus kalau duitnya sudah keburu di tf ke no dana ini gimana ngambilnya? Mohon penjelasannya.. Dan minta solusinya..Tks 🙏",1
sangat bagus,5
transaksi pakai Dana mmg 👍👍👍,5
mantap,5
bagus,5
untuk kesekian kalinyaa jelek banget disini keamaan nyaa ga adaa sudah 2 kali uang sayaa diambil orang pihak dana gk tanggung jawab,1
"bagus ,berguna bgt buat saya",5
dana cicil nya ga bisa dipake apapun yg mau dibutuhkan percuma adakan pitur cicil nya kalo bikin ngarap aja,5
baik,5
good,5
kenapa setiap mau login. ga bisa di Karenakan gua lupa pin. tapi setiap mau reset selalu dalam keadaan sistem sedang sibuk... parah kalau gini terus. terpaksa gua uninstall aplikasi ini,1
sangat cepat,5
mntep bnget,5
jaringan bagus gk bisa di pake sampah gk ada tetap gk bisa di buka aneh nihh...jelekk,1
"tolong lah buat pihak dana, agar cari akun sana premium saya, saya kehilangan akun dana premium saya, saya udah bikin laporan udah fotoin KTP dan verifikasi wajah kenapa masih di persulit",1
tidak bisa mengirim uang kalo belum premium,3
bisa diandalkan 👌 🔥🔥🔥🔥🔥,5
Sangat bagus,5
jelek mau masukin pin malah salah padahal pin benar dasar apk jelek lebih bagus gopay lebih mudah dasar apk jelek,1
sangat membantu dan bermanfaat,5
kadang ngelag atau g bermasalah dalam transfer uang cukup membuat gedeg,3
kenapa akun dana saya gak bisa mengirim atau melakukan transaksi kakak?,3
Mantappp DANA👍😁,5
"makin lemot aja, pindah saldo dari dana bisnis ke dana lama banget, sampe refresh logout malah ga bisa masuk lagi",5
dacil nya gabis di pake antrian dlu,1
sangat baik,5
dananya mulai eror susahnya mau kirim uang sama mau pakai Qris aja Susa GK bisa lagi di tekan²,1
Buka,5
mantap banget aplikasi nya,5
tambahin fitur hapus aktivitas,2
"saya ingin mengebalikan akun saya dari 4tahun yang lalu masih tetep aja gabisa terus terusan disurug menunggu 90 hari, DIANA lagi DIANA lagi, gabisa bantu apa apa. tolong dong sekiranya verifikasi wajah itu hal yang penting kenapa susah sekali mengembalikan akun sendiri aneh.",1
sangan mendukung,3
"di update malah parah banget aplikasi ini mahh , coba lah udah pkek data seluler udah pkek wifi sama aja ngk bisa proses alasan koneksi internet gimna buka YouTube lancar bae",1
sangat baguss sekali,5
bagus sekali,5
ok,5
hapus data KTP saja TIDAK DIRESPON. 5 HARI LEBIH. JADI SUSAH PINDAH AKUN!!!!!,1
mempermudah transaksi TPI harus hati-hati,5
Aplikasi rusak gak bisa log in.,1
kasi 4dlu soalnya blm bisa kepake semua fitur nya :(,4
"dana makin kesini makin gajelas bgt, sehari gangguan bisa 5kali, chat diana juga ga guna sama sekali",1
mantap,5
Mantappp,5
"apk apaan jaringan nge lag, tolong developer pake ilmunya jgn males perbaiki sistem",1
proses ganti nomer. kirim keterangan ke email doang lama bet,1
sangat puas,5
Bagus,5
setiap mau byr gangguan Mulu kenapa sih gjls banget dah,2
"NGEBUG TERUS AKHIR AKHIR INI, KENAPA SI?",3
"saya gak akan kasih rating 5, sebelum fitur DANA CICIL bisa digunakan. udah muncul fitur dana cicil, tapi belum bisa digunakan,saya tekan DALAM PROSES ANTRIAN.kapan bisa digunakan.saya udah lama bertransaksi di DANA,tapi belum bisa juga pakai fitur dana cicil.kalo gini mah nguntungin pihak dana aja.transaksi trus tapi ga bisa pakai menu dana cicil.rugi saya transaksi trus tapi giliran pake fitur dana cicil ga bisa.",1
tolong d bantu dana cicil biar antrian cepet,5
good,5
banyak pengguna saldo dananya berkurang dan hilang dengan sendirinya,1
belum bisa di claim dana cicil,5
memuaskan,5
sangat bermanfaat,5
"Akun gak jelas, buat kecewa mau masuk akun sendiri z ribet,, udh verifikasj wajah pun tidak masuk-masuk. aaaaaannn",5
dana error. saldo SDH topup tpi belum masuk,1
sekarang saya kasih bintang lima,5
"makin hari tambah GK jelas ni aplikasi dana, GK bisa buat transaksi banyak alasan.nya.",1
apa sih pas gue mau bayar pake qiuris gagal gagal terus padahal jaringan bagus,1
bagus,5
bagus,4
pindah data gagal. chat Diana bot. percuma,1
dana sangat memuaskan proses cepat aman dan terpercaya,5
bagus banget,5
ok,5
bagus,5
"aplikasi dana ini sudah bagus tapi aku tidak bisa buka dana pakai paket bila pakai paket koneksi internet tidak ad padahal punya paket bila pakai wifi bisa pakai paket ngk bisa tolong di perbaiki ya dana ,tolong bantu saya wahai dana",3
that simple,5
mantap,5
ok,5
good,5
"benar2 mudah untuk transfer dan menerima, terimakasih.... sangat cocok utk ibu2 seperti saya.. praktis dan aman👍",5
sangat membantu sekali,5
lambat,2
"sering banget eror sekarang"" ini",1
allhamdulillah udah lama memakai apk dana ini aman.....cuman kok dana cicilx nggak bisa dipakai lagi...tolong dong diperbaiki,5
lemottt bangett,1
bagus,5
"saya sudah tarik di dana bisnis malah tidak muncul dana nya aneh, jangan download apk dana guys gk aman mending gopay",1
"bolak balik update, tapi makin lama gak makin praktis malah makin lemot, transaksi sering gagal dan jaringan selalu buruk aneh",1
maannnntaaaap,5
mantap sekali aplikasi nya saya sangat cocok dengan dana ini tapi tolong keamanan nya di tingkatkan🙏,5
good job🤙,5
"SAYA LOGIN LAGI KE AKUN SAYA GABISAA ALESANYA SEDANG SIBUK DAN MASALAH KEAMANAN, MAKSUDNYAAA APA COBA???",1
setiap mau transaksi banyak kendalanya makin lama bukan makin baik malah makin GK jelas dana ini,1
akun saya tidak ada dana cicil,2
dana instan pembayaran gak pernah telat bayarnya jg jau2 hari tp gak bisa pinjem LG masalahnya kenapa kk,2
mudah,5
bagus,5
apk gajelas,1
baik,1
transaksi suka bermasalah tolong benahi!,1
apk yang bner bner cpet buat transaksi,5
fitur sudah muncul tp blm bisa di gunakan,5
"bisa premium pake ktp, dapat duit di ft cs ff🥳",5
dana selalu error saat mau tf,1
bagus,5
"dana gw berkurang weh 1.500 rupiah, balikinlah",3
Semoga dapat cashback buat umroh ibu,5
"sejauh ini aman, tapi saya dengar banyak yang bermasalah seperti saldo tibatiba hilang,saldo tidak bisa dikirim dan d ambil(ngendap) tolong diperbaiki pelayanan dan bertanggungjawab.terimakasih.",4
apk aneh limit dana cicil ada tapi gak bisa di gunain padahal gak ada tunggakan .kocak emang !!!,1
"DANA MAKIN PARAH TRANSFER PENDING SUDAH LEBIH 24 JAM DANA TIDAK ADA WOY YANG BNER SAJA . PENDING NYA BERPULUH PULUH JAM ,",1
"udah 2 tahun pakai dana , sampe sekarang dana cicilnya gak muncul"" Masak Pengguna baru 7 hari pakai dana ada dana cicil nya .. parah sih",1
aplikasi dana mempermudah sedekah,5
kurang aman untuk penyimpanan uang,1
juoss,5
Alhamdulillah dana cicil sudah muncul dan sudah bisa di gunakan.dan mudah mudahan limit bisa naik lebih besar agar bisa membantu untuk memperluas usahanya yang saat ini saya kelola.mudah mudah mudahan aplikasi dana semakin sukses dan bisa membantu masyarakat dengan menggunakan dana cicil atau paylater dengan mudah,5
bagus,5
"kenapa di aku aplikasinya malah nge bug,beli pulsa/token malah ga bisa dan malah yg keluar layar putih aja",1
Uang hilanggg entah transfer ke siapaaa,1
ok sangat bagus,5
Bagus,5
bagus transaksinya lebih mudah pake qris mantap,5
lebih cepat lebih mudah👍🙏,5
ok..mantap,5
kecewa banget pas saya beli pulsa di sini malah ga masuk padahal nomornya udah bener untung sya beli dikit,2
untuk pembayaran lebih mudah,5
untuk pengisian i saldo belum lengkap,3
saya kasih b. 5 apk bagus dan gampang kirim uang,5
bagus dan mudah digunakan,5
baik,5
mantp,5
"yah,lagi banyak orang bertransaksi coba lagi dalam beberapa menit ya",1
mantabb ☝️👌👌,5
keren,5
"terbaik . tapi history transaksi tidak bisa di hapus , andai yg sdah lewat 1 bulan bisa di hapus kn enak",5
ga bisa kebuka data,3
sumpah itu fitur diana gak membantu malah bikin emosi,5
sangat memuaskan,5
sangat membantu,5
mantap,5
oke,4
yahhh,5
bagus,5
sangat bagus,5
kok di hp ku gak bisa di buka,1
apk makin kesini sistemnya lemot,3
pakai DANA mantap banget👍,5
bagus,5
👍🏻,5
kenapa Saya Tidak Bisa Verifikasih / Masuk,5
bagus👍,5
"udah bertahun tahun pakai dana sbagai transaksi utama hingga 30 jt perbulan tapi gak dapat update dana cicil,saya akan kasih bintang 5 jika udah bisa dana cicil. saya akan beri bintang 5 jika sudah bisa gunakan dana cicil",1
baik,5
gabisa transfer kenapa,3
Alhamdulillah selama ini bejalan dgn lancar,4
perbaikan pada jaringan. agar kompatibel dengan jaringan wifi dan jaringan seluler,3
sangat memuaskan,5
mantap sekali aplikasi dana sangatlah membantu,5
aktifkan Dana cicil,5
"B2 dulu ya, soalnya mau login aja susah pdahal masukin pin udah bener, terus udah isi saldo juga masih tetap 0 pas relog GK bisa masuk lagi aneh banget😏",2
"aplikasi buruk, uangku 299ribu hilang sumpah demi tuhan, semoga tuhan membalasmu",1
"apa apaan server hectic gak kelar², kalo down bilang oy.. kesel banget mau tf katanya server sibuk, ditunggu 2 hari 3 hari gak kelar²",2
aneh mau upgrade premium gagal sudah coba berulang padahal ktp saya belum di gunakan untuk upgrade tpi di dana ktp saya sedang di proses di akun lain minta bantuan ke cs digital ga jelas di tanya apa di jawab apa aneh ni aplikasi gaada cs manusianya kah?? uang saya emang ga banyak sih di dalam tapi ga bisa transaksi kalo akun belum premium gajelas ni apk mending ga usah download,1
mantap,3
mntap,5
apa ada salah sama akun dana aku ya kok engak bisa di gunakan buat beli pulsanya dan data ya,3
buruk sekali hari ini gak bisa kirim uang masalah banyak pemakaian disuruh uninstall sama Diana malahan gak bisa masuk lagi padahal lagi butuh ada uangnya mau dipakai,1
"makin ga jelas, jelas . . mw login sidik jari ga bisa .. mw bayar kadang2 eror",3
sangat membantu segalanya tolong min di acc dana cicilnya mksih,5
allhamdulillah sangat bermafaat,5
aneh gak bisa login,1
"sering terjadi kendala saat transaksi, bikin malu aja",1
kenapa yah DANA CICIL saya tidak berlaku padahal tidak punya tagihan,5
saya cukup kecewa sama dana ini malah kecewa bangtt knapa tagihan dana cicil saya udah lunas semua tapi ga bisa di ambil lagi kocak bangtt ini dana,1
sangat suka aku harap bisa menambahkan saldo dana cicilanya 🤗😆,5
padahal udah premium tapi semenjak hp aku ilang dana aku tidak premium lagi gabisa daftar premium lagi,5
"dana makin lama nyebelin banget ya saya mau berbicara dengan costumer service mengenai masalah lain, Diana selalu saja berlasan ingin membantu dan setelah saya jelaskan masalahnya di berikan solusi yang tidak berguna. giliran saya minta berbicara dengan csnya alasan lagi dapat membantu. ini sangat menjengkelkan bisakah saya kalau berbicara dengan cs langsung csnya saja bukan dikanannya!!!!!!",1
"usahakan ttp jaya kinerja nya min soal atb Batam dari segala aspek,mhn maaf maaf sebelum nya,saya ada keluhan sedikit,tidak bisa menggunakan dana cicil di apk,tolong di bantu up agar apk dana saya bisa digunakan sebaik mungkin terima kasih",5
pokoknya Dana membuat aku mudah dlm bertransaksi dn juga GK ribet terima kasih Dana...🙏🥰,5
apk ya bagus mempermudah taksaksi dan tidak ribet,4
mantap,5
apk bagus,5
Ok,5
selama ini bagus kok buat transaksinya..bisa dibilang membantu banget,5
sangat membantu,5
saya suka aplikasi ini,5
Sangat baik dan sangat di butuhkan,5
mantap,5
Saat masih banyak yg bertransaksi di kitanya malah jadi gabisa transaksi dan harus nunggu beberapa menit,3
bagus,5
"mohon di perbaiki suka ada jaringan bermasalah, tunggu beberapa saat lagi",2
aplikasi eror ni gak bisa pakai utk bayar loading terus setelah update,5
UNTUK UPGRADE RIBET NYA MINTA AMPUN,1
okee sekalihhh,5
alhamdulilah lancar dan mudah,5
gangguan mulu,1
sangat baik,5
udah saya upgrade ke premium tapi masih ada kendala terus buat login,1
sangat membantu,5
kirim ung lebih mudah,5
kenapa acon gak bisa upgrade,5
mudah dan cepat,5
"kenapa g bs buat buka transaksi g bsa,, loading terus,, tolong diperbaiki",5
sering ganguan,1
oke,5
baik bagus sangat mudaaa,5
membantuu,5
tapi knpa skrg saya gk bisa byar atau beli plsa dri dana ini..?,4
ituu untuk to up fre fre nya kok hilng ya setalah update? balikan lah fitur top up nya,2
"apaan verifikasi gagal, dari awal udah bener kocak",1
"Tiba-tiba mau masuk gak bisa, katanya jaringan bermasalah. Dalam hati mungkin perlu uninstall buat penyegaran ehh setelah mau install di play store malah gak bisa... katanya sistem aplikasi ini sudah tidak tersedia di perangkat anda. padahal ada uang baru di transfer ke dana saya. Bahaya sekali Kalau seperti ini layak di laporkan ini aplikasi dompet digital. tapi mau lapor ke siapa 😭",1
sangat keren,5
lebih di tingkat kan lagi keamanan yh over all bagus,5
lancar jaya,5
mantap,5
"mau bertanya transaksi berhasil tetapi saldo saya tidak bertambah ,gimana ya",5
ok,5
dana cicil saya tidak bisa digunakan,5
sllu puas sam apliksi DANA top,5
terimakasih,2
SALDO SAYA HILANG NTAH KEMANA !!,1
"saldo tiba"" habis, gaada buka aplikasi tiba"" ngirim sendiri ke nomor GK dikenal, GK ada notif pemberitahuan",1
bagus,5
uang saya suka sekali di ambil,1
terbaik,5
good,5
sangat baik pertahankan,5
multi and simple,5
sangat puas,5
semua orang merasa senang dengan ada aplikasi dana,5
aplikasi dana yg sangat bagus...,5
tolong benerin bug di dana saya karena saya sudah upgrade ke premium tapi belum bisa transfer menggunakan nomor,5
mau jual emas sudah tidak bisa padahal kemarin2 bisa,3
mantap puas,5
bagus cepat dan mudah,5
woi gw isi paket data GK masuk tapi saldo berkurang aplikasi GK jelas,1
good apl,5
ok,5
oke,5
"sori ya mas dev, ternyata qris warungnya yg eror",5
paling ok,5
yang lain udah pada muncul dana cicil punya saya blm ada padahal udh lama pake dana transaksi trs,1
busuk,1
Sangat membantu sekali,5
kirim dan terima uang sangat cepat dan mudah ma ntap,5
keren pokonyah,5
pakek dana enak uang langsung masuk uang y,5
ok,5
"sangat aman dan mudah, seneng bngt bisa transfer, tarik tunai atau top up game jadi mudah pake dana",5
bisakah ketika jam tertentu untuk tidak offline dan untuk keamanan pengguna agar hanya sidik jari saja ketika mengirimkan transfer,4
layanan cepat dan simpel sangat membantu,5
transaksi cepat tanpa khawatir,5
sangat membantu sekali,5
baik,2
sangat bagus,5
"knapa ya udh 3 minggu ini akun bisnis saya ga bisa tarik tunai ya loading mulu ga k buka""",3
jossjiss,5
mantap,5
aplikasi Dana emang keren,5
sangat membantu,5
percuma ada dana cicil playlater nggak bisa digunakan katanya harus nunggu antrian kalau bisa digunakan saya kasih bintang 4,2
ok,5
makin lama makin banyak bug nya,3
"Mohon dilakukan perbaikan pada fitur pembayaran melalui QRIS. Saat ini ikon untuk memilih atau mengunggah gambar QR Code dari galeri tidak tampil, sehingga pengguna tidak dapat melakukan pembayaran menggunakan QR Code yang tersimpan di galeri.",4
"pendinggg teruss uang yg dikirim orang gakkkkk masuk masuk,, udah mah ada transaksi toko pedia mulu maling saldo bener² enggak aman",1
aplikasi membantu semua kebutuhan,5
ok,5
parah sih.. sya udh transaksi berapa tahun.. fitur dana cicil nya GK ada trs emng GK lihat apa siapa yg transaksinya banyak sampe setahun full tolol emng aplikasi dana ini,1
bagus poll aplikasinya,5
upgrade premium malah gak bisa bisa terus parah,1
sangat membantu,5
baik,4
parah saldo saya ilang sendiri nya pas di cek ada pembayaran telkomsel pake dana udah ga aman lagi kecewa parah,1
dana instan tidak muncul-muncul,5
"gak dapet opsi kalau orang kena tipu kirain bikin laporan uangnya bakal balik lagi ternyata gak percuma bikin laporan ribet2 , tolong kalau orang kena tipu di apk dana diharapkan bisa balij lagi kesian orang yg gunain dana kalau kena tipu",1
lumayan ok la,5
Sering eror . pernah abis makan mau bayar qris ga ada uang cash malah eror. jadi malas pake nya,3
Sangat membantu,5
"Upp ada kendala coba sambungkan ulang ke jaringan yng lebih stabil setiap mau login,gak mungkin jaringan tidak stabil setiap hari,youtute sosmed lain nya lancar2 aja",1
amazing,5
sangat membantu di semua transaksi,5
banyak banget yang saldo nya di atas 3jt hilang dan gak mau tanggung jawab,1
"ramai transaksi pembayaran, situ kok gak mampu mengatasinya, padahal sudah digital, jadi ketika urgent aplikasi Dana sangat tidak bisa membantu memperlancar sistem pembayaran digital",1
tksh sangat puas dengan adanya apk dana luar biasa bagus pengiriman cepat tanpa kendala dan aman mantaaap,5
sangat baik,5
membat,5
selalu jadi yang terdepan untuk dana ku,5
luar biasa,5
aplikasi ini sangat bagus,5
Akun dana sudah didownload bahkan sudah premium tapi nda bisa transaksi jadi saya hapus aplikasi tsb.,1
saya suka pakai dana Krn sangat mudah utk transfer dn biaya murah,4
bagus dan tingkatkan,5
ada y aplikasi dana bisa membantu keperluan,5
dana sangat membantu untuk mengirimkan uang dengan cepat dan mudah,5
sangat puas dan muda bertransaksi makasi dana,5
muda dan gampang pengiriman,5
puas,5
semakin mengecewakan nanti pada pindah ke apk sebelah baru tau rasa,1
"padahal baru sekali logout malah gak bisa di buka lagii,,payah danaa",1
"kenapa akhir"" ini dana susah banget di gunakan,sering eror",5
🥰,5
tengkyu,5
limit masih tersedia dan bayar sebelum jatuh tempo.tapi konyol limit ga bisa di gunakan kembeli.ga jelas,1
dana yang sekrng mah kebanykn gangguan,1
"saya simpan uang dan nabung emas di dana malah hilang padahal sudah proteksi extra berbayar di dana agar aman malah di bobol orang akun nya dan pin dana saya juga di ganti orang, gimana sii keamanan dana meski itu berbayar agar ke amanan nya kuat malah gak kuat sama sekali nyesal saya sudah hilang semua milik saya",1
pas saya mau masuk akun saya hilang,3
entah pengaruh jaringan apa gimana tapi setiap ada yang ngirim uang atau isi saldo notif nya udah masuk tapi uangnya belum. biar udah di update sama di restart lagi hpnya tetap gk bisa 😞,2
bagus..mantab.,5
top,5
makin lama makin error apk nya,1
akhir akhir ini dana susah buat transaksi seperti masalah top up maupun transfer mohon buat admin tolong di perbaiki masalah tsb.,5
baik,5
mantap dan bagus.....,5
luar biasa,5
sue nabung disini,1
sangat membantu,5
dipakai buat bayar Qris gak bisa suruh upgrade premium juga gak bisa gimana nih ada saldo nya 500rb gak bisa dipakai apa apa,1
good,5
suka banget ..cepet prosesnya,5
sangat manfaatkan,5
terima kasih,5
"fitur mudah ,aman, nyaman dan transaksi lancar",5
nice,5
mantap aplikasinya,5
sangat berguna,5
transaksi cepat. 👍👍👍👍👍,5
sangat mengecewakan sering gangguan,1
"tolong kurangin maaf banyak orang yang sedang bertransaksi coba lagi beberapa menit,dia dia saya saya aneh.",5
Oke,5
the best,5
good luck,4
"saya transfer dana ke brimo suruh nunggu 24 jam tapi setelah 24 jam saldo tidak masuk dan saldo tidak otomatis kembali ke saldo dana giliran ke bantuan malah keteranganya suruh nunggu"" aja gimna min mau kasih rating tinggi tapi udah di dikecewain 2 kali 😭😭",2
"tolong kembalikan saldo dana saya, saya top up berhasil tapi tidak masuk di dana saya, gimana nih, mohon kerja sama nya ya",2
cepat,5
sangat membantu di segala pembayaran,5
Aplikasi Ewallet paling lelet lambat letoy di antara yang lainnya. keseringan ngebug ! nyuruh hapus cache? periksa sinyal internet? ah alasan.,1
Aplikasi Keren,5
memuaskan,4
bagus,5
kalo di bisa fitus dana instan nya dimunculkan di setiap akun,5
saya kasih bintang 5 ..kenapa dana cicil saya tidak tersedia padahal saya bayar nya sekali Gus semua nya..mau di pake lagi tidak tersedia !! makin lama makin buruk kaga jelas ..tolong di perbaikan,5
bagus,5
aman terkendali dmn aja bisa di gunakan,5
puas,5
sangat bagus,5
sangat membatu dan mudah buat transaksi terjamin aman D dana,5
sengaja biar di baca.. saya kasih 5* buat apa ada fitur dana cicil kalao gak bisa di gunakan.. payah,5
sangat membantu,5
puas,5
enak,5
duit urjen mau dipakai ditransfer ke rek. bank pribadi kok trouble....hadeh lah,1
baik,5
baru download mudah²han bagus aplikasi nya,5
bagus cepat tanpa ribet,5
"Kepada yang terhormat pihak aplikasi dana, saya mau minta tolong ,fitur dana cicil saya sudah muncul tetapi saya bingung dana cicilnya msh blm bisa kebuka dan blm bisa lihat limith nya tolong bantuannya agar transaksi saya bisa di pemudahkan trmksh.",5
sangat memuaskan,4
sangat bagus🔥,5
"Tolong untuk Dana Bisnis fiturnya di perbanyak lagi ya min, biar tambah semangat dagangnya aku ☺",4
"Tolong untuk penghapusan akun dipermudah seperti aplikasi lain untuk menghapus akun tersedia diaplikasi tanpa harus melalui play store jujur ribet banget ujung"" nya gagal disuruh ulangi lagi besok gitu aja terus sampe sekarang belum terhapus akun nya mohon untuk admin jangan dipersulit sediakan hapus akun nya langsung di aplikasi terimakasih",1
kenapa dana saya jadi gk bisa di ambil,1
dana sekarang error trs knp iy.. tak bisa menerima atau pun mengirim k dana atau pun k atm.. dana orng lain bisa knp dana ku selalu error,2
good,5
bagus,5
👍,5
dana iatimewa,5
mudah transaksinya..,5
mudah dan nyaman,5
mantep,5
ini kanapa dana saya ada gangguan apa gimana,5
uang suka hilang ga ada tangung jawab nya,1
sangat baik memuaskan,5
mantap,5
bagus bagat aman sagat aman,5
mantap dan terpercaya,5
"dengan dana kita kirim uang lebih cepat dan mudah,, makasih dana",5
mntap,5
apk apaan ini tolong di perbaiki selalu ada kesalahan melakukan transaksi selalu gagal dn eror pdhl udh di penuhi syarat nya tolong di perbaiki deh,1
sangat bagus dan sangat membantu,5
aplikasi ini sangat bagus untuk dompet digital,5
terpercaya pokoknya,5
bagus sekali aplikasinya,5
tolong aktifkan fitur dana cicil saya,5
bagus dana aplikasi mantul tapi tolong dana cicil saya biar bisa terhubung dong,5
aktifasi dana cicil,5
sangat membantu saya,5
sangat membantu,5
sangat puas,5
kenapa apk dana saya tidak ad dana cicil saya Uda bertahun tahun pakai dana,5
sangat bagus,5
mantaf kirim saldo gak pake lama,5
nice good,5
bagus,5
ok,4
"katanya 1x24jam kerja kenapa Ampe mau 3 hari akunku masih muncul ""transaksimu gagal chat Diana dari menu saya' asli pusing bgt udh hampir 3hari",1
dana cicil tidak bisa di gunakan,5
bagus,5
tolong kasih saya Dana cicil dong Diana,5
kurang bagus dana cicil aku engk bisa di pakai lagi,3
apk yg sangat keren,5
tapi sayang dana cicil aktivasi gagal terusss udh 4 bulan blom pernah nyobak dana cicil saya,5
saya sering transaksi melalui akun dana tpi Dana cicil gak muncul².,3
bagus,5
"hati"" buat kalian yang sering investasi di aplikasi dana.. jangan sampai dana kalian hilang cuma""👎👎",1
limit dana cicil ada tapi tidak bisa di gunakan,1
oke mantap simpel dan cepat semua firutnya bagus sih,5
mantap,5
bagus banget,5
bagus,5
bagus,5
yes..saya sudah hapus data saya secara permanen..bye ...,1
biar tetep aman dan amanah,5
bagus,5
sangat baik dan memuaskan,5
DANA MEMANG KEREN SANGAT MEMBANTU ⭐⭐⭐⭐⭐⭐⭐⭐⭐⭐⭐⭐⭐⭐⭐⭐,5
sngat membantu untuk bertransaksi lebih cepat,5
sangat membantu,4
melakukan transaksik sendiri bahaya,1
Bagus,5
"Dari banyaknya Dompet digital, Cuma DANA yang Tebaik Dari Semua Dompet digital 💯👈❤️",5
mantap,5
ok,5
sangat bagus,5
mantap cukup mrmbantu,5
tolong aktifkan fitur dana cicil saya,5
oke mamtap,5
mantap,5
apk penyimpanan uang paling simple dan aman,5
Puas,5
"tolong lah fitur pembayaran nya jangan otomatis lah, saldo saya habis ilang sia ke apk gak jelas kalo mau bayar tunggu konfirmasi dulu lah",1
baik,5
kenapa jaringan terlalu sibuk,5
sejauh ini apk dana ini sangat bagus untuk di unistal..mau log in ulang malah di tangguhkan,5
begitu bagus,5
tolong dana cicil saya di aktifkan,5
"setelah pelunasan DANA CICIL GA BISA LAGI DI GUNAKAN ,kalau tau mending ga usah di lunasi wkwk!!",1
Jaringan bermasalah. Pdhl jaringan ok,1
sangat membantu,5
okh,5
"nice,tapi fitur dana cicil saya tidak ada",5
mantap,5
bgus,5
biar di baca aplikasi cuma nampilkan fitur dana cicil kalau ada maunya sja developer.. paling cuma dalam antrian.. nanti juga ilang lagi fiturnya cuma spam doang.. developer kurang iq nya..,5
bagus skli,5
apk sangat membantu saya melakukan transaksi .,5
salah satu aplikasi yg makin lama makin tdk bagus semua fitur² tdk berguna ada fitu2 yg berguna tpi tdk bisa di gunakan kan aneh,3
Dana memang Top,5
sangat baik,5
bagus sangat bermanfaat.,5
saldo tida bisa di transfer tidak muncul masukan pin malah di bilang gagal transaksi udh berkali-kali bahkan sudh DM admin sudh di buat laporan 3 kali tida tida ada kelanjutannya gimna mau percaya sama dana saya minta kejelasanya,1
sangat bagus,1
bagus,5
good🫰👈,5
dana cicilnya kenapa sudah tidak berlaku lagi min di akunku,3
sekarang banyak gangguan Ga kaya dulu...tolong perbaiki,1
"tiba"" uang ku hilang gini awalnya 50 tiba"" tingl 37gimana coba",2
sangat membantu dalam transaksi,5
"makin gak nyaman pake dana,sumpah bisa ada cicilan,aneh,padahal gak pernah pake cicilan,tlong lah di perbaiki",1
sangat sering menggunakan dana tapi kok dana cicil saya gabisa di gunakan yaa,5
🎉💯,5
mantap,5
⭐⭐⭐⭐⭐,5
cepat,5
"bisa bantu apa kendala saya dana cicil saya muncul TPI belom bisa di gunakan ,?",5
habis update malah tidak bisa masuk lagi padahal pin sudah benar tapi tertulis notif ada kesalahan....,1
sangat baik terima kasih,5
belum tersedia dana cicilan,5
"baru beberapa kali bayar listrik via dana cicil,udah naik aja harganya,lalu pas mau bayar dana cicilnya dikenakan lagi biaya penanganan 1500 rupiah..ckckck...kemudian transfer dari bank CIMB niaga ke dana biasanya gratis sekarang kena potongan 500, bayangkan kalu 1 juta orang transfer sehari, berapa dana untungnya 500 juta dari potongan ini saja.. padahal udah banyak aplikasi Lainn transFer antar bank/wallet digratiskan.",2
keren sangat membantu,5
sangat bagus dan membantu,5
sangat mudah,5
jlek masa sy kebobolan 488.000,2
tolong perbaiki lagi sistemnya udah 7 harian eror terus ini gimana admin,1
saldo terpotong sendiri ke tiktok coin recharge payah,2
pelayanan sangat bagus juga puasa pelayanannya,5
aku senang bisa menggunakan aplikasi dana pinjam,5
"makin lama makin lambat transaksi di dana, sistem nya sibuk terus, memperlambat proses transaksi aja",1
eror mulu,1
sangat baik,5
bagus sekali,5
Parah sih dana tmn yang transaksi nyh 500rb di kasih limit sedang aku udh mau 1jt blm di kasih parah,1
mntap,5
sangat bagus,5
"sudah di ganti nomor baru tapi TDK bisa masuk lagi , pas mau kasih info sama Diana nya malah cuma di putar bale saja bahasa nya ,, dana memang tidak bisa di percaya",3
"sayang sekali ,ini Dana cicil di akun saya msih dalam antrian kira kira brp lama ya untuk bisa di gunakan kak",3
Aktifkan fitur dana cicil saya,5
sangat bagus,5
Kenapa limit dana cicil ga tersedia lagi..pdahal bayar ga pernah telat,3
sangat puas banget,5
good,5
sangat membantu,5
mantaap,5
the best,5
apasi gabisa login jaringan bermasalah terus,1
"buruk banget app anda?,ini pake wifi biznet speed 100mb loh,kok bisa2ny gagal terus?,mau belanja game di steam aja dipersulit amat,to the point uda!,bertele2 amat mirip cina daratan ama jepang serba test melulu,sok canggih akhirny byk bug milik tiktok cina daratan x tokopedia jd kacau",1
"aplikasi dana skrng bisa di reta, saya aja hari ini di jam 11.00WIB tiba tiba melakukan transaksi sebesar 300rb padahal saya tidak melakukan nya, di mohon untuk keamanannya lebih di perhatikan laki dan kejadian ini bukan sekali dua.",2
terimkasih,5
banyak bug,5
mantap betul,5
bagus,5
xaman di pakai,5
aplikasi dana sangat membantu,5
mantap,5
knpa dana Laen kirim ke dana ini knpa GK masuk ya,1
masa ganti nomor malah ga preminum. upgrad gagal terus heran sampah..,1
terbaik👍💯,5
mantap,4
baik,5
"Kualitas apk dana menurun. 1.lama terbuka. 2. Terlalu sering macet di kata sandi awal 3. Saat akan kirim mencet nama susah. 4. Terlalu sering lost koneksi 5. Terlalu bagus tampilan apk malah memperburuk kualitas apk dana. *Tambahan Apk sering eror di bagian scan, dan serir eror dibagian saldo,",1
terbaik,5
Sangat bagus,5
cobak di perbaikin dulu DANA CICIL nya kadang bisa kadang gak,2
aman sllu yah,4
ada masalah dana saya,1
pengiriman di proses tertunda 24 jam udah pernah kebobolan 1jt bener2 aplikasi buruk tidak bisa diandalkan,1
Drama pendeknya luar biasa bagus untuk ditonton.,5
min kenapa dana saya stuck saat login kembali ke akun dana,5
sangat suka,5
"dana cicil ga berhasil""",4
ok,5
apk asu,1
dana cicil saya tidak bisa di gunakan mohon bantuannya admin,5
dana gx jelas klw lgi eror gx bisa transaksi,5
"tidak punya tagihan .sistem pengaturan sudah benar,pembayaran sebelum jatuh tempo sudah lunas ketika mau di gunakan dana cicil nya masih tidak bisa d gunakan",3
bagus,5
nice,5
"terima kasih sudah mendengarkan keluhan saya, kedepannya lebih bagus lagi yah, sayang dana. 💕👍",5
mantap,5
sangat bagus,5
"pada tgl 9 Agustus 2026 jam 12:13, saldo dana saya terpotong otomatis oleh tiktok coin recharge, tanpa konfirmasi saya dan transaksi ini saya tidak mengetahui nya, total saldo saya yg terpotong 1.799.951. dgn transaksi ini saya merasa dirugikan, dan pihak aplikasi (dana) tdk mau bertanggungjawab. dlm hal ini saya sampaikan bahwa aplikasi ini tidak bisa menjamin keamanan saldo. berarti aplikasi ini tdk layak untuk fi gunakan",1
Sangat membantu,5
good,5
"punya dana cicil tapi tak bisa digunakan, giliran angsuran selalu di ingatkan,,",1
semoga cepet kebuka fiturdana cicil ya,5
dana cicil dong,5
bagus,5
harusnya ferivikasih wajah pemilik jadi pengesahan terakhir jadi kalau ada kejadian sprt yg ak alami. pemilik masih sempat memblokir aqun dana jgn sampai digunakan sama pencuri. dan juga sandi yg pernah digunakan kenapa keluar terus kalau mau transaksi. memudahkan bgt buat pencuri biarpun Ndak tau sandinya. malah dikasih tau sandinya... ampun tertawa saya dalam kesedihanku .,1
sangat bgus,5
anehh,5
"Teruntuk admin dana yang terhormat, mohon maaf ya jika public speaking saya kurang bagus, di sini saya hanya ingin mengajukan pertanyaan kenapa saya tidak bisa verifikasi wajah ya? padahal baru sehari yang lalu saya masih bisa bisa aja verifikasi wajah,nah akhirnya saya download ulang masih sama aja berkali kali jadinya ngabisin kuota saya doang, sayang banget kalau uang di dana saya hangus tolong banget ya admin itu fitur verifikasi wajahnya di perbaiki semoga di bales, terimakasih🙏🏻",1
masih belum bisa dipakai daan cicilnya hemm,4
mantap,5
sip lah,5
bagus,5
goodluck,5
makin ga jelas ni aplikasi. gangguan terus.,1
good,5
ok,2
kalo bertanya selalu saja tidak memberikan jawaban yang puas sangat jelek banget pelayanan nya tolong berikan pelayanan sebagai mana mestinya bagi penguna,1
Sangat membantu,5
aplikasi krenn dan aman 👍👍👍👍,5
Oke banget,5
mantap,5
"dana cicil tidak sesuai padahal kita bayar selalu sebelum jatuh tempo tapi selalu di bekukan 60 hari baru bisa di gunakan lagi, biasa nya kalau kita tepat waktu selalu bisa di gunakan lagi",5
"kecewa sama dana, padahal saya tidak pernah menggunakan fitur dana cicil, tapi tiba² di akun saya udah ada dana cicil yang belum dibayar, otomatis saya kaget dong padahal saya ga pernah transaksi pakai dana selama 1 bulan lebih!!!",1
ok,5
"buat fitur dan keamanan memang terbaik, tapi kenapa untuk fitur top up games itu tidak langsung dari aplikasi dana saja. untuk device yang sering penuh dan lemot itu mengganggu. semoga kedepannya tidak terpisah pisah, sekian terima kasih.",4
terimakasih semoga dpat dana cicil,5
"update dulu lah yang penting"" benerin dulu sistem nya muak kali aku mau tf ada aja gangguan nya kaya ""Yah, banyak orang yang lagi bertransaksi, coba lagi dalam beberapa menit ya"" aku sudah menunggumu beberapa jam masih aja ga bisa apa si benerin dulu lah",3
bagus,5
ok,5
mantap,5
mantap betull,5
"ketika saya memasukan nomer hp , tiba tiba keluar sendiri, ketika balik lagi tetep sama di suruh memasukkan nomer hp , padahal sebelumnya saya sudah memasukan nomer hp saya .",1
"bina**ng,pas update di suruh ganti nmor baru pas diikuti saldo di nmor awal ga ikuttt😭uangku 500 ribu kembalikan wahai aplikasi penipu",1
dana memang yang terbaik dan dapat di percaya,5
sangat bagus,5
ok,5
tiba tiba transfer sendiri kena tipu gua reaksi adminya kocak gak ada tanggapan apa apa,1
dana ku engga bisa di buka dia bilang sistem lagi sibuk,1
banyak nipu nya katanya non stop tapii gampang habis,1
ini dana gimana makin kesini ko akun saya kena bobol terus udah 3 kali kacau bet mana 400k lagih. banyak ganguan juga. tunggu besok tunggu besok udah 3 hari ini belum bisa juga,4
udah mulai banyak tingkah,2
bagus,5
mentransfer ke bank...di dana sdh berhasil di bank tersebut blm ada masuk......kenapa itu yaaa jaringan aman udh update juga....giliran laporkan malah di suruh konfirmasi kebank....udh di bank kita malah di kasih tau kita hanya penerima....jadi solusi nya dimna di dana nyuruh konfirmasi ke bank sedang kan di bank hanya bilang kita hanya sebagai penerima klw memang udh masuk pasti ada......tolong dong apk nya kenapa begini saran hapus aja banyak penipu di apk ini,1
dana nggk aman ada yg ngebobol jg gk d tanggapi,1
saya suka dompet digital ini,5
apk busuk akun tiba-tiba kena suspend kalo baperan gausa buat apk,1
jelek,1
transfer bank jam segini kok susah amat,2
dana eror,2
hapus aja pemindaiyan wajah bikin repot saja,1
bagus,5
saya kewa sekali karna sampai saat ini belum juga upgrade dana cicil saya jdi bintang 1 sja dulu,1
SIMPLE MUDAH CEPAT DAN TERPERCAYA👍,5
praktis,5
setiap transaksi tdk pernh gangguan. langsung masuk..,5
propesional 👍👍,5
nice,5
dana palng dbest,5
mantap,5
"tolong develofer,kenapa di akun dana saya koneksi tidak stabil atau internet off..padahal data sudah on dan paket data saya masih banyak..kenapa saldo saya tidak masuk-masuk ?",1
sangat bermanfaat tapi hanya saja dana cicil nya gak bisa di pake buat kebutuhan mendesak,5
tidak bisa komplain,4
dengan aplikasi dana transaksi apapun jadi lebih mudah ditambah adanya dana cicil itu sangat membantu masyarakat pengguna DANA,5
terbaik,5
"itu saldo saya ga bisa digunakan paham gak sihh, gua isi saldo malah gak bisa digunakan, dongokk amattt",1
mantap,5
puas bngt pakek nya,5
cukup berguna Mau apapun,5
baik,5
mantap,4
bagus,5
👍bagus,4
bagus,5
good job thnk you,5
app yah bagus dan terpecaya,5
lama bgt harus 90 Hari,1
mantap,5
bagus,5
bagus kli ni apk,4
mantap,5
sangat baik,5
saya pakek dana sering ganguan kenapa ya..,5
mantap,5
mantap sekali,5
bagussss,5
sangat membantu dan pelayanan cepat,5
muantap tapi kaya sebelah dong ada bunga,5
good job,5
baik,5
sangat baik,5
"sering eror akhir"" ini , giliran butuh duit dadakan malah ada aja eror topup saldo kaga masuk lah dll",1
mantap,5
bagus,5
"apa apaan ini mau transfer ga bisa banyak bug, relog malah ada masalah jaringan pake qris malah jaringan sibuk, tolong di perbaiki segera! ganggu banget mau bayar ini itu ga bisa",2
the beast👍🏻👍🏻👍🏻,5
Top up sesama dana masa saldonya tidak masuk,1
sangat bagus,5
ga ada saldonyA,1
baik,4
Love,5
sangat bagus,5
knp dana cicil syaa blom bisa di pakai,5
bagus banget bisa transfer kemana aja,5
baik,5
sangat baik .terima kasih dana,5
dana cicil dalam antrian terus ngak jelas,5
lumayan,5
saya puas dengan aplikasi dana,5
the best slalu 👆👍👍👍👍,5
nice,5
cepat,5
fitur nya makin bagus tapi fitur top up game seperti mobile legend sama free fire gak ada.tolong di Adain lagi seperti dulu,5
mantap,5
sumpah ni aplikasi suka nyedot dana tanpa alasan yang jelas udah gitu tanpa verifikasi pin atau apa saya baru aja ke sedot 37k di dana padahal saya tidak msndaftar aplikasi apapun menggunakan nomer yang berada di dana tolong tingkatkan lagi soal keamanan nya!!!,1
apalah aplikasi jelek dana saya sering bug gak bisa tf kami harap dari dana ada tanggapan,1
bagus,5
"Dana adalah aplikasi yang sangat bagus, potongannya juga murah 🙏",4
serba guna dana,5
tidak bisa transaksi qr eror,1
ampun skrng2 ini buat transaksi suka eror trs bikin kesal bner,3
memuaskan,5
sangat menyenangkan dan bikin nyaman d apk dana,5
siiip,5
terbaik,5
tolong bantu masuk dana cicil,5
sangat membantu,5
baik skli,5
aku lupa pin gww gimana dongg???,5
"Alhamdulillah sudah naik 50rb pdhl pengguna lama,sedangkan temen baru download aja dah dapet 500rb",1
bagus banget,5
"ini aplikasi parah,baru ditransfer tuh saldo,trs gak ada transaksi apa apa, masa tiba tiba saldo nya ilang kan gjls,minta bantuan disuruh nunggu 3hari alasenya Clasik banget tll aplikasi GK guna",1
dana cicil,5
klo dpet saldo grtis sabi kli yaaah,5
Cepat mudah serta aman,5
aplikasi tol** duit kaga di apa apain tiba tiba masuk ke Roblox beg*,1
maaf kak saya udh beberapa kali pin saya lupa ada yang masuk..terus Saya di suruh verifikasi wajah..malah gak bisa ..ini dana pempersulit masalah jadi bermasalah..ini akun saya ..kenapa gak bisa verifikasi wajah...uang gw hilang di dana ...saya sudah menghubungi tapi jawaban sama aja ...,1
sangat baik dan membantu tolong di perketat lagi untuk pengamanan nya,5
"tolong perbaiki dana nya , saya tidak bisa masuk dana saya karena kendala keamanan , padahal saya keamanan super ketat 🙏🏻",1
oke,5
aplikasi terbaik,5
"😵‍💫😮‍💨semakin kesini semakin tak karuan, TERLALU banyak syarat yg harus dipenuhi hanya untuk menggunakan vocher 2-10k, juga SANGAT sering tidak bisa digunakan vochernya meski sudah memenuhi/mengikuti syarat²nya.😮‍💨 dan sering error saat melakukan transaksi ""terlalu banyak orang yg bertransaksi, silahkan coba lagi nanti"".. link pengaduannya juga TIDAK berguna., sungguh mengecewakan.",2
sangat berguna sekali,5
sangat mudah digunakan dalam bertransaksi,5
bagus,5
bagus,5
"makin kesini makin bahaya nyimpan uang di apk dana ini.makin parah duit ilang terus,ilang pun mending kalo jelas bekas transaksi pengambilan nya.ini uang ilang tapi gak jelas tiba tiba gak ada saldo sama sekali.apa di makan develofer nya di ambil soal nya gak ada bekas nya",5
kenapa game funzap di dana di hilangkan? minigames nya pun sudah tidak ada,1
"woiii dana ,kenapa funzap di ilangin sama kera sakti jumbo??? cape cape gua sama yg lain nya grinding tuh game etdahh.. tolong balikin lagi itu funzap di dana!!! kalo ga kembali lagi ini bintang 🌟 gaakan saya hapus",1
akun dana ribet. knapa saya tidak bisa masuk akun saya . padahal sudah dana premium dan di dalam ya ada saldo ya 1 jt,2
kenapa gk bisa mendaftar kan dana,5
sangat membantu,5
mudah dan aman,5
mantap,5
"banyak gangguan giliran mau bayar jaringan bermasalah atau sedang banyak transaksi , mana uang di dana semua , barang udah ditangan giliran bayar Susah.",1
buruk sekali,3
knp tiba tiba GK bisa login akun dana padahal udh premium pke masih ada saldo yah,1
dana josjisi,5
mantap,5
mantap aplikask Dana nya,5
ok,5
ok juga,5
enak bgt bisa to ap,5
cukup membantu untuk bertransakai,5
sanggat memuaskan,5
menurut saya aplikasi dana sekarang makin hari gak jelas,2
luar biasa,5
sangat membantu... tetapi dana instan saya kenapa tidak muncul...,5
mantul,5
sangat membantu,5
ka kok akhir akhir ini dana error ya ka gabisa login ke akun dana saya padahal pin nya suda benar ka tolong di perbaiki lagi ka,1
bagus buat simpan dana,5
baik,5
gajelad sumpah mau tf gak bisa malah login ulang terus mau masukin pink gak bisa gimana ini aduh.,1
super mantap thanks,5
"aplikasi kocak sih ini, ngasih fitur dana cicil tpi nggk bisa di gunain sma skali buat transaksi apapun. scam nggk bermanfaat, lawak.",1
bagus,5
mbois,5
bagus dan aman,5
bagus,5
dana sekarang banyak kendala nya. banyak maintenen nya,3
lupa pin dana min gimana caranya biar bisa ganti pin tolong di proses min biar bisa dipakai,2
sangat membantu transaksi,5
aplikasi sangat bagus dan berguna untuk transaksi,5
Mantap,5
"uang aku di ambil sama penipu, uang aku juga gak bisa ke ambil lagi padahal udah ada bukti kalo aku di tipu. dana bener bener gak bisa kalo masalah penipuan gitu, harus kitanya sendiri yang lapor kepolisian",1
"Dana bisnis,mencuri uang saya,kronologi saya refund dana ke pelanggan uang tidak masuk di pelanggan,dari tanggal 27 mei sampai hari ini tidak masuk,ini penipuan hati hati untuk semua pengguna",5
saya menerima kiriman dana dr pengguna lain.hingga saat ini ngk masuk padahal sudah berhasil.2x transaksi ngk bisa masuk.sudah chat diana dll.hasilnya nihilllll.di cuekinn!,1
"memudahkan untuk bertransaksi dimanapun, dan tdk lgi khawatir bila mau kmna2 tdk bawa uang kes",4
jos,5
"banyak digunakan penipuan uang / saldo tiba2 tidak ada hilang,dan itu tidak bisa kembali.saya melaporkan mulai tgl 5 agustus sampai sekarang hasilnya 0.pihak dana sangan payah.👎",1
mohon penjelasan kenapa mini games sudah tidak ada lagi di aplikasi dana?,1
"sudah terlalu sering eror ini dana, padahal udah 6 tahun pake aplikasi ini baru sekarang eror terus.",1
sangat bisa di percanya,5
"akhir akhir ini terkadang apa bila melakukan top up masuk nya suka lama padahal biasa nya cepat, sudah mengikuti arahan CS tapi tetep aja lama masuk nya",1
mantap,5
dana proses transfernya lebih cepat sekarang. . good👍🏻,5
dan sangat membantu saya,5
sangat bagus,5
ok,5
kenapa hari ini saya ga bisa buka aplikasi dana saya ya ga bisa masuk sering erorr tolong di perbaiki lagi dong admin untuk layanan y,3
"baru kali ini kasih bintang satu ke aplikasi,katanya buat makin canggih,ini malah buat makin pusing, saldo masih banyak,batas pembayaran belum mencapai maksimal,eh malah engga bisa di buat top up atau beli barang di game yang kita mainin,ini gimana sih!!",1
good app,5
Apk 👍 Bisa Mmbantu👍,1
"setiap beli paketan tapi percobaan selalu gagal. padahal udah banyar tapi paketan ttep gamasuk' sudah 3 kali kena beginian ada kali 38rb uang angus, meskipun uang gaseberapa tapi itu berharga.!",1
"apk sering error gak karuan ,pas lg perlu2 nya",2
"APAAN INI WOI? verifikasi dana prem gbs pke apapun gtau knp, selalu gagal pdhl udh bener caranya sama ky petunjuk, ni maunya apasi?",1
GOOD & FERY GOODS,5
baik,5
Ok,5
bagus,4
MB/GB terlalu tinggi ini bukan nya protes ya,5
mantap,5
"hey masdan kenapa tagihan dana cicil ku tiba2 naik,pdhl awalnya cmn 16000 Sekarang 18000 sekian. saya mau tau aja kenapaa kok bisa gitu?",2
aplikasi gak jelas,1
sangat membantu,4
ini knp min saya gk bisa upgrade dana premium percuma kalau saya punya banyak saldo dana tapi gk bisa buat ngirim uang ke keluarga saya.,5
tapi gak pernah kasih hadiah ke member.dah gitu pinjaman tunai gak di acc acc,5
bagus,5
"maaf kasih rating satu sebab makin kesini makin gak jelas fitur"" yang di keluarkan dan kenapa setiap malam gak bisa transaksi dan kenapa kalau mau login tuh suka ada bacaan jaringan jelek lah pemeliharaan lah aduhh dana sekarang bahkan orang yang punya dana nya saja tidak bisa mengakses akun nya lagi , maaf kalau kelamaan"" apa dana juga akan menutup semua akun yang memiliki saldo banyak di akun nya?",1
dana begok apa gimana si...baru pelunasan dana cicil..sekarang mau di oake lag malah tidak tersedia,1
ok.,5
"aplikasinya burik,uang saya udh dua kali ilang,baru dikirim mlm tapi sore besok mau ambil udh berkurang, padahal saya GK berlangganan sama apk ap pun ,GK di sarankan pake apk ini",1
eror,3
"makin kesini makin sering gangguan,soal keuangan kadang ada keadaan urgent yg benar² bayar ditempat.kalau sudah bagus kembali saya naikan kembali",3
sangat bagus,4
dana cicil saya butuh,5
mntap,5
bagus,5
eror mulu,2
baik,5
pay letter nggak ada cicilan nggak ada,1
"mantep min, sering"" adain event dana point⭐⭐⭐⭐🫰😁",5
baik,5
"gak jelas sudah berapa tahun saya pakai ini aplikasi, tapi gak ada menu dana cicil,padahal sering di pakai buat transaksi belanja",1
sangat membantu,4
"Emm,dana cicil saya kenapa masih dalam tahap antrian ☺️",1
bagus,5
apk dana ini bagus kalian wajib coba,5
Nyaman memudah kan membawa uang kemana kemana dan yg hanya hp digital saja modalnya dan aman dengan kode sandi yg kuat oke blh lah ni,5
akun aku masa ada 100rp tapi ga bisa di apa apa malah kadang kadang keluar dari aplikasi lagi benerin dong ini aplikasi,1
"baik, bagus",5
blm ada dana cicilnya ya,5
bagus untuk pembayaran atau penarikan..,5
ga pernah muncul fitur dana cicil Padahal sering transaksi puluhan juta,5
lumayan,3
lancar terus,5
"limit banyak orang transaksi banyakin biar g nyusahin orang mau bayar, karna tertunda gara"" banyak yang bertransaksi",1
👌,4
sangat bermanfaat. walau kadang aplikasi berat.,5
mantap,5
good,5
Hati hati kalian yang menyimpan uang diDana.Kita tidak merasa atau berlangganan apk apapun tanpa pemberitahuan/email terlampir dan konfirmasi lagi tentang tranfer ke apk lain/terpotong sendiri.keamanan sangat kurang polll. tidak hanya 1 2 orang saja yang seperti ini.saya menyampaikan keresahan orang lain juga,1
oke,5
aplikasinya bagus dan juga aman buat menyimpan uang/saldo kita,5
keren sangat membantu,5
kok gk ada lagi. buat top up game nya / voucher game?,3
ok,5
"dana darurat ga bisa di gunakan padahal udah di bayar lunas semua tagihan macet,gak memberikan jalan keluar dengan apk begini",1
bagus....,5
ok,5
Hidup Jadi Lebih Midah,5
Dana memang bisa membantu,5
mantap,5
baik,5
top,5
sangat bagus dan membantu untuk melakukan transaksi saya suka,5
gk jelas,1
ok lah aplikasi dana ini membantu,5
baik,5
sangat membantu untuk mempernudah transaksi,5
mantap,5
susah ngirim uang,1
mantap banget ini dana sangat membantu,5
aplikasi dana yang bagus sangat membantu,5
ok,5
"sering gagal transaksi krn aplikasi sedang banyak dipakai, sangat membuang waktu",2
sangat bagus,5
dana ini sangat-sangat di butuhkan sama banyak manusia,5
"kok pake koneksi wifi sekarang susah konek yah,,error mulu,kudu pake data seluler baru bisa,tolong tim IT nya diperbaiki dong !",1
aplikasinya bagus banget buat transfer uang semoga begini terus dan semoga uang aman terus,5
"udah lah sering terpotong sendiri, hobi server ngelag, pertama enak make dana skarang banyak ngelag servernya",1
jangan gunakan kode OTP hp dicuri orang berikut kartunya,1
apk jelek yang sering hilang dah itu udah ada 100% uang kembali itu kgaka kembali²,1
pakai dana lebih mempermudah semua transaksi.gampang dan cepat,5
baik sekali,5
sangat mudah ❤️,5
sangat puas,4
gacor,5
"is very good, i like it",5
lumayan,4
aplikasi dana sekarang eror saat di buka ada kendala terus.. padahal di acoun nya masih ada saldonya... gimana ini,1
sudah hampir seminggu parah...tiap transaksi gagal terus alasannya banyak yg sedang bertransaksi terus bikin ribet semenjak update,5
sangat bagus sekali,5
ok,5
ok,3
mantap,5
wei kenapa akhir2 ini ganguan trus,1
Terima Kasih,5
bagus,5
saya rasa aplikasi ini sangat buruk karna ...bisa di bobol oleh orang yg tak bertanggung jawab,2
lumayan bagus,5
bagus,5
"sudah bertahun-tahun menggunakan aplikasi dana, dn ber transaksi di dana, namun hingga saat ini, saya belum bisa menikmati pelayanan dana cicil",2
sangat memudahkan,5
jangan download kalo gamau saldo lu di maling sama dana,1
Saya tidak bisa masuk ke aplikasi,1
mantapppp,5
"tolong di perbaiki lagi fitur nya, saya mau bayar dana cicil namun tdak bisa masuk ke bagian fitur dana cicil, tagihan saya sudah mau jatuh tempo, tolong segera di perbaiki, dikarenakan nanti saya yang rugi karna gabisa bayar cicilan dana cicil",1
bagus,3
sangat bagus sekali,5
"""yahh banyak orang sedang bertransaksi, coba lagi beberapa menit"" peduli apa njir gw lagi buru-buru!!!",1
sa ya mau tanya dana cicil saya dlu gak ada Sekang ada TPI gak bisa di gunakan pemberitahuan KAMU TERCATAT DALAM ANTRIAN Fitur ini di buka bertahap dan kami akan kabarin saat sudah tersedia trus bertransaksi agar peluang mu makin besar. setiap hari saya bertransaksi bulan Agustus blm hbis suda 2 juta,5
aplikasi tolol,1
Bagus,5
mntappp,5
di update bukanya bagus malah jadi lemot.,2
"ada apa sama fitur dana instant, saya ga pernah telat, mau tarik dana ga bisa, selalu ngmgnya kendala, bilang aja klo udh ga ksh, jgn kendala trus beritanya, cm mau dapetin bunga pinjaman? habis itu sudah, kaya kekurangan duit aja, cm ambil bunga segitu doank, kaya main2",2
bagus banget sama dana ini,4
kenapa saya tidak bisa jual emas di emas?,1
"pin sudah betul dan wallet milik sendiri saat dibuka, demi keamanan anda gak bisa masuk, makin amemblunder dana, ntar keluar notifikasi via wa, masukan sandi terus uang hilang terus dibilang penipuan wa, siapa yg wa kok tau dana lagi blunder, ya orang pekerja dana sendiri...gak jelas",1
"bagus deh, penggunaanya sangat mudah dan praktis.",4
mantap,5
isi saldo ga masuk2 padahal transaksi berhasil hati2 sama aplikasi ini,1
"saya baru melakukan top up melalui aplikasi my bca sebesar Rp.500.000 dan sukses tapi kenapa di aplikasi dana nya saldo nya belum masuk,sudah di hubungi butuh waktu 3 hari sedangkan saya butuh nya sekarang",2
very good,5
sering error alhir akhir ini. bikin susah.,3
bagus,5
banyak gangguan,1
gagal daftar premium,3
membantu,5
berguna,5
mantap,5
sangat membantu,5
gapapa,5
bagus sekali,5
"cepat dan mudah di gunakan, cuman banyak",4
bagus,5
sangat baik,5
mantap,4
"aplikasi apaan, banget server nya cepet penuh, ngeselin gausah pada download, buang aja😹",1
oke,5
mantap,5
bagus tp sering lemot,5
mudah dan sangat membantu. klu bisa ada program pinjaman dana bantu dg bunga yang kecil,5
okh banget👍👍,5
bagus sekali,5
bagus banget tapi dana cicil sudah ada tapi blm bisa dipake,5
"sampai saat ini,transaksi melalui dana masih mantap dan ok,semakin ditingkatkan ok",4
ok,5
"dana cicil saya tidak bisa di gunakan,tolong bantuannya,supaya bisa kembali di gunakan",5
kendala mulu,1
good,4
bagus,5
bagus,5
"dana cicil tidak tersedia/tidak dapat di gunakan, padahal ga ada Cicilan pake di bawah limit kok ga bisa gimana solusinya.",5
suka pakai dana,5
sangat bagus,5
baik,5
praktis mudah bebas admin,5
gud app,5
baik,5
"dompet digital ini sangat praktis dan mudah untuk di pakai, mantap banget 👍🏻👍🏻👍🏻",5
terima kasih,5
mantap,5
terbaik,5
KALO TARIK TUNAI KODE ANGUS SALDO GAK LANGSUNG BALIK MALAH DI TAHAN DULU ORNG LAGI URGENT JADI SUSAH GARA GARA SALDO DI TAHAN,2
Saya ingin menghapus akun dana ini,1
dana cicil tidak bisa di gunakan,3
goodjoob,4
saya sangat nyaman ada aplikasi dana ini,5
saya sangat puas dengan ada aplikasi dana,5
mudah untuk bertransaksi,5
bagus,4
kenapa saya tidak bisa transfer,5
sangat baik,5
"ini kenapa gak bisa login ke aplikasi dana, katanya masalah keamanan dan jaringan,padahal jaringan aman2 aja",1
terbaik,5
bagus banget,5
kak tolong perbaiki dana soalnya dana ki gk bisa di loginin,5
bagus,5
mantafff,5
"pembayaran menjadi simpel dan mudah,sy kasih 5 bintang",5
bagus meski ya begitulah,4
kenapa akun Saya dibekukan dan sudah berulang kali saya logout dan verifikasi ulang tetap saja.chat admin ngk guna sama sekali,1
"Mantap, mudah dan fleksibel..",5
"Aplikasi Penyimpan Uang paling Aman Aku kasi 5 Bintang, Syukur Bintangnya Hanya 5 kalo seribu Aku kasi seribu bintang tapi Bo,oongggg wkwkwk",5
mantap,5
Karena tidak bisa top up game,2
good,4
"dana cicil saya tiba2 tidak bisa di gunakan,mohon diperbaiki",2
-1 refund sistem😥,1
apk bagus aman tapi sering banyak bug mohon di perbaiki masalah bug qris nya,5
kenapa sekarang lebih sering gangguan ya min,3
"baguss,,semoga bagus selalu",5
"katanya gratis 10x tf, baru pertama dah kena admin... kalo gratis baru tk kasih bintang 5",3
😘,5
"Good, mudah digunakan, saldo aman",5
membantu ibu2 yg gk punya rekening bank... bisa tarik cash d alfa tanpa potongan. membnatu bgt,5
bagus cepat tepat,5
"Sudah bagus, tingkatkan lagi supaya jadi lebih baik lagi",5
kok fitur qris disaya gak ada tambahkan dari galeri,5
★★★★★,5
baik dan terpercaya,3
Transaksi mudah. Aplikasi bagus,5
sangat bermanfaat,5
aplikasi yang sangat bagus memberi kemudahan ke juta'an manusia,5
"bintang 1 dlu,tadi pagi uang saya hilang didana,padahal saya tidak melakukan transaksi",1
dana cicil sya tdk bisa d gunakan sdah 6bln .pernak nunggak 2mingg,2
"tidak bisa login, sudah hapus cacahe sudah instal ulang sudah matikan hp hanya bisa masukan nomo dana baru saja, butuh bantuan di klik tulisan sedang perbaikan",2
lumayan lah buat jualan atau membeli Kouta dan pulsa,5
aplikasi kebayakan gangguan,1
"ewallet kagak jelas, ga ada salah apa² tiba di blokir, kocakkkk ngadain event hasil dari pengguna yg di blokir, yang pengguna nya ga ada salah sama sekali",1
"beli kuota dari tgl 11 sampe sekarang belum masuk "" sedang proses saja..",1
terima kasih senyum,5
"SAYA TIDAK BISA TRANSAKSI , SELALU GAGAL",1
"sering di potong pembayaran gogle, YouTube, plat pass, tanpa persetujuan kita, tanpa konfirmasi langsung potong, rugi kita",3
"sengaja kasi bintang 5 biar di liht komen saya , semalam saya transaksi kirim uang ke gopay tapi sampe sekrng masih di proses , saya hapus aja nih apk dana, makin lama makin gak jelas , uang sisa terakhir malah nyangkut",5
.jos banget,5
aplikasi dana sekarang agak susah.. jangan terlalu percaya y,1
Mantab,5
"kenapa saat kita masuk alasan disitu jaringan terus padahal jaringan baik"" aj",1
mantap,5
sangat membantu dalam transaksi keuangan,5
Mudah dan Simpel buat kirim Atau tarik tunai.,5
sukses,5
kenapa tidak bisa premium dan apgred.. ...kalau begini percuma memakai aplikasi ini.. jadi tolong di perbaiki dan segera konfirmasi... padahal saya punya sedikit tabungan...,1
bagus dan oke,5
"alhamdulilah uda kembali akun saya, dana mantap",5
tidak bisa login,1
resfek,3
bagus dan sangatembantu,5
sangat membantu dan mantap,5
mahsih semoga l berlipat ganda dan tidak ada yg kebobolan,5
sangat bermanfaat,5
bisa top up ff,5
mantap,5
Sgt membantu,5
siip,5
ko dana paylater nga muncul,4
aplikasi yg sangat bagus,5
layanannya Bagus 🙏🙏,5
mantap,5
akun sudah premium. di minta upgrade lagi foto KTP. foto selfi hasilnya sedang eror. tanya cs foto selfie tdk sesuai dengan KTP. itu foto KTP 8 th lalu njiirr.. pasti beda lah dengan sekarang. trus gue musti oplas gitu jd muda 8 th yg lalu.. ribet loe uninstall fix,1
ok,5
payah.gangguan mulu,1
sangat bgs,5
"apk nyaa bagusss, memudahkan dalam bertransaksi",5
sangat bagus,5
mantap,5
saya suka,5
gak ada dana cicilnya payah,3
Ok baik,5
"costumer care ga pernah ngasih solusi setiap kita ada keluhan,cukup kecewa lah dengan pelayanan pusat bantuan di aplikasi dana",1
mantap,5
tidak banyak menggunakan batrai,3
mantap serba mudah dg dana,5
5 bintang sangat berguna,5
bagus,3
bagus buat menabung dan bagus jg dipakai beli token listrik dan pulsa,5
sangat membantu,5
"Applikasi tertinggal , makanya banyak yg pindah tabungannya",1
"tolonglah kembalikan uang saya,,, saldo saya lenyap rp500.000,,, saya transfer dari dana ke rekening bank BSI, saya transfer rp500.000 tapi uang tidak masuk sama sekali ke bank BSI, tapi saldo saya tetap hilang 500.000 tolong kembalikan uang saya... makasih KK, uang sudah dikembalikan...",5
udah dipergunakan,5
Ini Dana kenapa lagi yah dari semalam gak bisa login Mulu aneh,1
bagus,5
udah di update malah gabisa login ke akun aneh kenapa dah kenapa nih min,5
gmn caraya mau masuk premium.soale dana udah d pakai orang lain,5
sangat membantu,5
kurang bagus,2
sangat baik sekali,5
gk jelas dana nya belik paket internet yang 65 GB masuk cuma 40 GB dah gitu bayarnya 160 rb,1
pakai Dana sangat memuaskan,5
ok,5
dimudahkan,5
terpercaya,5
ini kesekian kalinya ya gw Baru San trima transfer antar dana notifikasi masuk saldo muncul pas d cek ga nambah sama sekali dan di cek riwayat ga ada terima saldo masuk apa lah dana ini,1
"setelah diupdate malah crash aplikasinya,susah menghubungi CS nya uang ngendap",2
sangat sangat membantu,4
aplikasi nya tidak bisa untuk verifikasi wajah,1
lebih dijaga keamanannya,3
Sangat direkomendasikan buat transaksi ke teman teman anda....sangat membantu.. Terimakasih kepada DANA,5
saya kasih 3 dulu karna kn payleter saya tidak bisa digunakan.,3
bagus,5
dana gangguan,2
mau ganti nomor lama ke nomor baru saya sangat payah dan seolah olah seperti di persulit. tolong pihak dana lebih baik lagi dalam urusan pergantian nomor. dan tolong segera di bantu tindak lanjut terkait pergantian nomor di akun dana saya. terima kasih,2
Good,5
bantu login lagi lah ini error mulu,1
"aplikasinya sangat membantu masalah transaksi keuangan dan mudah digunakan, tapi klo bisa limit bulananya lebih besar lagi dong biar tmbah mantap.... trims...",5
kerenn,5
OK,5
terbaik,5
bermanfaat,5
bagus,5
"saya kecewa sama keamanan dana ini, kalo pake qris suka gak ada di tampilkan pin nha jadi orang pun suka bayar pake qris kita tanpa sepengetahuan kita, dan lagi yang lebih parah keamanan dana sekarang sudah amburdur, semua bisa masuk akses dana milik pribadi dan menarik semua saldo yang ada di aplikasi dana tersebut, keamanandan sudah tidak bagus lagi, saya sudah jera sampai 400rb uang saya hangus di aplikasi dana sampai sekarang gak tau kejelasannya",5
itu tolong masa masa nunggu antrian terus,5
"gimana ni kok responnya lambat bener beli saldo e tol gak masuk"" pengajuan pembatalan aja susah bener",1
gas spontan,4
pengiriman cepat 👌,5
sangat membentu,5
tolong aktifkan dana paylater,5
mantap,5
apk dana sangat luar biasa,5
memudahkan,5
mantap,5
"tolong admin ,fitur limit dana cicil Saya,smpai saat ini belum bisa di pakai",1
dana semua nya serba bisa..dan mudah transaksi nya,5
saya sangat puas menggunakan dana,5
apk nya bagus saya setiap kemana mana selalu bersama dana,5
ganteng,5
"bintang lima, aktifin dana instan yah",5
ok,5
bagus,5
tolong bisakan dana cicil saya saya sangat butuh,5
bagus,5
"kapan bisa simpan rekening BLU bank untuk pembayaran expres pay ,ko cuma allobank min",4
"dana makin hari makin jelek aja, qris sering ga bisa ,pindah gopay lanngsung oke",1
sabgat membantu untuk ber transaksi,5
bisa mendapatkan uang dan menyimpan uang 💸💸💸💸💰,5
1 ktp untuk 1 akun terlalu seharusnya bisa untuk beberapa akun.,4
semuanya lengkap dan baik namun mengapa harus di instal ulang sih itu saja,4
sngat membantu,5
bagus,5
"kenapa saya tidak bisa isi pulsa dan transaksi lainnya dan melihat aktivitas juga tidak bisa,,padahal saya sudah keluar dari aplikasi dan ganti sandi juga,,hapus aplikasi dana dan download ulang lagi tetapi saya tidak bisa masuk ke akun saya sendiri...",1
Pelayanannya cepat,5
mantap,5
kenapa fitur tarik saldo dan mengirim saldo tidak bisa di buka dan aplikasi ini sudah begitu buruk,1
mantap,5
luar biasa,5
"keren dan mantap, selalu terbaik, semangath🙏👏👏💪✌️",5
transaksi aman dan mudah,5
bagaimana cara bisa mendapatkan pinjaman di aplikasi Dana bosku,1
DANA CICIL,5
sangat membantu,5
"duit gua gak masuk, disedot nya 40k bah",1
ok enk TF enak nabungnya,5
bagus banget,5
dana cicil belum ada saldo ya di akun Saya,5
bagus,5
bagus,5
ntappp,5
mantap,4
yg bagus,5
terbaik,5
SITUS MAKIN LELET,2
sangat membantu,5
transaksi sangat mudah dan semoga amanah terus danaku lopyu,5
aplikasi paling suka gangguan,3
sangat baik,5
sangat membantu sekali,5
knapa dana cicil sya tdk bisa di gunakan lagi sda 3 bulan lebih,5
semua pembayaran jadi lancar tanpa ribet,5
"top dan keren, moga jaya selalu",5
sangat bagus,5
bagussssssss,5
"selama ini bagus,dan mudah untuk melakukan berbagai transaksi",5
dana lag jaringan bermasalah hanya di aplikasi ini,1
josjis... makasih 😁,5
"sangat""membantu saya sehari"" trimakasih banyak",5
makin gak jelas transaksi berhasil uang gak masuk taiii....,1
bagus,5
dana saya kehapus bisa diaktifkan kembalinya membuka mba???,2
mantab,5
aplikasi membagong kan dari kemaren sistemnya sibuk terus mana gak bisa transaksi apa apa.duit gw belum bisa di ambil di dana,1
"sudah bagus program nya, semoga senantiasa di pertahankan untuk kepuasan pelanggan 🙏",5
buruk,1
mantap banget,4
dana cicil nya boleh lah,4
aplikasi ni bagus.terpercaya Keren,5
Iyah sangat bagus enak pantep pkoiyah👍,5
"ni ga tau kenapa sekarang malah jadi lambat banget kadang bisa kadang juga enggak bisa buat melakukan transaksi padahal sinyal lancar, malah ada notifikasi pop up yang tidak bisa melakukan verifikasi sidik jari yang jadinya ga bisa melakukan transaksi mohon segera di piks karna ini sangat menggangu saat melakukan transaksi",2
"sangat membantu sekali.. dan memuaskan, terimakasih🙏",5
aplikasi mantap,5
"mohon maaf ini saya ngga bisa akses dana cicil yh , padahal dana cicil baru sudah ada",1
ok,5
selain mudah untuk transaksi mudah juga ngisi kuata,5
sangat baik,5
dana emang mantap solusi terbaik buat lagi perlu,5
apakah aplikasi dana sedang trouble HR ini,4
mantap sangat bagus aku suka,5
"terimakasih DANA atas bantuan dalam bertransaksi, semoga sukses selalu",5
aplikasi gak jelas,1
saya sangat suka apk dana sangat membatu,5
ngisi Kouta ga masuk,1
cepat tepat akurat hemat waktu,5
sangat bermanfaat 👍,5
aplikasi yang bagus untuk transfer dan menyimpan uang 👍,5
dana cicilnya sekarang gak bisa di gunakan dana kurang kompeten sekarang,5
Bismillah...,5
kereen mudah dengan am an,5
"pencuri, uang ku berkurang terus smp 0 — transaksi qris gak jelas: warkop jaya abadi lah, speedshop lah, mcm2 lah, maling semua..",1
kenapa dana saya jadi GK bisa kebuka....pas selesai update,2
dana semakin kesini semakin buruk.selalu terjadi eror.saat bertransaksi alasan sibuk.kadang banyak bertransaksi jadi tidak bisa.tolong di perbaiki lagi supaya tidak berbondong bondong pindah ke aplikasi lain,1
lumayan bisa.membantu,5
Proses transaksi dan transfer mudah,5
kenapa dana cicil saya tidak bisa di pakai,5
tidak bisa mengganti data ktp di nomor baru,3
sangat membantu,5
mantap,5
sangat membantu,5
Sudi yono,5
baik,5
mudah digunakan sangat sukha aku dan dapat digunakan kapan saja di percaya,5
bagus,4
Mantap,5
"gajelas lemot aplikasinya, udah gitu sering muncul iklan judol yang harusnya gak layak buat muncul diaplikasi seperti ini.",1
bagus,5
mantap,5
mudah,5
tolong untuk dana bisnis sebutkan nominal di pemberitahuan notif,5
trimakasih sudah membantu,5
terbaik,5
sayang dana cicil gk bisa di gunakan,4
"sangat membantu saya dalam bertransaksi. top up saldo mudah di mana² bisa, transaksi apa saja cepat",5
semoga bermanfaat,5
saya kehilangan banyak waktu untuk menunggu proses pembayaran pembelian pulsa!,1
sangat puas,5
baguss bangettt,5
pelayanannya.... is the best 👍,5
ok,5
baik mudah di pahami,5
jangn pake aplksi dana ga terjamin uang kebanyakan hilng saya kecwa Bert ga ada tnggung jwb ny,1
"ganti nomor susah, nomor lama yang sudah tidak aktif ketika akan hapus tetep harus cantumkan verifikasi nomor yang tidak aktif aneh",1
mantab,5
saya gak suka apk ini dari ini setelah lambat pembayaran dana cicil suka gak bisa di pake kembali setelah di bayarkan harus nunggu berminggu Minggu baru ini bisa di gunakan kembali dana cicil ini,4
bagus pelayanannya,5
bagus cepat,5
APLIKASI DANA TETAP AMANAH DANA TIDAK PERNAH HILANG SATU RUPIAHPUN AGAR TETAP DIPERCAYA MASYARAKAT SELAMANYA,5
"kecewa duit 100 aja ga di balik"" udah 1 bulan lalu saldo udah ke potong tapi belom di terima merchant sampai saat ini belom balik"" saldonya",1
Great,5
good,5
"bagus, dapat membantu transaksi sehari hari",5
sangat bgus,4
sering kena hacker hampir hilang isi saldo 🤦🏼‍♀️,3
"DANA INI JARINGAN LELET, SETIAP MELAKUKAN TRANSAKSI SERING MACET, WAKT LAMA BAHKAN GAGAL,,,,,, KECEWA",1
oke,5
bermanfaat,5
Terbaik banget memang Aplikasi DANA! Aplikasi Dana Benar2 sangatt BERGUNNA di tambah lagi dengan Ada nya Fitur Dana Cicil Bener2 Amat sangat membantu walaupun awal dana cicil Harus Antri belum bisa di gunakan Trimakasih DANA I LOVE YOU,5
memudahkan,5
lebih gampang d pake,5
sangat baik tolong aktif kn fitur-fitur dana instan dong,4
"apk yang paling jelek yang pernah ada gak punya dan gak pernah pake dana cicilan tiba"" punya tagihan cicilan, dan gak bisa hapus akun premium nya",1
akun dana memang terbaik,5
lama mau qris doang,1
sangan menyukai,4
bgus,5
"sangat membantu sekali Apk ny.. tetapi ad sdkit kendala, knp dana cicil ny tiba² tidak bisa d gunakan, limit saldo ada blom trpakai . pdhal tidak ad cicilan yg menunggak. tlong bsa d bantu.",5
"sering ke sedot,ga aman",2
terbaik,5
mantap bos,5
the best kirim uang satset tanpa ribet tanpa biaya admin💝,5
mudah n gak perlu repot harus ke bank dulu ... terimakasih Dana 🤗,5
apk yang sangat membantu,5
layanan chat ai diana g menyelesaikan masalah.. saldo tetep g masuk sudah lebih 3 x 24 jam,1
kenapa detail transaksi nya gk bisa dibuka,1
"kenapa sekarang setiap buka apk dana negBug ya berat sekali, tolong dong diperbaiki kalau mau transaksi jadi lemot. internet lancar wifi nyala padahal dan buka apk lainpun kenceng.",1
fitur dana cicil tidak dapat di aktifkan untuk apa ada fitur dana cicil,3
baik,5
mantap cepat tepat,5
i love dana,5
knapa dana cicil saya tidak bisa d gunakan,1
dana saya tak sepenuhnya berjalan normal,4
sangat membantu dan mudah digunakan setiap saat.,5
luar biasa,5
Bagus,5
TERIMAKASIH DANA. SEKARANG SAAT MENJUAL REKSADANA BISA DENGAN MUDAH TANPA HARUS DENGAN FACE ID TAPI JUGA BISA DENGAN PASSWORD. TERIMAKASIH DANA 🙏👍,5
sangat baik bagi pengguna,5
sangat Bagus dan membantu usaha,5
saya mau daftar kembali selalu mengulangi lagi saya sudah lempar hp sampai meledak tidak ada yang terjadi dana mohon jelaskan 😭😭☺️.baik dana saya akan updet semoga bisa daftar kembali ke akun saya yang dulu ☺️,2
good,5
"DANA cicil udah dibayar lunas, tetapi sekarang limit yang tersedia tidak dapat digunakan, maksud nya apa?",5
"dikit dikit pembaruan, isinya tetep gitu gitu aja, bikin males banget",1
makin lama makin gblk,1
"apk bagus,tapi fitur dana cicilnya tidak bisa di gunakan,padahal sudah melunasi smuanya,bagaimana caranya supaya bisa lagi",4
bagus,5
sangat membantu untuk melakukan pembayaran atau transaksi apa saja.serba bisa dan mudah melakukan dana digital.,5
ik,5
keren,5
"apk ini sangat berguna tapi mohon, knp uang saya tiba tiba ilang RP45.000.00 mohon kompensasi nya saya sangat butuh uang tersebut, memang uang ini tidak besar tapi ini hasil kerja keras saya. mohon pengertiannya ya",5
keren,4
mantul,5
cukup bagus,5
membantu,5
Mantap,5
jos mantap,5
Wow Terbaik,5
kok GK bsa dana cicil q,1
baik,5
aman dan terpercaya tetapi tidak ada dana cicil min,5
bagus,4
"Setalah di update malah jadi rusak sistem nya,biasanya bisa login pakai pin setelah update kenapa harus pakai wajah, bagaimana mana jika akun tidak login dengan wajah,sangat kecewa dengan dana setelah update,akun terdekteksi hack tetapi cs tidak respon susah untuk login dengan wajah",1
bagus sekali aplikasi ya,5
maaff min klu blum bisa kebuka dana cicil ku kasi bintang 1 dulu klu Uda ke buka baru ku kasi bintang 5,1
"saya suka melihat Drama Korea atau Drama Indonesia, cerita sungguh menarik perhatian para pecinta film atau Drama. Semoga tambah sukses.",5
"jadi kurang kepercayaan pada aplikasi ini, kuota tidak masuk dana sudah tertarik, bahkan sepertinya ngasih bintang 1 terlalu besar",1
ok,1
kanapa dana cicil saya tidak tersedia saya selalu bertransaksi di dana dan masalah belum mencukupi saya tidak paham jadi pertanyaan saya kenapa Dana cicil saya tidak ada dan tidak bisa digunakan dan sudah bertahun2,3
Ok,5
ok,5
Terima kasih,5
saldo saya udah 2 kali hilang disini,1
seteleh hp saya hilang saya gk bisa login ke akun saya lagi. karna hurs ada otp meminta batuan untuk login saja . chtan sama boot,1
joss bingit,5
eror Mulu gj banget,1
saya sudah lunasi dana cicil mengapa saya tidak bisa menggunakannya lagi?,3
knp limit dana cici saya tidak tersedia sedangkan tagihan sudah terbayar lunas saya nunggu 2bln lebih tidak ada repon,3
min ko fitur dana cicil nya gabisa dipake?,5
saya ingin fitur dana pinjam,1
kerennya,5
saya sangat suka tapi saya kok gak bisa pakai dana cicil,5
sangat mudah untuk digunakan,4
hari hari maintance,1
bagus bisa membatu,5
mantap aplikasinya,5
goddd,5
mantap,5
mantap.sekali,5
mantap,5
bgus,4
👌,5
terima kasih aplikasi ini sangat membantu,4
bagus,4
permisi pihak dana .tolong di perbaiki kan ya dana cicil saya biar saya bisa menggunakn nya ...ku harap secepat nya biar aiu puas menggunajn dana cicil makasih,5
"Transaksi semuanya lancar jam berapa saja, terima kasih Dana semoga sukses selalu.",5
belum ada dana cicil di fitur tolong munculkan,5
terima kasih dana,5
mudah d gunakan,5
Mantapp,5
sangat membantu,5
debess,5
"Knpa saya tidak bisa login,, tolong dong.. Bolak balik saya instal tidak bisa juga saya login ke dana saya",5
kenapa dana cicil saya tidak bisa digunakan lagi,4
bagus,5
sagat puas dengan aplikasi ini,5
"DANA TOLONG BUKA DM SAYA, SAYA TERKENA PENIPUAN",1
kebanyakan gangguan,1
Dana Ok'👍,5
okok,5
munculkan fitur dana cicil MK,5
"Min bisa bicara ga?, gua mau masuk ke dana kenapa di tolak Mulu ya?, kenapa coba min jelaskan?",2
nice,5
parah suruh update giliran beres malah g bisa masuk kunaon sia teh,2
"yg dulu aja klw pake qrs sy usia 60thn bisa nya lihat saldo, dr ponakan dan saudara buat jajan, dan ksh jajan ponakan, sy gatek system kmrn aja gampang",1
bagus,3
"Saldo dana gua ludes tiba"" 800.000. tiba ada transaksi ngirim ke agen pls. Pdhl gua ga merasa ngirim. Ancur apl nya. Ga brtanggung jwb",1
kenapa akun dana saya terblokir? lalu bagaimana mana dengan saldo dana saya?,1
"Mohon maaf admin yang terhormat, mengapa dana cicil saya tidak bisa digunakan",5
ok mamtab,5
fitur dana cicil saya tidak bisa di gunakan mohon bantuannya agar saya bisa mengakses fitur dana cicil,5
mantap,5
Akun saya tiba-tiba di suspend dan uang saya masih di akun dana...parah sih asli menyusahkan pengguna,1
bagus,5
banyak diley error terus pengelola nya kemana tidur ya,1
update bukan nya makin bagus malah makin ga jelas qris aja gagal terus asw,1
top mantap is the best,5
Kern banget,5
mantappp apk nya,5
mantap,5
sebelum nya dana cicil saya ada awal nya aman aman ajh tapi knapa dana cicil nya hilang begitu ajh,4
pelayanan sangat buruk tidak satset,1
ok,5
aktipin dong dana cicilnya sama dana instan nya uda lama pake dana blm juga bisa dipake tolong ditingkatkan aplikasi dananya,5
saya sangat suka,5
apk dana mantap,5
notifikasi uang masuk dan keluar kurang respon,4
keren. praktis,5
min tolong dong fitur dana cicil di akun saya dimunculkan karna di akun saya tidak muncul fitur dana cicil,5
lama amat upgtaednya cuy !,5
sangat puas dengan keamanan nya,5
muncul dana cicil tapi kgk bisa di gunakan aplikasi nipu,1
sangat bagus,5
good,5
👍👍👍,5
sangat membantu aplikasi bagus,5
ok saja,4
"Malesnya tuh di bagian pembayaran dana cicil, notifikasi tagihan masih ada padahal sudah dibayar.",3
dana mantap...👍👍👍,5
kok lemot banget sekarng,2
baik,5
bagus,1
aplikasi kasih ini saya bagus buat simpan uang kita di jamin aman,5
dana cicil tolong di aktifkan,5
bagus,5
Aplikasi DANA Dompet sangat lebih baik di semua aplikasing mudah dan efektif,5
sangat cepat,5
biyaya transfer mahal. dari pengirim sama penerima di makan 1000 per akun. jadi jumlah nya 2000 Rp yang di makan. bagusan Makai gopay atau seabank.,1
sangat membantu sekali,5
dana cicil saya gak muncul muncul padahal sudah lama pakai dana,5
mantap,5
stop akun dana,1
bagus,3
mutu terjamin baik sekali aplikasinya,5
"apk hebat, sayangnya dana saya gapunya fitur pinjaman",5
dana cicil kok kadang bisa kadang gak,5
smoga real,4
kenapa masih dalam tahap antrian aja min kok belum bisa di buka dana cicil nya,1
"saya kecewa, saldo dana saya dihack orang dengan menggunakan Qris, padahal saya tidak pernah ngasih PIN dan OTP sama orang. dan dana protection nya tidak berlaku padahal akun saya udah premium .., percuma aja ada dana premium, dan untuk sekarang ini udah malas transaksi pakai aplikasi dana..",1
bagus x lah pokoknya,5
semoga bermanfaat,5
sangat suka,5
emang pilihan kita,3
saya suka dengann apk ini,5
baik,5
saldo hilang tapi dari dananya tidak mau tanggung jawab,1
kacau kacau udh di perbarui clear cache jaringan stabil masih saja stiap mau pake dana banyak yg transaksi hadeuuh kalo gk niat Tutup sajah lahh aplikasi macam apaan ini hadeuh makin jelek,1
bagus,5
sangat baik,5
it's okay Lah apk DANA,5
Tapi saya tidak ada fitur dana cicil,4
sering gangguan susah untuk transfer,1
bagus membatu keuangan,5
dana cicil nya buka dong,5
👍,5
e wallet is the best..oh ya bantu ya fasilitas dana saya tidak bisa di buka,5
sangat cocok digunakan,5
semoga bisa membaru,4
sya sangat puas,5
"kecewa si dikit karna telat bayar dana cicil,,eh pas udh di lunasin ga bisa di gunakan lagi dana cicil nya,padahal limit ada,pas mau coba di situ dana cicil nya tidak berlaku",2
"bagu membantu banget,,TPI sayang dana cicil saya nggak bisa diaktifin",5
bagus,5
baguuus,4
nyaman,5
good,5
okey,5
kenapa saya gabisa login jaringan sibuk katanya,1
enak pake aplikasi dana soalnya simpel dan nggk bikin bingung,5
jika fitur dana cicil tidak bisa di gunakan maka gausah di tampilkan limit kredit nya,1
bgus,5
ok,5
"Hay min ,kenapa saat isi saldo dan ber transaksi tidak bisa masuk² malahan kosong doang gimana tu min ..semoga dperbaharui ftur d Dana trsbt saya kasih b5 ok",5
dana instan tidak ada di menu..tolong di tingkatkan lagi,2
Dana OK banget.,5
lumayan baik tapi terlalu sering update,4
nyaman banget tapi sayangnya ga bisa ngirim uang,5
dengan adanya bank dana terbatu dalam aplikasi pembayaran dan sangat mudah,5
bagus,5
Mantap Saldoku selalu aman di simpan disini jika tidak ada aplikasi terkait,5
oke,5
knpaa gk bisa d gunakan dana cixil,4
lumayan,5
aplikasi tolol sudah di Verifikasi muka malah tdk masuk tolol,1
sangat mudah dan cepat bermanfaat bagi kita aplikasi dana,2
aplikasi DANA ini sangat membantu banget. terimakaish,5
sangat baik,5
"ini knp aku saya di tangguh kan ??? anehh banget bug nya , di hp 1 nya bisa di hp ini ngga bisa / di tangguh kan anehhh",1
bgus,5
lumayan sangat membantu,4
Ok,4
isi saldo dari dana premium ke dana plus kok sekarang kena biaya Rp.10000,3
Pas,5
Nice n good,5
ini tdk ada aktif dana instan,5
sampe saat ini MANTAP,5
memperingan,5
aktivasi dana cicil saya,5
bagus skali,4
simpel mudah bergzi,5
ok,5
update mulu hampir tiap minggu,1
untuk menyimpan data uang,5
dana yang bagus,5
"baru di update kmarin dah mnta di update gi,emang pake daun pisang update terus",1
saya sangat suka,5
apa ini punya saya GK ada fitur dana cicil nya,1
bagus,5
Tidak dapat masuk,1
"kecewa saldo hilang , karna mudah di bobol",1
tolong di perbaiki lagi yha,4
"saya sangat kecewa dengan pihak dana karena saya ada keluhan tetapi tidak ada penyelesaian yang jelas menghubungi cs susah harus pakai telpon. emailpun ngga ada balasan yang jelas. apalagi Diana sebagai asisten robot, penjelasan muter2 ngga jelas bikin emosi pakai dana.",1
hati² dana sudah bisa potong saldo tanpa keterangan. isi 190 yg masuk 166 . keterangan dana masuk 190.000 tapi saldo 166.000,1
sangat rentan di bobol dan tidak aman,1
baik cuma knapa skarang agak lelet/lambat,4
"sangat puas dengan app, makasih banyak, terus tingkatkan keamanan dana ya",5
Knapa tidak bisah di buka aplikasi dana ini,1
aplikasi mudah dan gratis sesama,5
Bagus aplikasi nya,4
"Dana cicil Ada, Namun tidak bisa di buka,mohon bantuannya",5
👍🏻,5
dana Cicil msh dalam antrian trus pdhl SDH banyak transaksi,1
"dana gak jelas saldo udah kepotong tapi pulsa gak masuk"" apk gak jelas",1
bagus love you dana 🩷,5
"update terus sampai kiamat ,,",5
sangat sangat membantu dari segi keuwang gan,5
bagus,5
praktis dan tidak ribet,5
ok,5
jelek banget gampang nge lag,1
"Alhamdulillah,bisa at tambahan bantu usaha transfer dan yg lainya",5
baik,5
sangat memuaskn,4
bagus sangat membantu,5
"aplikasinya bagus, sangat membantu👍",5
sangat baik,5
apk nya sangat membantu,5
"good,, i like it",5
saya senang punya dana buat pembayaran lebih muda,5
apk tolol,1
Keren,5
mantap...👍👍,5
mantap,5
saya ingin memunculkan fitur dana cicil dan fitur dana istan,5
baguss,5
untuk dana tolong banget untuk ewallet nya nominal nya jadi 2000 aja atau 1000 soal nya biar lebih mudah kalo mau kirim dengan nominal yg lebih sedikit jadi tolong ya 🙏,5
"APLIKASI LELET, KEBANYAKAN BUG TIAP BUKA LEMOT, TRUS UDAH DI KLIK BERKALI2 TETEP AJA KAYAK GITU",2
bagus,5
sip banget,4
mantap,5
"HALO PIHAK DANA,MOHON BUG/EROR PADA APK DANA MOHON DI CEK LGI ATAU DI PERBAIKI LGI KARNA SAYA INGIN MENGGANTI USER NAME/NAMA DANA BISNIS SAYA SELALU TIDAK BISA,PADAHAL SAYA UDH IKUTIN PANDUAN YG SUDAH DI BERIKAN OLEH PIHAK DANA SENDIRI BAHWA MENGGANTI PROFILL DANA BISNIS ITU CUMAN BISA DI GANTI 2 KALI DALAM 1 BULAN,TETAPI SAYA SUDAH NUGGU 3 BULAN TETAP TIDAK BISA DI GANTI USER NAME DANA BISNIS SAYA,MOHON KEPADA PIHAK DANA🙏🙏",3
"aman,gak ribet pokok suka bangat sama aplikasinya, cepat dan responsif pokok nya",5
tolong perbaiki fitur dana cicil,5
alhmdulilah lancar,5
"sangat suka aplikasi ini, karna kita mengirim tidak di pungut biaya",5
mantap,4
bagus keren,5
ok,4
"aplikasi dana sya tiba2 minta masuk ulang,, pas masukin data gk bisa di buka sedangkan sya udh isisaldo dana sya, tp aplikasi nya gk bisa di buka.. apakah saldo saya hilang begitu saja karna mau masuk lg gk bisa masuk,, tolong cara masuk nya gmna y?? apakah dana sya ada yg retas???",1
keamanan tidak terjamin,1
admin nya masih kemahalan dan kurang banyak tranper gratis ke semua bank lainnya,5
jujur,5
ilang Mulu duit gua padahal ga pernah berlangganan apa apa pengajuan pengembalian uang ga pernah balik gjls,1
aplikasi Dana memang terbaik .aku kasih bintang 5 nih.trima kasih dana ku,5
sangat puass,5
sangat terbantu.. makasi dana..🥰🥰🥰,5
ok,5
baik,5
alah duit pesti abis top up kesedot Mulu top up 40k kesedot 19k,1
sangat puas,5
"akun tiba2 kebobolan,saldo lenyap akun ga bisa di akses",1
"susah di akses,tidak bisa di update",3
mantap betul,4
jos,5
mantap,5
oke,5
sangat membantu,5
bagus dan mudah,5
sanggat sukses,5
Amannnn 100%,5
good,5
"suka error sudah beberapa hari,notif topup sudah masuk giliran dicek saldo masih ga ad",3
sangat membantu perekonomian,5
mantap,5
terbaik jadi lebih mudah,5
nice,5
mantaaaapppppppp,5
ok,5
sangat membantu bagus,5
Sangat membantu,5
sangat senang,5
sangat mudah mengirim uang untuk open BO mantap wow,3
"bekerja semestinya, pecah !!!👍🏻",4
Bagus,5
sngt membantu,5
lancar,5
blom ada dana instan,1
baik,5
Mohon maaf saya nomor hp nya udah ngga di blokir tolong ngga usah kirim sms ke nonor yg di blokir nya tetap bisa di buka dana nya soal nya saya mau ganti nomor,5
bagus Sekali,5
ok terimakasih atas informasinya,5
transaksi cepat,5
sangat bagus,5
"tolong balikin akun saya min, kenapa akun saya kena suspend, saya ingin memakai saldo saya di dalam ya allah min",1
aplikasi paling ok,5
keren banget,5
baik,5
mantap,5
"saya baru tahu,, jdi untuk saat ini baru coba "" menggunakan aplikasinya,, ya mudah "" an bagus tampa hambatan dan eror,, jadi smoga seperti yg saya harapkan, bisa untuk simpan dana dg aman,",5
ko suka nglike si JD kg bisa kirim,2
bagusss,5
mantap,5
pembayaran sangat mudah dan cukup ngerti,5
fitur dana tidak bisa di gunakan hanya tampilan,1
oke,4
transaksi enak pake dana..ga ada admin..,5
simple,5
apk ny bagus,3
ini kenapa akun dana saya tidak bisa untuk transfer dan kirim,1
lumayan,4
nice,5
aplikasi yang sangat bagus dan sangat terpakai,5
mantaf,5
sangat baik,5
apk jelek saldo tiba tiba hilang,1
mantap apk nya,5
bagus,3
saya senang pake apps dana,4
Terima kasih oleh perlindungan transaksi keuangan dgn Dana,5
jngan pernah menyimpan uang banyak di dana sebelum kejadian uang anda hilang tanpa ada verifikasi,1
bagus,5
layanan terbaik,5
sangat membantu terima kasih,5
udh ada fitur dana cicil nya tapi ga bisa aktivitasi malah nunggu yg lain?? maksud nya gimana ya kak,5
tolong lah buat admin dana fitur dana cicil bisa dipakai atau dimunculkan soalnya pas pakai dana cicil lagi antrian,5
bagusss,5
jos hebat,5
"makin mudah transaksi ya ,, mantap",5
baik,4
"jangan coba"" TF dana ke dana saya TF 400 berhasil namun pihak penerima belum menerima uang nya",1
mantap,5
kadang lupa sandi,4
mantapp bikin gampang mau apapun gak ribet,5
knpa ngabisa login akun gue,1
untuk sekarang bagus. cuma saya mohon. jagan sampai kejadian lagi saldo saya hilang.,4
Terimah kazih,5
baik,5
good job,5
OK banget,5
aman cepat,5
mantap,5
buat main selot daguas aplikasi ini,4
setelah update banyak bus seperti tidak bisa login padahal jaringan bagus,4
"ga bisa putus akun terhubung , di update terbaru, tiba² aja saldo kepotong , payaaah",1
uang terus menerus hilang padahal sudah di daftarkan premium. Mungkin sudah hampir 1jt uang saya hilang di apk ini.,1
mantap,5
Dana dompet digital semoga bermanfaat 🤲,5
sangat bagus dan memudahkan bertransaksi kemanapun bebas,5
lemot di hp redmi 5 plus,1
"fitur dana viz gada gunanya,bikin ribet doang,saldo saya jadi tidak bisa ditarik",5
"kalau buat anak dibawah 17th bisa ga? ini aku kasih bintang 5 dulu, soalnya blm pernah nyoba",5
mudah digunakan dimana saja.,5
memuaskan bagus,5
sangat bagus,5
"5f'bintang blm kash full,tarik tunai digerai sekarag dibatasi... TAMBAH SEKARANG SERING EROR. KIRIM UANG KETERANGANNY SISTEM EROR. BINTANG 4ny SAYA turunin MIN. Sekrg penarikkn tunai dialfmrt dgn jumlh diats 50K kena biaya admin. Piye to min ndak kayak dl lg. Saya ingin hubungi lgsg cs yg asli bagaimana cranya'saya tdk butuh DIANA ROBOT",1
sangat mudah dan cepat,5
uang ku suka hilang padahal nggak belanja,1
"sering gangguan, aplikasi wallet terburuk.",1
cepat dan gak ribet,5
mantap,4
Di lanjutkan aja pak,5
sangat berguna,5
"dompet digital serba guna, tiap top up di alfa atau indomaret bebas admin tiap bulan sampe 3 atau 4X , trus kalau beli paketan data atau pulsa jga ramah² harganya 😄",5
bagus,5
mantap,5
buruk sekali mengambil uang di akun sendiri ajah ga bisa,1
fitur dana instan nya para Uda 3 bulan ngak bisa,1
sangt bgus,3
"Bagaimana sih setiap mau login di hp baru tetapi tidak bisa dan memasukan otp lewat sms juga tidak bisa.sampai waktu otp nya habis tidak ada sms yang masuk ke pesan.malah di tunggu hari besok.lah kan saya lagi butuh dana saya bagaimana sih ini aplikasi.tolong di benerkan lagi sistemnya, masa kalah sama aplikasi sebelah.",1
woi knpa dana saya tiba2 hilang 110 rb .pdahal aq gk top up atau lain2.dana cicil juga udah aku bayar,3
sangat baik,5
saya membantu,5
Sangat puas,5
baik dan banyak membantu,5
mantafff,5
ini gimana sih saya baru isi 30K malah kepotong 19K apk gak bener ini dan parah ya lagi lama lama malah nambah kepotong 2K atu 3k emang gak rekomendasi nih apk jelek,5
mantap,5
"KECEWA, voucher saldo dana yg didapat dari EVENT DANA POINT hangus. TIDAK DIKIRIM KE AKUN DANA SAYA. Bikin event tapi tak menyanggupi kendala yg ada, seperti tidak bertanggung jawab. Mau di chat Costumer service nya selalu ada kendala Maaf untuk bintang 1 nya, terima kasih telah menghabiskan waktu saya untuk mengikuti event tk berguna👎",5
ok,5
"ini dana syaa kenapaa ga bisa masuk yaa ,syaa ganti hp mau masuk ke dana tapi ga bisa,ada bacaan alasan keamaanan , tolong dong ini kayak mana dana di dalem nyaa adaa saldo ini",1
mayan,5
aplikasi gak jelas saldo saya hilang abis top up,1
duit saya ilang 83k padahal ga ada terkait ke mana pun ga ada belii apapun itu tolong gmn ini,1
ini dana gimana sih tadi ada yg transfer 200 perak dari PT espay debit Indonesia gk tau itu uang apa gk jelas banget awas sampai dibuat yg gk gk dan sekarang malah akun dana saya logout sendiri dan gk bisa masuk mohon konfirmasi nya dong soalnya akun dana saya ada saldo nya,1
"lain kali kalau belum bisa upgrade setidaknya jangan terima uang masuk,giliran kita mau penarikan harus upgrade dulu,setelah upgrade gagal terus menerus,hasil nya uang tidak dapat di ambil 😡😡😡😡",1
sangat membantu,5
cepat bagus bermanfaat,5
sangat membantu sekali,5
"uang saya hilang tanpa sebab ,apk tidak muncul di beranda klo mau buka harus lewat playstore trus update dulu",1
terbaik,5
"sudah bagus tapi sayang nya tidak di beri dana cicil padahal saya sudah memakai dana hampir 5 tahun,",5
ok,5
"dana sering sekali tersangkut dan layanan kurang memadahi, dan terkadang dana tidak dapat kembali ga tau di korupsi pihak dari dana atau gimana",1
sangat bagus,5
bagus banget👌👌,5
dipermudah dengan dana,5
sangat baik,5
sejauh ini masih aman,4
sangat membantu,5
setiap saya transfer selalu ga masuk tapi uang nya berkurang ini sangat aneh,1
aman,5
mantap👍👍👍🙏,5
"saldo hilang tanpa transaksi dari tgl 4 Agustus, dari aplikasi dana sampai ke Ig respon lelet berbelit-belit, jadi belum pastas dapat rating 4 keatas. soalnya di Ig pun banyak yang komplain.",1
bagus sangat membantu banget,5
oke,5
sangat di percaya dan sangat membantu untuk keuangan saya,5
cukup membantu skali untuk transaksi,4
sangat bagus,5
sangat bagus,5
oke,5
sangat membantu,5
"bagus,baik",3
bagus sekali puas,5
sayangnya dana cicil tidak bisa padahal pengguna setia aplikasi dana,5
sangat cepat pada waktu pengiriman dan uang masuk,5
"ini knp update malah 99% lama banget dah , gk selesai selesai, jadinya saya hapus download ulang lagi. sama dana cicil knp gk bisa mulu ya , pada limit masih pull",2
oke,5
bagus,5
saya sangat senang menggunakan dana dikarenakan dana adalah aplikasi yang sangat memudahkan untuk melakakukan pembayaran digital.terima kasih dana,5
ok,5
apk bagus,5
baru update malah susah transaksi,1
"Mantap transaksi selalu lancar dan aman, sukses selalu dana,.",5
dompet digital ini sangat berguna sekali,5
mantap,5
dana kenapa ini ? kok fitur dana cicilnya tiba2 hilang / tidak bisa digunakan ? padahal sudah update dan tidak ada tunggakan,2
mantap,5
akses kan Fitur dana cicil nya,5
mantap,5
sangat praktis,5
bagus,5
face verifikasi gagal mulu,1
mantapp sangat mempermudahh,5
mantap,5
dimana saya harus tunggu agar bisa pilih opsi login lewat otp dan tidak vervikasi wajah???,1
"mantap, simpel",5
"terbaik,,,,",4
mantap,5
tolong aktifasi dana cicil di akun saya,1
Terimakasih sdh mau menanggapi keluhan saya skarang apk sdh lancar dan jd dompet digital yg sgt bermanfaat buat kehidupan saya sehari hari 👌,5
dana sy ndak bisa dibuka,5
cepat akurat,5
ok,5
Makasih aplikasi dana sangat memuaskan. tapi saya tidak suka dana cicil nya dia potong-potong sendiri tanpa persetujuan kita tanpa kode PIN kita langsung dipotong-potong saja ke pembayaran yang kita tidak tahu,5
kok setelah update ga bisa di buka apk dana nya? gimana mau transaksi klo gini?,3
"coba chek transaksi saya tadi malam kenapa nggk masuk uangnya, mohon segera di periksa. ""Terima Kasih""",5
sangat baik,5
kenapa belum ada pinjam y,4
sangat ribet semenjak login lewat otp dihilangkan aplikasi tolol,1
Ok,5
mantap,5
sangat berguna bagi rakyat menengah,5
"aplikasi jelek, mengirim uang tanpa di sentuh.uang di ambil secara otomatis ke aplikasi lain yang berbayar.lebih baik install aplikasi lain saja.",1
gak ada uang gratis 100k,4
sangat memudahkan dan cepat,5
mantap gratis,5
oke,5
good,5
sangat terbantu,5
Bagus,5
dana gamenya malah di ilangin gajelas,1
"tolong lah ini kenapa kalo pake paket data tulisan nya tidak dapat koneksi pas pake wifi baru bisa, kalo mau belanja pake qrs kadang saldo saya ga berkurang, saya merasa bersalah ke penjual, tolong ya ini di perbaiki. trims🙏🏻",1
apk konyol peninjauan tapi dtolak udah jelas transaksi tidak resmi,1
ok,5
knp gk bisa di update notif pengiriman jg gk bisa di liat aktivitas gk bisa di buka,1
terbaik,5
saya sbenanya kurang paham kartu dana,5
sy baru. pertama kali mempelajari aplikasi dana.sy mohon bantuannya🙏,5
minta upgrade mulu maksa amat deh,1
sukaaa banget sama apk ini lopeee deh pokoknya,5
"kenapa , apk Berhenti berfungsi di perangkat saya , saya pakai android 13 , Infinix 8 pro , apa penyebab nya",4
sangat baik,5
baik,4
sangat enak di pakai buat nyimpen uwng tapi tolong di per aman lagi saya.semalem adayang nyobak masuk ke danaku,5
sangat membantu,5
uang di dana ditf tanpa sepengetahuan saya dan tidak dikenal,1
dana sekarang kecewa banget dana cicil nya gk bisa digunakan malah tidak berlaku padahal ada limitnya dan saya udah bayar lunas,1
Bagus,1
mantap gampak,5
ini curtomer service mintain verfikasi mulu tapi ga bisa balikin saldo ngapain coba ngabisin waktu orang saya minta nya pengembalian saldo saya hilang tanpa sepengetahuan saya ini aplikasi keamanan nya sampah banget,1
uang saya sering tidak terkirim padhal mereka sudah transfer,1
baik,5
"Transaksi beli kuota dari pagi sampe sekarang gamasuk masuk, udah ngajuin balikin dana juga gabisa tetep harus disuruh nunggu sampe proses selesai. mending gapernah pake aplikasi ini lagi, banyak banget masalahnya dari dulu",1
sangat puas,5
luar biyasa,5
Qris Suka jadi masalah Transaksi agak sulit setelah terdeteck Kode Qris bukan membayar malah Logout dari Qris,3
sudah lama pake dana transaksi pun dah banyak tapi pitur dana cicil dan dana instan ga muncul muncull,2
potongan bnyk skli,1
"Apa maksudnya mau kirim uang selalu kembali diarahkan ke upgrade premium padahal sudah premium, kenapa diarahkan upgrade ke premium lagi?",5
saat mau premium provinsi Sumatera Utara ga ada,1
ok,5
ya allah dana knpa gak bsa update ke premium ini uang ku 300 k di stu cmn itu uang ku 🥺 tolong di bantu dong,5
tiap kali mau transaksi(top up) selalu gagal aneh banget padahal saldo ada,1
bagus,5
pemindahan akun lama ke akun baru selalu gagal mulu di live chat kaga ada solusi nya..dikasih solusi tetep aja selalu gagal,4
bagus banget.,4
alpikasi dana emg debes jadi saya kasih bintang 5,5
mudah dan cepat,5
baik,4
sippp baik pokok nyaman,5
Aplikasi buat usaha kecilku. Hehe,5
Untuk dana cicil: apa memang ada perubahan sebulan 2 kali cicilan?. biasanya sebulan sekali bayar. sekarang harus bayar tgl 13 dan 27. padahal saya tidak pernah telat bayar.,4
sangat membantu,3
"transfer ke akun yang tidak bisa di akses tapi pihak dana tidak bisa mengembalikan saldo nya, emang dana tidak bisa memverifikasi nomor ya, apa sengaja mencari keuntungan dari kesalahan pengguna sungguh mengecewakan, tuh biar puas tak kasih 5 bintang kalau berlebih silahkan kurangi sendiri biar pas",5
bagus,5
knp di akun ku kak kga muncul paylater,5
kok di apl danaku gx ada ftur dana cicil,5
mantap,5
Top,5
terbaik,5
"lelet,pas mau isi plsa listrik",2
"sangat bagus , dapat mempercepat transaksi",5
sangat membantu dan tidak ribet,5
bgus,5
kendala TDK bisa membeli pulsa TDK bisa melihat data transfer yg ada hanya putih tanpa ada meni,1
"saldo kepotong langganan aplikasi, padahal aku ga pernah langganan aplikasi,",1
"please untuk kalian gausah pake aplikasi dana lagi,saldo selalunya tiba-tiba hilang,padahal gapernah sekalipun berlangganan atau punya tanggungan di aplikasi lain,udah saldo hilang gapernah bisa balik,cs nya juga gak ada kejelasan....",1
"ini aplikasi pencuri atau gmn sih,ada saldonya malah gak bza dibuka.",1
👍👍👍👍,5
jos,5
"kebanyakan error,,",1
mudah simpel,5
mantap,5
"perbaiki lagi aplikasinya, saya susah, cek bekas transaksi,",3
aplikasi dana udh ngak jelas lagi masak uangku hilang udh beberapa bulan ngak diganti Sampek sekarang,1
Sangat praktis buat nyimpan uang saya bangga punya aplikasih ini,5
Ok banget mudah untuk setiap transaksi,5
ok,5
senang,5
sudah mantap agak berat dikit,5
selalu hemat,4
Mohon di bantu riwayat transaksi error,2
👍 sangat mudah,5
sangat membantu sekali,5
jangan pakai aplikasi ini tidak aman saya baru baru top up selang berapa lama uang saya hilang ada transaksi lain yang mengatas namakan tiktok koin..padahal saya tidak melakukannya.aplikasi paling tidak aman kawan kawan yang mau menggunakan dompet digital hati2 solusi dari pihak dana pun juga tidak ada..lebih baik tiadak usah diginakan,1
saldo saya sebesar 2.500.000 gabisa diakses dengan alasan keamanan. padahal saya pemilik akunnya. mana uang tersebut adalah modal buat jualan,1
masih mencoba mekai....,5
kenapa tidak ada layanan top up free fire,1
"tolong akun saya, saya g pernah cairin dana cicil tapi tiba tiba ada cicilan sebesar 513rb parahnya lagi ke nomor atau akun yg saya aja ga tau.. padahal saya pengguna lama selama ini aman aja.. baru skrg saya ngeh koq ada tagihan dana cicil",1
"bagus, untuk bukti pembayarannya. sangat membantu untuk setiap pelayanan di menampung.",5
bgus,1
tidak ada dana cicil nya,5
aplikasi kurang bagus,1
terlalu banyak yang bisa untuk top up,5
"muncul kan fitur dana cicil saya karna belum muncul"" sudah lama saya pengajuan tapi masih belum di konfirmasi",5
NGGAK ADA DANA CICILNYA,5
aman dan di percaya,5
"aplikasi anej, minimal kalo mau nyedot uang buat pembayaran sistem itu ada in verifikasi dulu dong, jangan tiba tiba saldo langsung hilang, aneh banget ni aplikasi",1
mau hapus akun aja ribet,1
buruk udah ada cicilan pdh udh byar,3
"mantep bisa di TF walau sedikit tp,,,sesama dana",5
sangat membatu,5
saya mengalami kendala dulu saya masukin akun saya langsung masuk tapi sekarang harus memakai kode saya sangat kecewa dikarenakan kartu saya sudah hilang dan di dalam akunya masih tersisa saldo 500.000 tolong di bantu pihak dana,2
sangat membantu sekali,5
matap,5
transaksi terus sampai miskin. sampai miskin pun gak ada tuh Fitur Dana cicil di Akun Dana saya,4
mantab,5
uangnya kok ga masuk² ya ke dana,1
bagus,5
hubungi customer carenya susah,1
sangat bagus,5
kenapa ya fitur dana cicil aq gak bisa dipakai lagi..,5
"SALDO TIBA TIBA BERKURANG DAN CATATANYA GOOGLE YOUTUBE SETELAH SAYA CEK, YOUTUBE SAN PLAYSTORE SAYA TIDAK ADA CATATAN SAMA SEKALI.",1
oke,5
"aplikasinya bagus hanya saja sering sekali ketika mau transfer ke e-wallet tidak bisa, loading terus, pas mau bayar bpjs juga sama bahkan fitur lainnya seperti listrik, paket data dan lainnya juga sama, tidak bisa di buka, hanya bisa untuk transfer sesama dana atau bank, ini hp saya yang error atau memang aplikasinya yang bermasalah ya? segitu dulu masukan saya, terimakasih 🙏🏻",4
tidak aman akunn dana saya di pakai orang dan saya sudah mengun install karna tidak mau lagi biar orang lain yang rawat akun saya,1
tidak bisa transaksi.misal isi pulsa atau paket dll.payah,2
mau ambil dana darikoin menoton,5
sangat membantu,5
mantap dan bagus,5
sangat bagus,5
knp fitur dana cicil nya tidak bisa dipakai,1
saya sering transaksi di sini dengan transaksi jutaan . belum ada fitur dana cicil . udah 1 tahun saya transaksi gede terus di sini,1
saya ingin mengajukan akses fitur dana cicil yang tidak muncul juga padahal bertransaksi setiap hari. dan Saya sudah 5 taun menggunakan aplikasi dana.,3
mantap,5
aplikasi luar biasa,5
"sangat membantu sekali, semoga tetap stabil..",5
mantap,5
karna fitur top up ff gak ada jadi malas gua,3
terpercaya dan praktis,5
baik,5
"payah banget customer servicenya, udah effort buat email untuk minta bantuan, pas udah dibales malah disuruh ngechat sama bot nya",1
mengambil reksa dana begitu ribet mengulang ngulang verifikasi wajah,1
kok GK bisa di install malah ngestuck di 85,3
"Cocok banget,buat sehari hari ,untuk keperluan tf",5
sangat mantap Dan mudah digunakan🥰,5
beli paket data di dana transaksi berkendala tapi saldo sudah terpotong paket Datanya belum masuk status ggak jelas menunggu lama. tolong minta notifnya transaksi saya sudah berhasil atau gagal?,2
ak isi saldo udh 2 hari tapi belum masuk sampai sekarang dan juga pas mau tanya Diana tapi malah ga bisa juga aku cek aktivitas juga gak bisa padahal aplikasi lainnya juga lancar aja dan notifikasi juga lancar,3
sippp,5
kurang baik,2
Buka dana otomatis tampa KTP aktif terus,5
Sangat membantu,5
ko dana instan saya blom Munjul pdahal udah sering udh 5 tahun saya pakai dana tapi fitur dana instan nya belum muncul2,3
"selamat siang. kemarin saya menerima dana masuk tetapi ke akun dana yg nomornya sudah tidak terpakai. untuk masuk ke dana kesulitan menerima otp tolong bantuannya agar bisa di pindahkan ke nomor dana yg baru, karena dana yg lama sudah tidak premium tolong responnya.",5
yesyyyyy,5
sangat puas,5
salso tiba2 ilang,1
aneh udah lama make dana gak ada fitur dana cicil,1
mantap,5
"hallo dana, ko sampai sekarang pergantian nomer dana belom juga terverifikasi yaa, tolong dong dipermudah loginnya, biar saya bisa manggunakan lagi aplikasi dana",3
sangat membantu untuk transaksi pembayaran,5
ok,5
mantab,5
gokil,5
sangat membantu,5
"gk muncul, danacicil ny",4
sangat mendukung,5
mantap,5
"aplikasi sampah, transaksi susah ..",1
"dipke ja belom dana cicily,,masih utuh 150 dan gak ada tagihan",2
enakeun euy boga DANA mah,5
"halo dana, bagaimana dengan uang saya yg hilang sejumlah 700k saya mintak ganti rugi",1
sangat bagus,5
baik,5
"ga aman buat nyimpen duit, udah gitu sering gangguan",1
Bagus,5
good,4
mantep sangat membantu smga sukses &maju ke depanx,5
"APLIKASI TERPARAH,AKUN UDAH PREMIUM TRANSAKSI UDAH TAUNAN, TAGIHAN UDAH LUNAS BAHKAN SEBELUM JATUH TEMPO, LIMIT DANA CICIL CUMA 100 RIBU AJA RIBET,GAK BISA DIPAKAI.PADAHAL NOMINAL TRANSAKSI UDAH PULUHAN JUTA.DICHAT DIANA,SURUH KEE HELP CENTER TP GAK ADA SOLUSI.COBA VIA TLPN BIAR PASTI DENGER KELUHAN NYA.",1
semoga amanah,4
dana nya ga bisa di buka,1
baik,5
mempermudah dan mempercepat saya membuat program pembayaran,5
"baguss no kendala, cocok untuk rekomendasi seluruh masyarakat",5
mantap,5
mantaaap,5
"mantap cepat responsif,, 👍👍👍",5
ini kenapa dana kalo pakai jaringan wifi eror terus .pdhal wifi udh yang kenceng punya. pake jaringan data juga sama harus bener2 full baru bisa. pdhal e wallet yang lain nya lancar2 aja pake wifi atau jaringan gak full juga.,3
kereeen,5
sulit untuk transaksi,1
semenjak di update notip sering delay,5
klo ga pake wifi pasti ada tulisan koneksi internet terputus...apakah dana ga bisa d pake d luar rumah...tiap2 gtu,2
"sengaja saya kasih bintang 5 biar yg lain tau dan pikir pikir lagi mau pasang aplikasi ini.. karena 4 kali saya kebobolan saldo dana hilang setelah saya top up.. dan tidak ada penjelasan apa pun soal dana yg hilang, ketika saya cek aktivasi kenapa saldo hilang tidak ada laporannya.. lain nya mah bagus.. jadi saya pake dana sekedar numpang transfer aja ga berani simpen di sini saldo uang nya..",5
bagus,5
"untuk dana cicil nya sangat merepotkan karena dia otomatis,,,, tidak bisa di bayar langsung semuanya",1
heran...yg lain bisa pake paylater..tapi saya enggak..udah puluhan tahun pake dana. ada apa Dengan cinta😭,5
baik,5
"proses transfer dana ke mandiri dari tanggal 5 sampai sekarang tidak terkirim, alasannya kendala proses",1
👍sangat membantuku,5
sangat membantu,5
"gaje, banyak bet bocor nye, saldo gue ilang gatau kemana, keamanan nya kacau bener, bintang 1",1
dengan aplikasi ini saya bisa jadi owner dan membuat saya sukses,5
ini tentqng dana cicil . harusnya kalu emang ada dana cicil sebelum habis limit harus tersedia terus . masa dana cicil kadang tersedia kadang tidak tersedia. bingunglah. pas lagi butuh malah tidak tersedia pas gak butuh malah tersedia. tolong lah dibenahi lagi jangan bikin kecewa,2
sangat berguna dalam bertransaksi.,5
tolong di bantu saya sudah hilang kartu,5
mantap,4
semoga bisa di gunakan dana cicil nya🙏,5
"sumpah parah bngat,, akun dana penipu semua,,saldo gw ilang semua,, jnganada yg make akun ini",1
KTP ku dipake orang ngak bisa dihapus akunnya apa buat baru!!!,1
parah dana sekarang pae Kode OTP,4
gagal login ups ada kendala terus mohon di perbaiki,1
sangat bagus,5
bagus,4
mohon aktifkan dana cicil saya lagi,5
sangat bagus,5
"setelah di update malah banyak bug nya, ga bisa transaksi, sekalinya bisa malah delayyy. padahal dulu ga pernah bug sama sekali",2
uang saya di ambil paksa pak nama akun nguyen thuylinh,5
bakus tapi tampilkan dana cicilnya,5
sangat keren sekali aplikasinya,5
tolong pihak dana tambahkan limit saya,3
is the best.. thanks..,5
bagus,5
agak loading nerimaa duit kenapa??,3
sangat puas pakai dana,5
sangat memuaskan,5
sip kena,5
aplikasi ini makin bagus dan membantu aja sukses trs untuk aplikasi dana nya semoga limit dana instan nya juga bisa di tambah lagi,5
sangat membantu..tp sayang dana cicil saya gak bisa digunakn,5
ok bangat,5
sangatt tidak baguss aplikasi ini merugikan,1
Sangat Bagus Aplikasi Dana Ini,5
sangat memuaskan,5
sangat membantu untuk pembayarannya,5
josjis,3
udh 6 tahun pake dana fitur dana instan saya kga muncul muncul,1
"dana saya sudah premium tapi masih tidak tersedia dana cicil bagaimana ya? tolong dong aktifin di akun dana saya, saya sangat membutuhkannya",2
sangat mudah cepat aman dan akurat,5
sangat membantu,5
oke,5
sangat bagus,5
good,5
ok,3
baik,5
"keluhan ku tidak diberi resolusi dan cs nya ga mau balas meski sudah di dm di ig,tiktok,email, dan diana, padahal ada saldo 1jt lebih di dalam tapi tidak bisa di tf keluar dari dana.",1
"mantap,,cuma kalau bisa limit transaksi nya lebih di upgrade lagi",5
baik,5
sangat senang,5
baik sanggat membatu trimakasih 🙏,5
"sangat membantu, dan memudahkan saya sehari"" dalam bertransaksi",5
semakin sukses,5
saya terlambat bayar dana cicil dan sekarang di bekukan apakah msh bisa aktif lagi,5
sangat baik,5
gambar berguna,2
saya sangat suka dengan dana karena saya bisa Top Up diamond FF,5
bagus,5
maaf cuma segitu soalnya fitur dana cicil aku gak ada,4
aktifkan dana cicil,5
amanah terpercaya,5
"setelah menunggu selama 1 bln, akhirnya dana cicil saya sudah bisa dipakai lgi, trima kasih",5
saya tidak bisa login tulisan jaringan tidak stabil padahal sinyal bagus ada apa dengan dana sudah 2 hari tidak bsa di gunakan,4
mantap,4
"Banyak sekali fitur yang eror tidak bisa di buka seperti emas, TIX ID, Pascabayar, dll. Tolong segera perbaiki karena saya nabung di emas. Sudah lebih dari seminggu tidak ada perbaikan pada aplikasi Dana saya, saya tidak tau kenapa bisa terjadi.",2
jos,2
good,5
sngat membantu,5
Dana semakin bagus,5
tampilan dan sampul lebih sederhana,5
ada DANA jadi mudah terimakasih sudah membantu 🙏🏻😇,5
saldo berkurang secara tiba tiba,1
sangat terbaik,5
Terima kasih aja,5
sering berkendala di Verifikasi wajah,5
"Untuk saat ini susah banget TF dan narik uang ya ???dengan keterangan Banyak yg sedang transaksi , ulangi lagi beberapa menit, udh diulangi beberapa menit ttp gak bisa , sementara saya kasih bintang 1 dulu sampe normal kembali",1
sangat bagus,5
sangat membantu,4
mantap,5
cukup membantu,4
Rekomendasi banget buat dipakai sehari hari,5
karena belum selesai dari kemaren sore,2
mantap..👍,5
mantap,5
sangat baik,5
sangat bagus,5
bagus,5
yang bener aja stiap ini potongn 500 perak tadi 3000 tf 150 ribu mau korupsi apa bagaimna,3
"sering nyedot tiba tiba kepotong aja saldo padahal ga melakukan transaksi , di goggle ataupun di aplikasi lain , bahkan sangat susah untuk mengajukan pengembalian dana , bahkan aplikasi tidak terinstal di goggle dan tidak ada langganan",1
Sangatt bagusss,5
Memudahan transaksi..,5
saya senang menggunakan dana tapi sayang sekali fitur dana cicil tidak ada😭,5
mantap,5
aman sekali,5
"autodebit susah untuk dihentingkan langganannya, saldo kadang hilang atau nyangkut saat top up :(",4
alhamdulillah setelah memakai aplikasi dana kebutuhan smakin lncar manfaatnya trasa bnget ringan dn nggk ribet..dn saran sy kepingin ada dana cicil nya agar smuanya mudah buat kebutuhan darurat trikasih develover.,5
mantap,5
Dana sangat membatu untuk bertransaksi apa saja dan transfer antar bank biayanya murah. aku sangat menyukainya.,5
kl gratiz trs buat tf ke bank lain keren bgt,4
dana sekarang ngga wort it karena uang biasanya hilang tiba-tiba.saya udah ngalamin 3x hilang di aplikasi dana,5
"cukup baik , hanya saja agak LEMOT sedikit",5
baik,5
sekarang dana suka eror top up dari bank BCA ga masuk2,2
Sangat membantu,5
dana cicil tidak tersedia,5
good job,5
awesome,5
transaksi mudah deh,5
apk sangat aman dan terpercaya banyak fiturnya,5
"kenapa jadi bermasalah aplikasinya, gk bisa untuk transaksi",2
luar biasa,5
matap,5
aplksidana terpercaya,5
SAYA SAGAT SUKA DANA TAPI YANG KURANG KENAPA SEMUA ORANG GAK DI KASIH 1 TRILIUN,5
"aplikasi apa ini sering kali kehilangan uang, belum lagi lemot, error, gk ada harapan kah untuk diperbaiki",2
sangat bagus,5
ok,5
good,4
baik sekali,5
saya mau mengaktifkan dana cicil,5
"mantap aplikasi dana ny,,sangat membantu..",5
terbaik,5
sangat puas,5
mantap,5
aplikasi dana ini sangat bagus dan aman,5
saya sedang bertransaksi di dana denggan nominal 8.880 .tetapi sesuda saya membayarnya saya tidak mendapat kan ap ap tolong dong atmin dana .,1
mudah,5
mantap bgt,5
kenapa akun dana saya gak ada fitur dana cicil padahal udh berapa tahun pakai dana,1
blM pny Dana playlater,5
"APK TOLOL SERING GABISA QR PAS LAGI BURU BURU,DI PERBAIKIN LAGI SISTEM NYA DONG!!.",1
"saya tidak bisa transaksi karena akun saya di bekukan, saya sudah meminta pihak dana untuk membuka bekukan akun saya tapi tidak di respon dengan baik",1
Mantab,4
"tolong di keluarin akses dana pinjam nya, aplikasi saya blom keluar dana, pinjamnya",5
"bikin kecewa sama dana cicil kadang tidak berlaku padahal bayar selalu tepat waktu, kalo gak niat gak usah ngasih fitur dana cicil",1
baik,5
mantap aplikasi dana,5
"fitur transfer ke bank sdh bisa dilakukan, sesuai saran yg diberikan admin, tpi tdk cukup hanya skdr clear cache & update aplikasi, krna faktanya aplikasinya yg terinstal sdh yg terupdate jdi tdk bisa update lgi. opsi terakhir hrs hpus seluruh data, hpus aplikasi, instal kembali & verifikasi akun sprti biasa, baru akhirnya fitur transfer ke bank bisa digunakan kembali",4
bagus simpel,5
kebanyakan eror... payah.,1
bagus,5
mantap,5
cepat dan terpercaya,5
sangat puas,5
mantap banget,5
bagus,5
sangat puas,5
maaf knpa pas pemindahan akun gagal terus,1
dana saya sering Internet terputus padahal jaringan bagus/baik mohon diperbaiki server nya lagi min,3
mantap,5
semoga aman dan terpecaya,2
👍👍💪💪💪,5
"Dana cicil nya ga bisa di pakai, limit pinjaman tersedia, giliran di butuhkan mau dipake,dana cicil tidak tertera 🤦🤦🤦",1
Dana mudah dan murah admin untuk pengiriman ke bank tidak ribet,5
"kenapa selalu gagal tiap mau transaksi padahal udah uninstal trus instal lagi,, sengaja kasih bintang 5 biar terbaca,,, skarang jadi ribet amat... kecewa sangat",5
aplikasi yg sangat bagus,5
mantap,5
kenapa sekang sering trobel jadi g nyaman pakaix,1
lama lama males pakai dana masa Gak bisa masuk akun dengan alasan ke amanan hadeh tolong benar kan lagi,2
Baik,5
sangat bagus dan mudah untuk tranfer uang,5
sangat bagus. cepat.,5
mantab,5
aman,5
sangat puas,5
eror udh 2 hari gk bs d buka,5
ok,5
sangat bagus,5
sekarang dana banyak gangguan nya,5
"ya lumayan lah, walaupun dana instan nga bisa di ambil mulu",5
puass cepat,5
gokilll,5
sekarang sering trobel. tidak bisa di gunakan sama sekali.. pelayanan lemott,1
dana yang terbaik nyaman menguna nya cepat tepercaya,5
memuaskan👍👍👍,5
baik,5
mohon di perkuat lagi keamanan dana nya,5
bagus,5
bagus banget tapi keamanannya harus diperkuat supaya TDK bisa dibobol org lain supaya pemakai apk ini nyaman dlm menggunakannya.,5
apk ini sangat membantu saya,5
akhir-akhir ini banyak masalah yang tidak kunjung di perbaiki,1
kurang bagus,5
terimah kasih,5
bagus,5
kepada dana yth saya ingin di hadirkan Dana cicil,5
bagus,3
masa sssama dana kena biyaya,3
sangat puas dengan pelayanan nya,5
puas,5
"memper mudah untuk melakukan transaksi atau pembayaran dengan sekala minimum, tdk cocok untuk menyimpan uang banyak",5
masa saya sudah puluhan tahun pake dana gk ada pitur dana cicilnya,1
sangat baik,5
Transaksi cepat dan mudah,5
lebih mudah menyimpan uang,5
"aplikasinya mudah dan simple digunakan, gampang difahami",5
dana cicil,5
sangat bagus dan aman untuk di guna kan,5
bagus,5
good,5
sangat berpungsi,5
oke,5
sangat membantu,5
apa ga sekalian hapus metode CRIS foto foto galeri di hapus lawak harus aj sekalian dana lawak wkwk di update malah jelek fitur di hapus wok buaag aj,1
baik,1
mantap transaksi semakin mudah,5
mantap,5
tolong muncul fitur dana cicil di akun saya bos,5
dana saya tidak muncul sama sekali dana cicil dana instans padahal dana saya sudah premium semua aman tidak ada kendala tapi tidak muncul sama sekali,4
ajukan dana cicil,5
ok,5
Sangat bagus,5
dana cicil saya ga ada,1
aktifkan fitur dana cicil dong,5
bagus,5
fitur dana cicil nya udah ada tapi ngk bisa pinjam Hade di bantu min,5
sangat baik dan membantu untuk mentransfer uang,5
sangat membantu bertransaksi,5
sangat membantu dan puas,5
aktivasi saya sudah muncul namun blum bisa dih dih pnct,1
sangat bagus,5
mudah dan bagus,5
saya selalu aj gagal pendaftaran dana cicil nya padahal data nya ud lengkap kecewa dengan smuanya 🙏 mending hapus aj dana cicil nya,1
pengiriman cepat dan murah,5
Sangattt bagussssss,5
"kalian bilang aku ada tunggakan?tugakan apa yg kalian maksud? sementara aku gk prnah pinjaman apaun itu maupun bank ,pinjol dan kredit,jadi jgan asal bilang aja,kalau memang gk bisa bilang gk bisa,jangan tuduh orang ada tunggakan",1
bagus,5
mohon di percepat proses dana cicil nya,5
"aplikasi tidak berguna, selalu muncul notifikasi verifikasi ulang. sudah di verifikasi tetap saja begitu muncul nya",1
bagus,5
"kepada dana yang terhormat, tolong ya untuk fitur koin recharge itu jgn di otomatiskan harusnya ada perizinan dulu,",1
"proses pengaduan sangat lama. tidak direkomendasikan menggunakan Aplikasi ini. Lebih baik gunakan yang lain seperti Gopay, Shopeepay, atau OVO.",1
baik,5
bagus memuaskan,5
"sudah sekian lama pakai dana dan tidak pernah merasa melakukan transaksi yang aneh aneh, tiba tiba akun saya ditangguhkan karna diduga melakukan pelanggaran katanya, sudah 1 minggu dan sampai sekarang belum juga balik akun saya, sudah chat si diana2 itu, sudah kirim email juga tapi tidak ada solusi sama sekali.",1
setiap mau transaksi harus pakai wifi kalau pakai data internet pasti ada tulisan koneksi internet terputus padahal punya kuota loh tolong di perbaiki min nnti kalau udh di perbaiki saya kasi bintang 5,1
proses cepat,5
😁😁,5
sangat baik,5
belakangan ini dana tidak aman . ada seseorang yang mengintip dan mengintai akun dana,1
berikut nya 100M,5
lebih cepat ga pakai tinrt,5
"tolong di benerin si ini dana, saya baru buat dana, baru kali ini saya buat, dan ternyata tidak bisa karena ada yang daftar, lah kapan. saya daftar, ini aja baru daftar, mana udah verifikasi muka DLL.nya . udh gitu di tambah lagi buat bantuan gantikan nomor.malah di persulit. tolong ya jadi lah aplikasi keuangan yang amanah",1
mantap,5
ok,4
bagus,5
bagus,5
"saya sangat kecewa dengan aplikasi ini soal nya gak bisa tanggung jawab soal duit saya,hati hati buat orng yng pake aplikasi dana ini soal nya duit saya hari ini hilang sebesar 255.000 trus gue tanya sama Diana tapi katanya gak bisa tanggung jawab masalh ini,saya mau ingetin aja buat teman teman pengguna dana mending jangan simpan uang di dana soal nya dana sekarang lagi musim ngerampok",1
hampir 10 tahun saya pake Dana tapi fitur dana cicil gak pernh ada di beranda saya,1
kenapa dana cicil saya tidak tersedia padahal dana saya sering kali limit trus,2
aplikasi paling buruk buat rugi kalo usaha,1
👍,5
dana emang bagus banget,5
dana cicil ilang,1
fitur dana cicil nya gk jelas padahal sudah lunas,4
dana gua apgret,5
ok bagus,5
mantep ni berguna dan bermanfaat,5
"saya sering bertransaksi di apk ini , saya sempat menggunakan fitur dana cicil, setelah saya lunasi malah fitur ini tidak bisa di gunakan lagi!, knp ya min? agak lain sih",1
top,5
"dana cicil bayar tepat waktu sekarang di gak bisa, apa punya saya aja sangat 😥",1
bagus sangat membsntu,5
"ok,,,,,",5
dana instan tolong di mudahkan dan bisa blsa bertanyd langsung prihal keluhan via cs secara gratis,5
tidak ada masalah apa2 tiba2 akun disaspen🥲,1
"saya sudah melunasi dana cicil saya, tapi tidak bisa di gunakan lagi, saya sangat kcewa, karna saya pemakai dana yg aktif ,tolong di bantu untuk pinjaman/dana cicilan nya.",5
Ini apk kenapa kok sekarang LEMOT BANGET,1
Senang Menggunakan Apk Dana,5
"mending hilangin tu dana cicil nya,ada limit tapi gak bisa di pergunakan..PHP aja..barusan di lunasin,berharap bisa digunakan lagi,,tiba tiba dana cicil nya sudah tidak tersedia..padahal gak pernah telat bayarnya.",1
simpel dan aman,5
ngelek bos,4
kenapa dana cicil saya tidak bisa di pakai pdhl sblumnya bisa,5
jangan ijin kan dana vis,5
sangat-sangat membantu banget,5
JP TERUS 10 JUTA,5
tolong gimana login kartu saya hilang dan gak bisa nerema otp,2
semoga bermanfaat,5
mntap,5
saya butuh dana cicil😅,5
aplikasi perampok,1
aktif kan cicilan dana ku dong he,5
paylate dana cicil dana instan tidak muncul saya sudah termasuk kriteria tapi tidak muncul apaaan,1
mantap,5
mohon di tingkatkan terus keamanan & kualitas aplikasi ini agar semakin baik dalam menggunakannya,5
mantab,5
menu pusat bantuan nya hilang! aplikasi yang sangat tidak aman. bagaimana jika terjadi sesuatu pada dana di akun saya? aneh sekali. lebih baik pake seabank sangat aman dan terjamin!,1
sangat membantu,5
dana cicil bayar slalu lancar..tapi dana cicil limit malah berkurang.dan dana instan blm ada..??saya transaksi slalu pakai dana.bener2 sangat2 kecewa dengan aplikasi ini..saya uninstal ajh..sekarang bnyak yg kasih rating 1..karna memang banyak orng yg kecewa..sistem nya busuk,1
Sangat bermanfaat,5
mantap,5
gabisa masuk Mulu gua kasih bintang satu dulu,1
mempuaskan,5
hebat,5
nice,5
amanah deh,5
pelayanan yang baik,5
untuk fitur dana cicil diakun saya segera munculin dong kak adminn... saya udah perbanyak transaksi tuhhh... saya kasih nilai jelek untuk cs dana. soalnya baru chat sedikit langsung ditinggal keluar. terus mau terhubung lagi malah disuruh nunggu antrian hadehh🥲 maaf ya kak dana kalo diakun saya udah ada dana cicil bisa saya ganti tuhh bintangnya🙏,2
"maaf saya uninstall dana,setiap hari transaksi di pasar pakai dana,tapi situr dana cicil saya tidak muncul sedangkan teman saya yg transaksi 1minggu sekali malah ada dana cicil,alhasil saya di ketawain maaf saya uninstall",2
👍,5
okay,5
bagus,5
"saldo dana saya di bobol masa di notip gak ada, tau tau sudah ada transaksi di pesan masuk dana kan lucu nyesel dong simpan uang di dana di sedot habis saldo saya itu tanggung jawab nya mana masa sekelas dana bisa kebobolan",1
"aplikasi sampah, topup gagal, hubungi cs CSnya songong main akhiri chat padahal masalah belum kelar, akhirnya hapus aplikasi aja.",1
"saya tidak tahu harus menghubungi ke mana, ke diana pun tidak membantu dan tidak bisa tersambung ke cs. jadi saya memiliki kendala menerima kode otp melalui email. saat baru login dana setelah sekian lama download apk nya lagi ternyata diminta kode otp melalui email. emailku memiliki kendala tidak bisa menerima pesan apapun karena penyimpanan penuh 800% sehingga untuk masuk ke dana saya ingin masuk via sms tapi pilihan via sms tersebut tidak tersedia. bagaimana cara mengatasi ini",4
Hapus aja dana cicilnya klau g bisa dibuat bli emas,1
lebih cepat dan tepat,3
sangat cocok,5
mudah di gunakan,5
sangat simpel. sayang sekali lama pemakaia n dana cicil blm muncul,5
sanggat membantu buat simpat saldo kita jaya terus dana,5
mantap,5
no recommended,1
saya GK bisa msuk ke investasi dana malah sesi kadaluarsa hadeh tolong lah saya udah beli emas 400k malah GK bisa msuk investasi emas nya tolong lah,1
sytem bantuan digital nya gak nyambung,1
bisa membantu ok banget,5
ok,5
kenapa tidak bisa pinjam dana atau dana istan atau lagi dana cicil .KNPA fitur itu tidak muncul-muncul sangat kecewa padahal sering transaksi,1
nonaktifkan iklan aplikasi tidak di kenal,4
apa fungsi diana,1
bagus,5
mantap,5
mantap,5
perbaiki bug2 nya,5
"aplikasi eror anj masa ga bisa transaksi trus fitur fitur nya ga guna coklat, chat akun Ig dana juga ga di respon anj",1
sangat bagus sangat memuaskan,5
good,5
"hati "" banya penipuan di dana dan saya ke hilangan uang juga padahal tidak melakukan transaksi tapi tetap berhasil tolong sebelum download dana pastikan.",1
"DANA INSTAN sudah saya bayar tapi tidak bisa digunakan memang buruk dana,,gak bakal saya gunakan lagi saya akan hapus aplikasi buruk ini",1
"Hati hati bro, rupanya di apk dana banyak melakukan transaksi penipuan misal nya saat kita membeli pulsa dan data, dari pihak dana kata nya di proses dengan alasan dalam antrian padahal sudah sering terjadi saat kita transaksi pulsa dan data tertunda. Aneh nya bukan hanya satu kali aja terjadi dengan masalah yang sama, tapi berkali kali dan juga pulsa atau data yang kita beli tidak pernah di proses, padahal kita berikan laporan lengkap nya bantuan admin dana.",1
Slalu banyak Virus,5
sangat bagus,4
keren sangat membantu,5
Kasih bintang 4 klo yaman kasih 5,5
good,5
Ok,3
oke,5
tolong akun saya di munculkan dana cicil/dana paylater supaya lebih nyaman,5
sngat membantu,5
mantap,5
Sngat membantu,5
mantap,5
lumayan berguna,4
payah banget dana cicil ga bisa di gunakan,1
sayang nya fitur dana cicil saya tidak muncul,5
kenapa dana cicil saya ngga bisa d pakai,4
"kenapa sel aplikasi dana jadi ribet banget, dulu tanpa verifikasi wajah udah bisa buka aplikasi dana hanya minta kode otp aja, tapi sekarang gak keluar permintaan kode otp, gimana ini DANA???",1
aplikasi sangat membantu,5
Aplikasi OK Mantap,5
selama ini okk,5
top markotop,5
mantap,5
terbaik,5
"udah jadi alat transaksi lama tetep aja ada limit dana cicl malah engga bisa di pake percuma sumpah g jelas amat dana, tolong munculin fitur dana instan dong, balasan jangan kegitu lah g jelas amaat🤔👏",1
"buat lu manejemen dana sangat pilih kasih lu, gua udah pakai dana selama 6thn TDK mendapatkan dana cicil, lu malah ngasih produk produk yg ga jelas dan ga pernah gua pake sama sekali, gua butuh dana cicil ngerti????",1
baik,5
tolong aktifkan fitur dana cicil,5
ok,5
aktifin fitur dana instan saya.. udah lama pake tapi blom muncull juga.. payah..👎,1
cepat akurat Dan tdk ribet,5
saldo dana saya tiba2 hilang tanpa sepengetahuan saya,1
bagus,5
sangat memuaskan,5
sudah terselesaikan nomer tidak aktif dengan metode ganti nomer otp nya ke nomer baru saya kasih bintang 5 ahir nya bisa login saldo langsung pindah alhamdulillah aman makasih sukses buat dana.,5
dana cicil saya tidak berlaku lagi padahal transaksi saya dalam bulan ini udah 20 JT,5
sangat bagus dan aman tetapi fitur dana cicil dan dana instan didak ada,5
sangat membantu,5
"akun udah premium tapi kenapa nomor tidak terdaftar, buat isi pakai VA BCA juga ga bisa, udah minta bantuan di aplikasi juga cuma robot bingung yang jawab,. Parah!!! makin parah di sarankan menghub media sosial nya eh malah jadi sasaran penipu, wah ngeri sekali jaman sekarang, Hati hati kawan kawan semuanya",1
"Mudah bertransaksi, dan ada gratis transfer kebank lain..",5
"Aplikasi yang bagus, tampa kendala, tapi fitur dana cicil nya tidak keluar2",5
ok,5
"saya sangat senang menggunakan aplikasi Dana,terjamin dan dan terpercaya",5
Makin lama makin ga jelas Di update bukannya tambah baik malah tambah burukk!!! Mau bayar qris kagak bisa mau lihat reksa dana kagak bisa Udah pake wifi tetap aja gak bisa dana udah BURUKKK!!!! MENDING GUA HAPUS PAKE GOPAY AJA,1
sangat 👍,5
bagus sangat bermanfaat,5
sangat membantu sekali ok Poko nya makasih makasih admin dan tingkatkan lagi,5
dana intans blm muncul,5
tapi sayang fitur dana cicil saya ga ada,5
sring gak bisa ngirim,1
"DANA DI TAHUN 2026 SANGAT2 JELEK TAGIHAN DANA CICIL SUDAH LUNAS SMUA TIDAK BISA DI GUNAKAN,DAN MAU CHAT CS AJA SKRG UDH NGK BISA",2
"mantap lah,minus ga bisa daily login,klo ada kan enak sehari dapet 50k,coba update an besok buat event daily login!!!!",5
sipz,5
Semoga Ada DANA Pinjaman yaa min 🙏🙏😁,5
saya lupa pin dan nomer saya sudah hangus saya mau ganti nomer malah ada kendala teknis dan lupa pin sekarang pakai wajah mana lagi gak bisa masuk ke akun ku yang dulu tolong kembalikan otp email nya,1
"saya pernah kehilangan saldo sudah hubungi pihak cs, sudah verifikasi,sudah dijelaskan detail nya dan sudah lampirkan bukti bukti tapi tetap saldo saya tidak kembali",2
semakin lemot...,1
"dana gak konsisten ,saya udh nunggu 60 hari demi dana cicil ujung""nya gak muncul ,padahal udh premium transaksi tiap hari pake dana malah beli token atau kuota pake dana ,ujung""nya saya hanya di modus oleh dana",1
sangat baik,5
sagat sulit mengguna kan dana cicil nya,5
alhamdulilah udah bisa lagi danaku,5
transaksi cepat,5
"kebnyakan gangguan, mending pindah ke gopay bagus ga pernah gangguan",1
sangat puas,4
"aneh dana cicilnya kadang "" eror",5
aman dan terpercaya apk inih,5
jos,5
sangat membantu,4
animasinya kayak kurang responsif sama iklan nya mengganggu,3
bagus bagt,5
mempermudah transaksi,5
"Saya tidak melakukan transaksi apapun di dana, cuma sekedar ingin menabung di aplikasi dana, tiba² saldo dana saya tersedot",1
kenapa ini. saya tidak ada langganan tiba tiba saldo saya ke ambil dari gogle,5
mantap,5
gimana carayah biar tidal d mibta kode otp lg karena nonor yg ke daftar d dana nomor yh hilang gk bisa menerima kode otp,2
saya memiliki saldo dana cicil 75000 tapi kenapa tidak bisa digunakan?,3
mantap,5
baik-baik,4
"dana saya sering ilang tanpa sebab njirr, tolong di perketat ke amanan aplikasi ini dong😑",1
good,5
menyimpan uang dari hasil konten kroaktor di salurkan melalui dana,5
ok mantap👍,5
tidak mendapatkan dana cicil padahal sudah lama menggunakan dana. dan tidak bertanggung jawab atas apa yang saya alami. saya mengalami kehilangan saldo tapi tidak ditanggapi serius oleh pihak aplikasi dana,1
kenapa akun dana saya tidak bisa login,4
aplikasi dana sekarang sangat menyebalkan dan sangat lambat,2
Makan duit nasabah. Ga bakal berkah!!!!!!!!!!!!! Komplain ke cs ga ada jawaban. Di laporin bisa ga ini aplikasi?,4
sangat cepat pengirimannya.,5
mantap,5
baik,5
kenapa saya gak bisa pakai dana cicil di saat butuh mendadak buat paket,1
"paling ga aman buat simpen saldo, baru semalam ibu saya daftar dana dan top up ke alfamart 700rb, selang 1jam tiba2 saldo hilang setelah dilihat riwayat tiba2 ada transaksi pembayaran qris senilai 350rb yg menghubungkan ke akun slot. dan tiba2 ada riwayat transfer ke no lain senilai 400rb dijam yg sama, pdhl posisinya aplikasi sedang tidak dipakai. bisa terjadi pencurian saldo gitu. lalu belum lama tukang AC langganan juga cerita sering hilang saldo di dana diatas 1jt. memang aplikasi sampah!!!",1
aplikasi ga jelas tiba tiba uang nya ilang hapus aja aplikasi dana ini ga bermanfaat,1
cara kau mau ipo jelek kli menipui konsumen.dan hati hati juga buat teman teman yg ada saldo dana nya di atas 2 juta ya soalnya dana mau melakukan transaksi sendiri Tampa sepengetahuan pemilik akun dana saran saya lebih baik menggunakan rekening atau bank agar lebih terjamin dan tidak melakukan transaksi sendiri,1
god job si buat sekarang ini dana apl yng god job 👍 dah pokoknya,5
kadang kebobolan sendiri,4
sering membayar dengan sendirinya!!!! padahal tidak pernah di pakai apa apa!!!! uang saya hilang sampai 1jt !!!!!!!!,1
oke,5
Aplikasi transaksi yg baik dan memper mudah,5
Sangat membantu,5
sangat bermanfaat,5
baik sekali sangat diperbantu,5
fitur nya udah pada bagus semua cuman limit nya cuman sampai 20jt aja sedangkan kadang kadang penggunaan dana yg udah premium sebulan bisa mencapai 100jt ke atas karna pemakaian nya simple beda kaya mbanking yang lain nya contoh saya sebulan bisa sampai 30jt an itu lebih karna saya buka kaya brlink gtu jadi kalo bisa limit nya untuk penggunaan premium di naikin Sampai 100jt lbh dalam 1 bukan untuk semua transaksi di jamin penggunaan dana pasti lbh banyak lagi dari pada mbanking Terima kasih....,1
keamanan jelek,1
bagus,5
"udah berbulan"" uangku ngk dibalikin sama dana ini klo ditanya jawabnya apa ngk nyambung",1
selama ini blm pernah dapat hadiah,2
Saya sudah beberapa kali menyimpan uang didana tetapi selalu terpotong oleh tagihan tertentu tanpa saya katahui saya mulai malas menyimpan uang di aplikasi dana,1
good,5
bagus sekali,5
mantap,5
istimewa,5
bagus,5
"peringatan awas copet digital tapi saldo sy tiba2 hilang kepotong dana cicil padahal ga pernah aktifin dana cicil,, komplain lama respon ketika sudah kasih semua data yg di minta malah gada kabar dan keterangan tidak janji bisa mengembalikan saldo tsb.. peringatan buat yg pake dana harus hati2 karna ga sedikit saldo org2 yg tiba2 hilang.",1
aplikasi dana ini sangat membantu,5
good luck,5
cepat dan mudah untuk di gunakan,5
ok,5
maap mau tanya kalo daftar pembayaran top up game ff dan ml ko jadi ga ada ya padahal s aya mau pake ??,5
ok,5
kadang suka hilang 🤦,3
baik lancar,5
"dana bisnis gagal verifikasi muka, saldo suka hilang sendiri gak jelas ni apk",1
"aplikasi P E A dapet limit dana cicil pas di gunakan selalu gagal, aneh",1
Kenapa selalu tidak bisa masuk,5
bagusss!!!!,5
sukses,5
eee hanya kurang 2 hal minimal saldo 50 juta minimal transaksi 1 hari 25 ×,5
sangat mrmudahkan transksi apapun,5
👍,5
mantap pokoknya buat dana,5
bguss,5
the best,5
"Sangat Bermanfaat, terimakasih.",5
mantap,5
cukup baik dan sangat membantu untuk transaksi,5
ok,5
bagusss,5
mantap,5
Membantu dlm bertransasi,5
saldo sering hilang parah,2
josjis,5
"Ini fitur DANA gimana sih, gw mau bayar tagihan manual ga bisa. di ganti setting ga bisa, bikin ribet aja. padahal sebelumnya udh aman aman aja",1
keren,5
Bagus,5
sangat wni,5
mantap,5
karena bisa top up,5
mantap,5
bagus terpercaya,5
"mantap,,,,tolong munculkan fitur dana Cici nya",5
"Buruk, nomor saya disadap dan akun sudah terdaftar oleh orang lain, bagaimana cara mengambil kembali, untuk verifikasi wajah bahkan ga bisa karena dia melakukan nya sudah terlebih dahulu, tolong kembalikan akun saya!!",1
saya sangat puas.dengan ini blanja GK perlu repot diruma saja bisa blanja,4
mantap,5
bagaimana ini saya mau aplikasi dana saya ada dana cicilan mohon dibantu dan di arah kan terima kasih,5
"tolong di perbaiki DANA cicil nya , Token 50000ribu , bayar 326500 rupiah jangan seperti lentenir kelewatan bayarnya dana cicil pick",1
aplkasi jos trobel mulu,1
kenapa dana cicil nggk bisa muncul,3
untuk saat ini.apliksi nya.is the bestt,5
oke,5
seneng,5
aplikasi nipu,1
"transaksi bank status ""sukses"" ada notif dari apk dana masuk saldo sekian, setelah dibuka saldo NOL, KECEWA BANGET sekian lama menggunakan apk ini baru pertama ini saldo goib.",2
sya sng skli mngunakan apk ini,5
mantappp,5
membantu sekali,5
sgt membantu,5
best,5
dana cicil belum tersedia padahal udah lunas aneh ga bisa pinjam lagi,1
😡,1
lancar transaksi nya,5
good,5
mantap,5
sangat baik,5
"Dompet digital Dana ini parah amat gak ada sestem keamananya aku saya selalu di bobol orang walau sudah di ganti pin dan nomornya juga bisa di bobol orang tak di kenal dan saldo saya sudah sering di curi orang, langsung lapor ke Diana yang di bilang buat laporan ingin buat laporan tapi sekali pun gak ada hasilnya, tetap aja saldo saya selalu di kuras habis orang tak di kenal padahal setiap ingin melakukan pembayaran harus dengan sidik jari atau pin tapi masih bisa di bajak orang",1
mantaap,5
mantap,5
"aplikasi dana bagus cepet, cuma untuk beberapa minggu ke belakang ada kendala, tapi alhamdulillah udah d perbaiki , semoga lebih baik lagi pelayanan nya",4
baik,3
taii pake acara otp email pdhl nomor aktif,1
sangat membantu sekali,5
mantappp,5
kurang aman,1
Fitur DANA CICIL saya kenapa kok nggak muncul ya min,5
aplikasi terbaik bagus sekali,5
sangat bagus danaku,5
"saya kasih bintang 1 aja dulu,saya sering menggunakan aplikasi dana ini untuk bertransaksi,tiap update saya selalu update Tpi kenapa tidak muncul fitur terbaru untuk Dana extra pinjam dan Dana Instan, melainkan tiap kali sya pembayaran Dana cicil nya sebelum tanggal nya malah saldo Dana cicil yang ada tidak dapat digunakan untuk bertransaksi. tolong admin untuk di perbaiki lagi mana yang kurang nya untuk aplikasi ini., Trimakasih 🙏🏻🙏🏻",1
limit dana cicil,5
sanggat baik lh,5
bagi bagi hadiah kentutlah.. malah bikin boros kouta.. kerja kalo mau dapat uang mah gak mungkin ada orang yg mau ngasih duit bgtu aja,2
sangat mudah dan cepet untuk mentransfer,5
kenapa saya tidak mendapatkan dana cicil,5
Jaga & lindungi keamanan akun,5
wah bagus banget ini dana,5
semanya ok... cuman sekarang voucher atau bonus makin langka bahkan tidak ada seperti dulu awal ada dana...,5
sangat membantu,5
"sangat membantu,, tapi di sarankan klo mau nyimpen uang di cek dulu di akun terhubung,,di situ suka ilang saldo karna adanya akun terhubung nyedot saldo",5
mantap,5
hallo dengan aplikasi dana saya dari semalam engga pakai dana cicil tiba tiba terpakai akun dana cicil sedangkan aku semalam di transfer 200 ribu sama orang tua ku tiba tiba terpakai dana cicil sedangkan semalam aku engga ada Makai dana cicil Jangan kau Gil kan aku dana aku bisa lebih Gilak jangan sampai terpukul kau ku buat,5
baik,5
mantap,5
"mantap, tapi kalo sinyal sedikit kurang stabil susah untuk melakukan pembayaran ga kaya yang lain",5
makin berat ini apk,1
dana sekarang lelet banget,1
cepat dan aman buat transaksi🫰,5
eh kontl gw udh verifikasi muka nih gw udh ngedip pin mata gw nah dibilang nya sama dana belum ngedip padal udh berapa kali saya ngedip tapi apa? yap dianggap sama sistem. nya belum ngedip mata apcb benerin lagi tuh dana,1
sangat bagus,5
bagus dan sangat bermanfaat untuk pekerja migran seperti saya.,4
dana memang ok,2
"semakin lama semakin lemot, tidak ada perubahan... aplikasi di pakai berat... mending pakai wallet sebelah",1
good,5
mmg bgus. tp kdg2 agak sulit dibuka,5
Dana cicil kadang error. tolong perbaiki lagi,5
semoga aman,5
terlalu berat banyak bug juga,1
bagus,3
sangat bgus di gunakan,5
mantap,5
yuhuu,5
josjis,5
🤢,3
👍👍,5
"Apk Terbaik, mudah dan tidak ribet..",5
top,5
untuk fitur dana cicil sempat bisa digunakan.. tapi kenapa sekarang tidak bisa digunakan,5
bagus,5
mantapp,5
bagus,5
Baik,5
aplikasi ini sangat berguna banget buat kebutuhan keluarga dan pribadi kalau ada keperluan mendadak bisa nabung di Aplikasi dana👍👍,5
sangat membantu,5
baik,5
makin ksini makin bukanya makin bagus malah jadi makin parah,5
cepat dan skurat,5
"bagus,cepat,aman",5
sangat membantu,5
mantap,5
pernah hilang dana sy padahal sy tdk transfer namun malah ada keterangan sy transfer uang. . udah terjadi 2x mungkin klw sampai 3 x sy bener bener goblog masih gunakan akun dana,1
dana cicil tidak bisa cair,1
mantap,5
ok baik apk nya,5
bagus banget,5
dana cicil tidak tersedia terus... dari limit 400rb turun menjadi 100rb itu pun tidak bisa di gunakan.tolong perbaiki,5
👍👍,5
"aplikasi ga jelas, ada saldo tapi ga bisa qr",1
min tolong balikin dana game min soal nya aku nggak bisa top up ml,3
sangat baik,5
gimana inihh ada saldo dana cicil ga bisa di pake trus buat apah ada saldo dana cicil klw ga bisa di pake mah tiap mau d pake selalu sedang tidak tersedia teruss,1
apk dana bagus di gunakan transaksih lebih cepat,5
mengajukan dana cicil dengan atas nama ahda darulfalah,5
anjay,5
aplikasi bagus mempermudah pengguna dan sangat mudah di gunakan sebagai dompet digital,5
bagus banget,5
"saya ni sudah nunggu 8 bulan , tapi belum bisa juga.",1
qu ksh bntang 5.. aplikasi Kren bgt,5
memuaskan,5
uang saya hilang begitu saja,1
sangat mudah dan cepat,5
semoga aja aplikasinya berjalan dengan lancar kedepannya,5
bagus banget,5
bagus,5
terima kasih dana. sangat membantu untuk transaksi secara online,5
gacor pokoknya ni aplikasi,5
"Parah ni aplikasi, saldo sering kepotong gak jelas. Transaksi banyak tapi aktivasi dana cicil gak bisa, dari awal ni aplikasi ada gue dah download. Luar biasa, makin lama makin gak jelas, auto uninstall ni, makin gak guna.",1
good,5
sangat mempermudah,5
Dana cicil,5
saya kasih bintang 1 karna titiba tiba saldo saya berkurang padah saya tidak merasa membuat teransaksi,1
good app,5
mantap,4
sangat memuaskan,5
saya Senang Sangat Mempermudah Untuk Segalanya,5
duit gw gabisa di ambil,4
sangat bagus,5
kerenn dana,5
qris selalu eror,1
jos,5
sangat bagus,5
aplikasi terpaksa Saya uninstall karena fitur dana cicil sudah tidak tersedia meskipun tagihan sudah Saya lunasi semua. beralih ke aplikasi lain,1
dana sekarang kurang bagus jelek banget . ngelag Mulu . transaksi suka gagal Mulu,1
"suka banget pakai dana,karena bisa mempermudah untuk bertransaksi terima kasih dana 🙏",5
mantap,5
mantap,5
"Saya sebagai pengguna aplikasi dana sudah lama.Ada masalah ,lalu hub pihak dana susah sekali,diaplikasinya cuma ada bantuan melalui chat dan tdk bisa melalui telpon langsung dan yg lebih parahnya dari awal chat sampai akhir cuma AI yg balas,kalian pikir castamer ini robot juga apa dan kalian pikir balasan otomatis kalian mengerti semua apa yg kita adukan,sangat jauh berbeda dengab aplikasi sebelah,langsung dilayani oleh manusia langsung,bukan robot, maaf saya pikir saya bakalan hapus ni aplikasi",2
sangat baik,5
"akun saya dihacker orang lain, keamanan dana tidak terpercaya. saldo hbis dicuri ornglain",2
sangat bgus,5
sangat membantu dalam masalah bembayaran lebih mudah dan cepat,5
bagusss cepat mudah semoga aman,5
min kok Dana. sekarang ngelek Mulu yah banyak transaksi lah ini lah bug nya benerin lagi min,5
berikan promo menarik seperti dana cicil,5
jaringan full,5
apk terkadang tidak bekerja dan error dan susah dibuka,1
joss gandoss bagus,5
joss top,5
👍,5
bermanfaat dan praktis sebagai dompet digital,5
"aplikasinya bagus, tapi Sayang limitnya terlalu kecil dan terpaksa saya buat rekening lain , tolong tambah limit jadi 100 juta",1
cukup baik,5
puas,5
"Lag parah, sibuk server",2
ok,5
bagus pelayanan cepat,4
sayang gak bisa bukak dana cicil,4
sangat puas,5
ok,5
good,1
mantaaaaap,5
"sangat bermanfaat,e wallet paling joss",5
"saya tidak bisa menggunakan dana cicil saya, padahal sudah aktif, sampai sekarang blum bisa melakukan pembayaran🤮",1
sangat membantu,5
bgus,1
sangat membatu,5
sangat menyenangkan kan,5
"puas banget , mantap",5
aktif kan dana cicil,5
dana cicil tidak ada,1
sangat membantu👍,5
cepat aman terbatas (PATAS) good 👍😊,5
sngat baik,5
cantik cantik,5
sangat membantu,5
Sangat Membantu,4
apk gatel,1
mantafff,5
sangat bagus berguna benget,5
Trimaksih Dana dgn adanya apk ini Alhamdulillah semua transaksi menjadi lancar,5
👍👍👍,4
saya belum bisa pakai apk ini,3
uang saya tiba tiba hilang,1
ok,5
sangat bagus,5
kenapa akun bisnis kok masih proses kan saya tarik saldo dana kenapa harus menggu jam 17:00,5
pitur dana cicil ga muncul,5
bagus sejali,5
uang aku hilang tiba²,1
sering telat,3
aman,5
dana sudah premium. transaksi /bulan kurang lebih melebihi 7 juta tapi fitur dana cicil saya tidak muncul,1
sangat bagus,5
ok,5
good,5
sy jengkel dgn aplikasi ini karna sdh bekukan uang sy,1
bagus,5
bgus,5
sangat membantu aktivitas,5
mantap,5
ok baik,5
best,5
kenapa akun saya tidak bisa menerima uang dari orang lain,1
cepat dan mudah aplikasi nya,5
mantap buat transaksi non tunai,5
cara mengaktifkan dana cicil,5
terbaik,5
profesional,5
sangant membantu,5
jos jis,5
kgk jelas kadang bisa tf kadang engga tolong di perbaiki,3
aplikasi ini bagus,5
Gk ada dana gemes ny,1
Sangat bermanfaat,5
dana bagus,5
gw transaksi malah pending dari tanggal 7 sampe tanggal 10 pun belum balik dana nya di riwayat transaksi sukses tapi ga masuk,1
bagus,5
baik,5
Padahal tiap hari transaksi y udah kasih 1bintang aja y,1
lupa pin gmn,5
transfer uang cepet dan mudah,5
ok lh lmyn,4
tidak bisa gunakan paylater dana cicil nya kecewa,1
baik,5
"cepat dan aman ,sayangnya akun saya fitur dana instannya gk muncul,tolong di benahi",5
kenapa aplikasi dana ku gak bisa dibuka ya???,3
mantap betul,5
👍👍👍,5
mantap,5
min kok aplikasi dana saya.gak ada dana cicil.padahal penggunaan.dan syarat terpenuhi.padahal transaksi saya sering dan sampai limit.,1
"saldo gmpang di ambil, sekali di ajukan gada di bantu sama sekali.",1
DANA CICIL & DANA INSTAN tidak ada di Menu jadi tak kasih bintang 2 aja lah.. sering buat transaksi tapi gak ada muncul..,2
sangat puas,5
DANA sangat membantu saya dengan mudah bertransaksi,5
mantap,5
bagus,5
sangat puas tapi dana cicil sayah ga bisa di pakai,5
"dana cicil sudah dibayar bahkan sebelum jatuh tempo, di bagian dana cicil tercantum dana tersedia dan ada limitnya, tapi saat akan digunakan malah tidak bisa dipakai dan tidak berlaku, digunakannya juga untuk membeli data yang jelas jelas biasanya bisa menggunakan dana cicil, saya jadi menyesal bayar sebelum jatuh tempo, jadi sudah bayar bahkan sebelum jatuh tempo bayar tapi saat kepepet ga bisa dapet benefit lagi",1
"notif dan promonya terlalu, banyak yg kejebak",5
mantap,5
Baik,4
kok saya gak da fitur dana cicil padahal saya pakai sering malah udah hbs masa limit nya 40 juta... yg lain baru buat malah udah muncul fitur dana cicil...,1
pengen dana instan ada di aplikasi saya,5
"apk Dana bisa buat investasi luar biasa, sangat membantu 👍👍👍",5
baik,5
ok,4
sangat suka,5
bgus,5
mudah dikuasai,5
"akun saya sudah premium, dan saya sudah aktif bertransaksi, tapi dana cicil belum ada, saya sudah menunggu selama 30 hari, belum juga ada, apalagi yg harus saya lakukan, agar kalian mengaktifkan fitur dana cicil di akun saya!! semuanya telah saya lakukan, tapi mana hasilnya, hasilnya hanyalah harapan kosong, sungguh saya kecewa dengan pihak dana🥲",1
👍,5
memalkai akun dana sangat mudah untuk bertransaksi dan aman.trimakasih,5
alhamdulillah sampai saat ini lancar dan baik-baik,5
dana cicil,5
sangat bermanfaat,5
Alhamdulillah,5
aplikasi ini sangat membantu saya,5
bagus,5
sangat bagus,5
bagus tapi dana cicil gk bisa di pakai,3
nice,5
hp ilang mau login lagi ga bisa malah akun dana ku ke hapus padahal masih ada saldo aku ada KTP yang bisa bukti in akun itu punya aku tpi susah ya minta ampun,1
fitur dana cicil tidak keluar.. solusi nya gimana???,3
kirim sando dana salah,5
good..,5
bagus banget cepat pengiriman nya dan sangat simpel,5
gak bisa d buka aplikasinya,1
proses nya cepat..gratis biaya kirim 10x,5
mantap,5
"udah di update berkali kali eh error trus ""transaksi ramai"" dana jadi nyebelin skrg event doang banyak server error...payah",1
terimakasih,5
ko fitur dana cicilnya hilang?,2
bagusd,5
you are the best my aplication for save my money,5
sangat membantu,5
SANGAT MAMBANTU,5
sangat bagus,5
bagus,5
dapat akses cepat dan terpercaya 👍,5
terbaik.. dan tolong jaga keamanan nya.. dengan ketat,5
manpat bagat,5
ko dana cicil ny gak bisa d pake,3
bagus,5
cocok buat pelajar tapi ga semua fitur bisa di akses,5
"mohon petunjuk dari pihak DANA, kenapa situs DANA Cicil di betanda DANA saya hilang tiba2",5
oke,5
bagus sangat membantu dalam transaksi keuangan,5
"good, sangat membantu",5
sering gagal tranver..,3
cukup membantu,4
hmm nga pernah masuk duit,5
Dana masuk msh ad bbrp delay atau bahkan gagal masuk pdhl status kirim dr orang sukses,4
mantap,5
limit dana cicil masih belom keluar,5
dah premium tapi dana cicil tak ada,5
tolong tambah poin transaksi saya,5
bagus,5
dana instan belum ada,5
baik,5
"tolong untuk pengembang, agar supaya sebelum membuka aplikasi dana itu di proteksi dengan pin, bukan pin transaksi, tapi pin atau keamanan sebelum membuka aplikasi DANA, contoh seperti di telegram, OVO, SEABANK, BRI..dll",5
"susah nya... minta kode verifikasi lewat nomor hp, jangan lewat email... email saya gk bisa di buka....",3
oke,5
Fitur Dana Instan saya tidak muncul,5
"dear dana tolong klo mau refund duit kita tolong permudah donk ,klo kita salah tranfer ke sesama dana itu tolong di mudahkan ehh😭😭, yg penguna dana nya gk bisa di ajak kerja sama gmn ini🥺",1
"mau top up ff, tapi g bs bs, padahal baru top up 5 menit yang lalu pass mau top up lagi g bs",1
bagus,5
untuk Dana game atau Top up Diamond bypas game geme play store Tidak konek link nya dan biasanya masuk ke browsur untuk pembayarnya atau transaksinya di lanjut di browsur tolong perbaiki min Dana.. . . buat aja sesimpel mungkin kaya pembayaran pembayaran yg lainnya..,5
baik s x,5
"knp lupa pin aja repot x ngurus nya,sy sdh trima kode otp artinya no milik saya,knp kolom otp nya tdk ada muncul,jgn2 ini apk maling saldo,repot x ngurus lupa pin aja",1
bismillah semoga akun dana saya ada dana instan nya karena sudah lama tidak merasakan sensasi dari dana ewallet terimakasih,5
puas,4
baik,4
uang saya balikin...,1
ramah,5
bagus,5
bagus simpel,5
dana cicil saya jadi tidak tersedia gimna,1
sangan membantu,5
gak jelas,1
"duit gua angus di apk ini, udh ngehubungin cs nya kaya ga niat gitu bantuinnya, bisanya cmn bilang ""DR PIHAK KAMI GA BISA BANTU"" percuma.",1
Luar biasa,5
terbaik,5
ko dana saya GK ada dana cicil nya ya?,3
setiap kali mau pemindahan akun sistem diana kalian itu berantakan sudah di jelaskan panjang lebar setelah itu hanya di jawab maaf sistem sedang banyak antrean mohon bersabar AKU SUDAH SABAR SELAMA 1 TAHUN DAN TIDAK ADA ITIKAD BAIK DARI PIHAK DANA,1
mantap,5
baik dan lancar,5
mantap,5
"tolong aplikasi dana, saya habis di tf tp saldonya ilang, tolong di perbaiki, yg ada malah merugikan pengguna ini",1
bagus,5
good,4
"gak bisa liat rincian status pengiriman baik transfer uang atau kirim pulsa, yang terlihat malah ngeblank layar putih",2
ok,5
"uang aku tiba tiba hilang dan ternyata buat bayar melolo tanpa sepengatahuan aku,balikin uang gw sekarang juga bisa bisanya bayar tanpa sepengatahuan aku",1
sangat bagus,5
sangat mudah dan praktis,5
dana makin hari makin mengecewakan...akun tiba tiba tidak bisa di buka dan mau lapor ke cs gak ada pihak yang bertanggung jawab dan gak ada yang bisa bantu membereskan smua keluhan pelanggan,1
"berawal dari pergantian nomor lama ke nomor baru berhasil dan status juga premium, trus jalan beberapa bulan setelah mengisi saldo jutaan, kok maaf dana anda blom premium",1
integrasi API makin kacau. tim developer kalian pada kenapa sih sekarang? kok jadi bodoh. kalian ganti kepala CTO?,1
"sering ada bug, tolong diperbaiki kalau masih bisa dipercaya",3
Min saya tidak bisa masuk ke akun dana saya tolong di bantu kayaknya ada yang ngehack akun saya sandi nya di ganti pake verifikasi wajah juga tidak cocok! tolong min!!!,5
"status berhasil, tapi saldo tidak masuk",1
"aplikasi ga guna udh tau nomor hp gw udh ga aktif masih aja minta kode verifikasi nomor hp buat login, emang tolol perbaiki dulu sistem verifikasi otp ga jelas itu, kalau udh diperbaiki baru gw kasih bintang 5",1
mudah digunakan,5
good,5
bagus,5
sangat membantu dalam transaksi apa pun,5
bgus,5
Sangat bagus,5
jos,1
sangat membantu sekali,5
cepat,5
tolong dong munculin fitur dana cicil,5
Dana cicil telat 1 minggu langsung tidak bisa di gunakan,2
aplikasi sering eror katang tidak responsif saat di tekan ketika akan mengirim uang,1
lancar transfer ke rekening bank,5
"sejauh ini sangat membantu, mksh",5
"sangat tidak rekom karena keamanan uang tidak terjamin sama sekali meskipun pengamanan uang ketat namun masih bisa melakukan transaksi yang tidak kita lakukan, sangat merugikan pengguna",1
ok,5
sangat membantu,5
"gak bisa di pake transfer kalo belum di up ke yg premium, ribet bangettt cuma mau transfer aja harus di up ke premium",1
mudah,5
baik,5
knp limit dana cicilanku gk bertambah2...knp dana cicilku gk bs di gunakan min,5
"pelayanan cukup baik DANA , sayang nya iklan Tiktok paksa suruh download.",4
bagus,5
sangat bagus dan amanah dan aku kasih bintang 5 nya semoga kedepanya apk dana makin lancar dan sukses,5
sangat bagus,5
Saldo saya kesedot tolong di batalkan tagihan di apk play store balikin saldo saya,1
ok untuk saat ini mudahan kedepannya lebih aman dn terpercaya,4
baik cukup baik,5
"tolong kembalikan uang saya yg di dana, uang saya hilang tanpa melakukan transaksi",1
pas baru top up dana tbtb akun di tangguhkan. smpe skrg ga dibuka buka. emng ga jelas!!,1
ini dana minggu ini kenapa si gw tf ke dana blom masuk² keterangan sukses,1
terbaik,5
baik,5
"saya pernah top up saldo E-money pakai fitur nfc dan statusnya berhasil, ketika saya update saldonya atau mengaktifkan saldonya, blm ada waktu semenit bahkan 30 detik pun blm ada, tiba"" nfc time out dan pas saya tap lagi saldo yang nonaktif udah ga ada dan sisa saldo yang sebelumnya pun belum bertambah. pas saya laporan ke costumer service pun harus nunggu katanya 3-5 hari, dan kabar gembiranya saldonya sudah di kembalikan walaupun lumayan lama ya, harus nubggu 1 minggu lebih, TERIMAKASIH DANA😇",5
baik,3
"tolong dong kenapa selalu eror dananya, delay banget pas mau transaksi",3
ok,5
Terima kasih aplikasi dana,3
"saya pernah kebocoran Uang karena aplikasi ini, saya himbau untuk berhati-hati bila memiliki uang dan menyimpan di aplikasi ini",1
akun yang belum premium dan nomor nya sudah tidak aktif ga bisa login kembali jelas jelas sebelum saya keluar saya sudah pernah login di akun tersebut dana sekarang penipuan bukan 1 akun aja yabg ga bisa login udah 3 akun dan semua nya memiliki saldo di atas 100k,1
sangat membantu buat transaksi,5
bagua,4
"beberapa kali entah kenapa pas habis transaksi muncul iklan judol, padahal id iklan di hp sudah saya hapus dan saya tidak pernah main judol",1
puasss,5
uang yg aku kirim melalui bank kenapa ga masuk??,3
sangat membantu sekali memakai dana memudahkan pengambilan uang,5
dana TDK ada bertanggung jawab nya,1
bagus,5
kenapa dana cicil selalu tidak tersedia saya kasih bintang 5 agar di baca,5
blum pernah isi dana apakah isi dana aman kah,5
Dana sat set mantap,5
"Parah Dana Event piala dunia Voucher nya udah pada kadaluarsa tapi belum ada yg masuk 1pun,saya tanya di IG katanya maksimal 20hari kerja setelah event berakhir,sementara setelah 20hari kerja ga ada Yg 1pun masuk,voucher minggu pertama kadaluarsa 3agustus hangus,penukuran minggu ke 2 sampai 10agustus hangus,orang2 yg dana nya ga premium pun udah pada masuk yg minggu pertama,saya yg premium ga ada yg masuk. parah ini kapok gabakal mau ngikutin event dana mana hari terakhir event Lag dan gangguan",1
"untuk kegunaan ya cepat,ga ribet. tapi untuk ui ini jelek. hapus feeds di beranda hapus juga pop up promosi, kaya website judol.",1
"Aplikasi yg Sangat membantu, jika Ada gangguan mohon capat di perbaiki Terima Kasih",5
mntap,5
"Help Center hanya dibantu oleh AI, sangat tidak membantu. Promo yg ditawarkan fiktif, bukannya untung dpt lebih murah mlh buntung harga jd lebih mahal. Bertahun2 jadi user DANA, baru kali ini sangat2 kecewa! Update: ubah bintang 1 menjadi 3 karena 1 masalah kelar. Mengenai promo pembayaran cicilan, harus bayar melalui menu Dana Cicil, jika bayar melalui riwayat transaksi, promo gabisa dipake. Harusnya bintang 5, tp saat ini cukup bintang 3 karena sulitnya terhubung ke agent, CS AI sampah",3
cara memunculkan fitur dana cicil,5
ok,5
aku sangat senang dengan akunn Dana inni,5
saya sudah menjadi langganan premium kenapa s app dana saya tidak ada yg nama nya dana instant,5
baik,5
mudah dan praktis,5
luar biasa,5
bagus,5
bagus,5
saya download aplikasi dana mau transaksi beli token dll malah gk bisa. kecewaa,1
mantap,5
😍😍😍,5
bagaimana saya bisa komunikasi dengan cs nya?.,2
bagus,4
bagus,5
aplikasi yg tiada 2 nya transfer kemanapun cepat masuk 👍,5
mantap,5
makin mantap dan cepat,4
mantap,5
good,5
mudah pake dana,5
fitur dana cicil saya blum tersedia,5
mantaf,5
simpel praktis,5
sangat cepat dan tepat,5
ok,5
transferan sado sering ga masuk dan ga ada solusi,1
terbaik,5
ok,5
memuaskan,5
memudahkan transaksi,4
mudah untuk belanja,5
oky,5
mantap,5
sangat bagus,5
baik,5
bagus sekali,5
top bgt,5
munculkan dana cicil,5
baik,5
bagus... tp saldo dana cicilan kok cuma 50rb padahal setiap transaksi sllu pake dana...,5
aplikasi sangat bagus dan membantu bagi saya dalam transaksi ☺,5
baik,5
semgoa lebih baik lagi aplikasi Dana nya,5
mengapa akun dana saya ga ada dana cicil nya,5
tolong buka Fitur dana super Cicil nya dong,5
"PAS DI LOGIN MENTAL""MULU KESALAHAN SISTEM APA GIMANA",1
matapppppppp,5
sangat mambantu saya,5
sangat membantu DANA😍👍👍👍👍👍👍👍👍,5
apk E Wallet terbaik. Tapi dana cicilnya gak pernah di acc,5
bagus,4
bagus sih cuma kalo kita salah kirim ke no yang salah gak bisa di kembalikan lagi ..dan gak ada peringatan ya no salah bayak yang mengeluhkan itu saya sudah berkali kali salah kirim .dan tidak bisa di ambil lagi,2
bagus,5
bagus,5
prosesnya lama,2
Bagus,5
"top up saldo status masuk tapi nggak masuk di ewalletnya, tnya cs jawaban tidak memuaskan ,",2
mantap,5
"cuma satu kata, "" MANTAP""",5
"udah 2 hari dana eror, tidak bisa melakukan transaksi... ini kenapa ya?",5
apk dana sangat membantu saya dalam bertransaksi di era digital ini,4
ok,5
apk paling favorit,5
baik,5
"sangat praktis,dan banyak fitur pembelian mau pun permainan yg bisa menghasilkan saldo gratis",5
aplikasi ini sngtt bguss,5
pertahankan kasih yg terbaik buat pelanggan hususnya TF ke bank lain jgn terlalu mahal tarifnya biar GK lari ke tempat lain👍👌,5
dana is the best,5
Sebelumnya 𝕃𝕀𝕂𝔼 ribuan 👍,5
sangat membatu pokok nya luar biasa,5
"ga berguna sdh dana cicil, ga bisa di pakai Lagi, padhl ga pernah telat bayar.",2
terimakasih aplikasi Dana memang membantu dan sangat puas,5
bagus,5
gak amanah !,1
bagus,5
terimakasih pelayanannya sungguh sangat membantu,5
sering melakukan transaksi smpek limit mengunakan apk Dana jga SDh ber thn2 tp Dana istran aja lambat proses muncul nya....,1
"apk buruk qris sering gagal, dana cicil tidak tersedia pdahal smua sudah di bayar dan gada tagihan samasekali",1
ok,5
"tolong dong aplikasinya dibuay aman lagi,banyak bgt yg kehilangan uang disaldo dana,termasuk saya! dikira nyari uang gampang apa! tolong dikasih aman aplikasinya,biar ga gampang orang ngambil uang disaldo orang""!!!",1
udah 2 hari gak da kepastian nya tentang transaksi dana ke bri.. sudah saya dm no laporan nya tapi sampai skrng belum ada kejelasan,2
dana cicil gak muncul dana instan juga gak muncul,1
kenapa saldo fitur dana cicil saya tidak bisa digunakan??sedangkan pembayaran dana cicil selalu tertib tidak pernah terlambat sama sekali tetapi sekarang tidak bisa digunakan saldonya😊,2
nyaman tapi fiturnya gak lengkap ada kyrang,4
tidak bisa membuka fitur Pulsa dan data.mohon untuk diperbaiki.terima kasih,3
"kalo bisa kasih bintang 0 tak kasih 0 nih aplikasi, sudah 2x saldo saya ilang tbtb, bnr"" gk ada solusi. nyesek bgt",1
TERIMA KASIH DANA,5
baguss,5
Sangat bagus,5
bagus sekali,4
good apk .terbaik,5
good,5
"sangat membantu sekali mempermudah transfer uang ke temen""",5
ok,5
mantap,5
mantap,4
"tolong kembalikan saldo dana saya soal ,ke sedot sama apl tiktok ,soalnya saya gak pake apl tiktok",1
sangat sangat jelek tidak ada pertanggung jawaban dan tidak ad solusi di setiap masalah,1
6. ./1.,4
mudah buat transaksi & ga repot. 😊,5
kenapa selalu gangguan akhir2 ini?,1
Dana pokok nya ok Dech,5
sebagaian uang ku pidahin ke dana + ko sekarang dana+ gak ada,3
bagus,5
mantap,5
baik,5
tidak tersedia obsi dana cicil,1
gw ga bisa donglow dana kenapa,1
sangat mebantu,5
"mudah dan cepat, mantap dana",4
ouu bagus banget,5
sangat membantu🙏🙏,5
"saya kurangi bintangya, awalnya saya kasih Bintang 5,tapi karena dana cicil saya tidak bisa digunakan, padahal saya rutin bayar maka saya kurangi bintangya",1
bgus membantu bnget,4
apk dana banyak maling nya,1
Bagus dan makin mudah dalam transaksi...,5
sangat membantu,5
good,5
"makin susah pemakaianya, susah di tekan klo mau ngirim",1
nyusahin narik saldo dana harus pakai verivikasi wajah ribet banget,1
sangat membantu,5
siipp sekali,5
aplikasi ini sangat berguna sekali bagi masyarakat kecil yang ada di pedesaan,5
"Kurang bgus kok gak bisa diinstal ...maaf iya kak karena,ram hp saya penuh maka ya GK bisa instal",5
duit sering hilang,1
"bagus, semoga amanah,,",5
sangat membantu...,4
bagus,3
sangat bagus,5
sangat membantu,5
ok,5
kren habisa 😘,5
mntapp apk ini sgt mmbantu,5
bgus,5
mantap,5
"kenapa hari-hari ini sering terjadi gangguan,,,perbaiki lagi donk",4
Sangat Membantu,5
dana adalah aplikasi e-wallet yg sangat fantastik & sangat membagongkan..,5
tolong d perbanyak gratis kirim ke semua bank,4
sangat mudah,5
sangat memuaskan,5
baru mau pakai,5
bagus dana mempermudah proses tf,5
sangat baik dan sangatembantu,4
mantap,5
good always,5
"mantap, mudah dan murah",5
bagus,4
parah duit gua hilang 700 ribuan secara mendadak jangan pakai aplikasi ini penipuan aja,1
apl bagus sekali,5
enak di pakai aplikasi dana,5
luar biasa,5
hebat hebat,5
100% Sangat Membantu,5
tenkyuu,5
keren,5
sangat buruk,1
👍👍👍,5
mohon infonya bagaimana solusinya akun dana saya tidak bisa menerima uang,5
sangat mudah bertransaksi dan gampang sekali,5
sangat baik dana untuk kebutuhan,5
bagus dan lebih mudah,5
lancar terus,5
transaksi sip,4
4 hari transaksi masih proses aja saldo udah terpotong hubungi cs dana malah suruh nunggu tapi udah 4 hari gak ada solusi transaksi masih proses aja,1
sangat baik,5
sngat mudah digunakan dan membantu transaksi,5
luar biasa,5
sangat membantu untuk kehidupan dizaman sekarang serba digital,5
"puas,kerennnn",5
baik,4
sangat membantu,5
pengiriman mudah dan cepat,5
saya kasih bintang fuulllbuat dana mantab abis gak ribet lancar jaya,5
bagus dan aman,5
enak pakai aplikasi dana buat bayar apapun gak lelet dan gak banyak iklan nya.,5
Bagus,5
👍,5
sampai saat ini msih bagus,5
sanagat membantu👍,5
bantu aktifin dana cicil saya,4
baik,5
oke,5
sangat membantu,5
sangat²membantu bisa krm kemana² saja,5
kurang baik tapi oke munculkan fitur dana cicil nya,5
bagus,5
aman bagus mudah cepat bertransaksi,5
"Bahaya banget nih dana sekarang,, Masa transtfer gx sampe2 dan untuk bantuan nya susah banget respon nya lama baanget asli sih ini mah,",5
0ke bagus banget buat kantong digital,5
ok sangat bagus,5
dana cicil sya ga muncul2 huhh padahal sering transaksi Mulu kecewa dah sya,5
sangat baik,5
terpercaya dan tidak ribet,5
menggunakan dengan benar okayy,5
hebatt,5
sekarang mau isi pulsa atau koata mahal dari dana kenapa ya🤭,4
kenapa di HP vivo saya Dana berhenti berfungsi.,3
ok,5
ok😁👍👍,5
mantapsekali,5
enak bgt transfer tampa biaya admin aku suka dana semoga kedepannya dana selalu aman tidak ada masalah kehilangan uang lagi ya min🤲amin,5
👍👍👍,5
dana gj masa dana aku gabisa pandai QR yg si galeri,1
mntap x,5
"sangat mambantu ,,tabarakallah",5
mantap cepat juosjiss,5
good 5 50+,5
Saya ingin menyampaikan saran untuk pembayaran scan agar dibuat tampilan instan saat membuka aplikasi sebelum masuk beranda utama. atau ketika membuka aplikasi langsung tampil Scan dan juga untuk masuk ke beranda utama. nominal di pojok kiri atas dalam beranda utama agar diperbesar. dan kalau bisa gadaikan simple hanya untuk pelayanan pembayaran dan penerimaan uang tidak perlu lagi layanan yang lainnya kecuali yang sudah menjadi wajib pembayaran seperti listrik air PBB dan pembayaran tiket dll.,5
kenapa dana cicil saya tidak tersedia / tidak berlaku... tolong bantuannya.... 🙏🙏🙏🙏🙏🙏🙏,5
mantap,5
mudah dan cepat dan canggih,5
praktis gampang di pahami gk ribet terimkasih DANA,5
😀,5
praktis dan cepat,5
gampang digunakan dan banyak fiturnya,5
baguss,5
"kenpa dana sekarang gak jelas , ada uang di dana sering hilang banyak banget jadi mau narok uang di dana jadi was-was karena sering hilang tanpa sebab, tolong di perbaiki lagi dong pengguna dana banyak yang kecewa kalau begini",3
udah top ap kedanaku tapi GK keisi,1
bagussssssssss,5
mantap,4
"anjirr duit gw ke sedot ke uc drive cok 49rb, tiba tiba banget cok, woy balikin duit gw, bintang 0 sih",1
nice,5
"memudahkan transaksi digital, semoga terus amanah ya",5
bagus,5
makasih banyak,5
cepat,5
transaksi sangat lancar,5
👍👍👍👍,5
dijadikan untuk judi online 🤬,1
"tidak dapat melakukan pinjaman seperti dana cicil,dana instan dll",1
enjoyyy my lifee,4
ok,5
kok saya gak bisa lagi guna kan danacicil,5
sangat membantu dalam proses pengiriman,2
sangat mudah untuk dilakukan transaksi,5
tolong aktifkan dana cicil akun saya,5
kok selalu ngebug,3
"makin kesini pelayanan makin buruk. terus itu fungsi dana cicil apa lah fitur gak ada gunanya,gak bisa dipakai",1
sayang dana cicil ga bisa di pake,5
transaksi lebih gampang,5
"Bank digital berguna juga ya, program & internalnya lebih fleksibel dipakai,bebas iklan,bug,ataupun lelet,cepat bila dijalankan & mengakses smua menu2nya. Tapi di sayangkan pernah juga dipakai terkadang agak"" sulit membukanya pas saat koneksi lagi buruk / tidak stabil,terkadang perputarannya lambat banget dan cuma berputar-putar saja. mungkin cuma hal yang biasa terjadi di apps ini dan yang lain-lainnya sesuai pengalaman transaksi sukses,,masukan tuk perkembangannya dibenahi segalanya._harap",5
"knapa saya di pending lama banget, neh",1
aktipin fiture dana instan,5
sangat praktis,5
"menu listrik dan pulsa saya tidak bisa d buka,layar putih,kalau transfer normal",1
terbaik,5
top,5
senang merasa terbantu,5
Saya sudah PREMIUM tapi belum ada Fitur cicil,5
iyaa,5
mudah transaksi cepet ga ribet,5
knpa dana cicil di akun saya ga ada terus ya padahal penggunaan dana sudah cukup lama,4
baik,5
mantap,5
ok,5
mudah dan praktis😊,5
sangat 👍👌 untuk fitur dana cicilan gk ada.?,3
sangat baik,5
"sudah premium dan sering banget transaksi, tp masih gk di kasih fitur dana cicil",5
"sangat bagus, waloupun blum muncul fitur dana cicil",5
dana emang hebat saya senang jadinya,5
"Aplikasi aneh padahal sering transaksi tapi masih aja bikin kecewa, padahal make udah lama.. ke 2 isi saldo 500 ribu tiba tiba transaksi sendiri saldo ilang angus sampe sekarang entah dimakan apa.. user lama emang mending ganti apk lain deh udah",1
mantap,5
INI gimna yh ko dana cicil saya tidak muncul knapa yh pelayanan ny sangat lambat saya audah tiap hari untuk blanja dan memaki ny sehari2 kebutuhan saya tpi dana cicil saya tidak mucul,2
bagus sekali,5
dana cicixilnya ga bisa di pake,5
manatap,5
kenapa pitur dana cicil ga ada,1
mantap,5
sangat puasss,5
sangat mudah untuk dilakukan transaksi,5
saya tidak ada fitur dana cicil sdangkan teman² sudah memiliki,2
ok,5
"Suka berguna juga ya, program & internalnya lebih fleksibel dipakai,bebas iklan,bug,ataupun lelet,cepat bila dijalankan & mengakses smua menu2nya. Tapi di sayangkan pernah juga dipakai terkadang agak"" sulit membukanya pas saat koneksi lagi buruk / tidak stabil,terkadang perputarannya lambat banget dan cuma berputar-putar saja. mungkin cuma hal yang biasa terjadi di apps ini dan yang lain-lainnya sesuai pengalaman transaksi sukses,,masukan tuk perkembangannya dibenahi segalanya",5
tolong fitur dana cicil,5
good,5
"Asli oke harga terjangkau, programnya & internalnya lebih bekerja dgn baik,bebas iklan,bug,ataupun lag,enak ketika dijalankan & mengakses smua menu2nya. Tapi di sayangkan sering waktu dipakai terkadang agak"" sulit membukanya pas saat koneksi lagi buruk / tidak stabil, terkadang loadingnya lambat banget dan cuma berputar-putar saja. mungkin cuma hal yang biasa terjadi di apps ini dan yang lain-lainnya sesuai pengalaman transaksi sukses,,masukan tuk bagusnya dibenahi segalanya _kuylah",5
mantep,5
👍👍👍👍,5
saldo dana cicil saya tidak bisa digunakan padahal limit ada,1
cara mengatasi verifikasi wajah gagal di dana bisnis padahal sudah wajah saya sendiri mohon bantuannya,1
josss satset,5
apk brat...,1
sangat membantu,5
bgus,5
sangat bagussss,5
suka,5
pengaduan limit dana cicil tidak bisa di gunakan sudah 1 hari ga ad respon,1
fitur dana cicil tidak muncul,1
💸,5
jos,5
"entah kenapa setelah bertahun tahun mengunakan dana bahkan mengunakan dana sebagai rekening utama dikatakan tidak layak mengunakan dana, oleh orang yg menjalankan aplikasi dana tersebut😔 apakah ini titik terendah sebuah aplikasi? klo ada yg bisa bantu jawap pertanyaan ku tolong di jawab ya",1
mantap,5
"saya tidak bisa akses ke google play maupun check-in dari tadi sore hingga sekarang masih begitu, minta bantuan di dana juga gak ada solusinya, udah saya uninstall tetap saja masih begitu maaf saya kasih bintang 1 karena tidak bisa memberikan solusi",1
sangat membantu aplikasinya,5
dana cicil di apk kok nggk ada,1
terima kasih dana.,5
dana cicil nya gak jelas.,1
untuk dana cicil nya masih belum bisa padahal sering transaksi,5
tidak bisa masuk dana,5
sangat baik,2
dana cicilku GK bisa di gunakan kenapa ya???,5
pusat bantuan robot,1
dana cicil ku tidak muncul,5
ok,5
dana cicil saya blm ada keluar bg,5
cukup bagus,5
mantap,5
BAGUSSS,5
kebanyakan gangguan,5
baik,5
"BANK PALING GAJELAS, CS YANG JAWAB AI, UDAH GITU GAPUNYA CABANG KALO MAU NGELUH, TIBA TIBA AJA REKENING GW KEBLOKIR SUSPEND ALASAN KEAMANAN PADAHAL GA DIAPA2IN ITU DANA ANEH, MENDING HAPUS AJA KALIAN YANG PAKE DANA",1
sering terjadi kelambatan,3
kembalikan saldo dana saya yang di ambil tiktok coin recher,1
kasih dana cicil,5
puasssss,1
"apa apa an ini,orang baru TF sama aku,kok gak masuk masuk aja kenapa dana sekarang lelet",3
mantap,5
"aplikasi sering tidak bisa melakukan transaksi apapun, berulang kali keluar masuk dana tetap tidak bisa sudah 2 bulan lebih",3
"saya gak bisa login ke akun, soalnya nomer sudah gak aktif. mau ganti nomer baru takut saldo hilang. gimana solusinya",3
sayang ya dana cicil nya tidak dapat di gunakan pdahal gak ada tunggakan,5
"tidak bisa menggunakan data seluler ketika membuka aplikasi DANA, tapi jika pakai wifi bisa di gunakan aolikasi inni",1
bagus,5
mengapa fitur dana cicil saya belum di aktifkan,5
bagus,5
bagus aman dan terpercaya,5
KA Mohon Bantu Untuk mengakses dana cicil agar muncul di beranda sya,5
oks,5
bagus,5
baik,5
cepat,5
tidak ada aplikasi dana squid game run nya di aplikasi dana saya,5
tutor cara nabung,5
"fitur dana cicil saya tidak pernah ada padahal saya konsisten melakukan transaksi lewat dana, dan juga saya ke pusat bantuan untuk pengajuan fitur dana cicil akan tetapi setiap saya ajukan cuma dikasih harapan menunggu setiap saya ajukan alasannya pasti tunggu satu bulan",1
sangat mudah digunakan,5
dana cicil kok ga ada min,1
"Top Up Saldo dari BCA rek sendiri ke Dana Tidak Masuk, sudah chat dibales robot minta 11 digit no referensi sedangkan no referensi BCA lebih dari 11 digit saya masukin dari depan dan belakang tetap salah, sangat merugikan.",1
Sangat Bermanfaat,5
sangat bagus,4
bermanfaat bagi banyak orang,5
kok ngga ada menu dana cicil,5
tidak ada fitur dana cicil,1
bagus sekali,5
ok,5
puas,5
saya sudah verifikasi wajah menggunakan wajah saya sendiri yang terkait ke akun dana premium saya tetapi masih belum bisa login di mohon untuk membantu saya login di karenakan akun dana tersebut mempunyai saldo yang cukup besar. (nomor di akun tersebut sudah hilang dan hanya bisa login menggunakan wajah tetapi tetap harus menggunakan kode otp),3
aplikasi nya sangat bagus,5
sediakan fitur dana cicil,5
good aplication,5
baguss,5
mantap mudah di gunakan dan praktis...,5
Pengiriman / Transfer sangat cepat.. Mantap betul niih apk Dana,5
sudah lama saya mengunakan dana sudah 6 taun dan saya juga berteransaksi terus tapi dana cicil tidak kunjung muncul ayo kak bantu saya untuk memunculan dana cicil,1
kecewa,1
"akun sudah tidak bisa di gunakan, padahal ada saldo di dalam.. sangat² mengecewakan..",1
manatap,5
mantap,5
kok dana saya masih pakek dana lama,5
dana cicil saya tidak bisa,2
dana cicil nya gak bisa di aktifasi,1
oke banget KLO ada fitur dana cicilnya,5
mantap si,5
matap,5
bagus,5
mantap,5
personel,5
mantap,5
dana cicil aktif tapi tidak bisa dipakai... payah,1
buat nyimpan uwang mantap,5
ok,5
"dana cicil suka ga bisa di gunakan padahal udah bayar lunas cicilan , Sdngkan di saat butuh ga bisaa??",1
keren,5
bagus,5
terlalu banyak potongan transaksi nya,5
"ini apk kenapa kok saldo ku hilang padahal gak ada transaksi apa pun. Atau pun pesan pengiriman tidak ada sama sekali kok saldo ku hilang, walau pun cuman 20k.",1
sangat membantu,5
dana cicil tida muncul,1
saya suka,5
bagus,5
sangat bagus,5
gajelas ga bisa masuk apaan dah perbaiki dana lu cape gw,1
👍👍👍👍,5
tolongdi mudah kan proses pinjaman dana sy bosskuu,5
mantap,5
bagus sangat membantu,5
the best,5
sering pakai dan udah lama dana cicil gk pernah keluar,5
apk tai,1
"jagan gunakan lagi aplikasi dana ini,atau mnyimpan uang di sini,,uang kalian hilang dgan sendiri nya,,,,",1
makin kesini makin lemot makin jelek aplikasi dana,1
"saya senang dengan aplikasi dana ini,jadi gampang bertransaksi",5
bagus,5
bgus bnget,5
baik,5
josss,5
sangat baik sekali 😘😘😘😘,5
sangat baik,5
ok,5
"apk gk jelas,masa bisa kesedot dana saldo saya mana banyakk lagi,tolong dong perbaiki sistemnya kasian kalo org lain yang banyak kesedotnya",2
mantap,5
sayangnya dana cicil saya tidak bisa di pakai,5
semoga bermanfaat 😘,5
hapus saja DANA cicil di hp saya percuma gak bisa di gunakan,1
👍,5
banyak bug,1
sekelas dana makin lama.bukannya makin baguss malah error mulu krena banyak yang pakai,2
aplikasi sangat membantu,5
sangat baik,5
mantap Joossssssss keren,5
berawal dari gak bisa kirim saldo lalu hapus chace..saat mau log in ulang tiba2 akun di tangguhkan..chat Diana tapi gak bisa membantu gimana ini...saldonya hilang kah..,3
mantap,5
ada pelayanan dana cicil,5
ada yang pernah ngalamin top up disini tidak di proses??bahaya nih aplikasi,1
ko di donlod susah,5
keren,5
"entahlah kenapa dana cicil ku sudah ga bisa lagi, pdhal udah di bayar lunas, iya gua tau pernah terlambat dan itu juga bukan berminggu-minggu atau sampai berbulan-bulan terlambat 2 hari terus gua bayar, ehh sudah lunas malah gbisa di pake, eek lah",1
ok,5
mantap,4
mntaappp pko nya,5
membantu sekali....,5
tolong aktifkan fitur dana cicil saya secara permanen dan lebih mudah untuk digunakan dan tolong naikan limit dana cicil saya agar tidak mentok di 150ribu. karena saya selalu menggunakan aplikasi dana aktif setiap hari untuk bertransaksi terimakasih,5
cuman aku yang dana. cicil nya gak ada,5
keren,5
sangat bagus,5
"kenapa sih akhir"" ini dana sering down ... heran deh ...",2
bagus 💯,1
"dana sekarang gak aman, uang hilang beberapa, aneh sekali padahal dulu gak seperti itu",1
aku pernah hilang uang 400 rb di dana tiba tiba apk elor terus ke pencef tiba trasper yang gak jelas namanya dan bnknya termyata kesalahan serper dan udah ke pengaduan uangnya tidak bisa kembali lenyap begitu saja,1
kenapa di akun saya gak ada fitur fitur dana cicil,3
proses cepat sangat membantu,5
mudah untuk melakukan transaksi. tapi sayang nya nggak bisa aktifkan dana cicil,5
ckup baik,4
sangat bagus dan membantu,5
sangat cepat dalam bertransaksi,5
terimakasih.dana.kalu q jenuh tinggal main game di sini.🥰🥰🥰,5
sangat baik,5
"mantap,tapi lelet",5
apakah Anda bisa tolong kami masukkan dana kami tpi nomor dana saya tidak aktif,1
sangat buruk sering tidak bisa di gunakan,1
Aman,3
sangat baik,5
mantap,5
dana cicil aku tidak muncul,1
berguna,5
dana ap dengan aplikasi kasi dana ini saya udh sudah 2 hari gak bisa login sudah itu gak jelas lagi mana ada isi nya lagi,1
"cepat ,mudah dan terpercaya... mantap si menurutku",4
terima kasih dana .. aplikasi yang aman untuk transaksi dan simpan uang tapi dana cicil saya kok gak bisa di pake,5
kenapa saya GK bisa menghinstal aplikasi dana,5
"di upgrade jadi lebih bagus, mantapp 👍🏻",5
luarbiasa,5
aplikasi maling duit tiba tiba hilang dengan kejelasan transaksi google lens scaner tanpa ada nya konfirmasi padahal tidak ada berlangganan,3
"saya ingin membuka dana cicil tapi ngk bisa transaksi udah bertahun"" gimana ini fiturnya malah suruh transaksi.padahal tiap hari transaksi",5
cepat & bermanfaat,5
mantaap,5
Bagus,5
susah di buka,1
baik proses cepat,4
sangat bagus,5
sangat baik,5
sudah pake Selfi wajah tetap gak bisa,3
mempermudah transaksi buat yg tidak punya rekening bank,5
sangat baik,5
praktis dan efisien,5
bagus,5
niceee,5
fitur dana cicil tidak ada,5
bagus,5
tolong aktifkan dana cicil saya,5
baik,4
Bagus banget,5
keren,5
dana udah ngak aman lagi baru saja akun ku di bobol,1
sangat bagus,5
"Uang saya hilang ntah kenapa, 90k jadi 70k buat beli paketan, untung masih bisa",1
sangat bagus,5
kenapa dana Ki eror ya susah di buka ga bisa digunakan untuk transaksi,3
"aplikasi Dana mulai gak bener nih, saldo sudah dua kali hilang tampa tau itu hilangnya kemana, di lihat di aktifitas tidak ada catatan, melapor ke pihat bantuan sama saja bohong yg balas asisten AI tidak bisa menyelesaikan masalah",1
mantap,5
danacicil g ada di akun saya,1
good,5
baik,4
bagus,5
kenapa jadi gak busa dibuka,1
susah login,3
sangat bermanfaat,5
"aplikasi cacat, ganti no nya, macam mau masuk pns, cacat",1
sangat mudah dan membantu untuk saya,5
aplikasi ini sangat praktis dan efisien,5
busuk sudah versi terbaru ngleg su!,1
transaksi berhasil di rek dana sy sudah kepotong saldo sy TPI di cek di rek penerima g ad transaksi uang msk sy complaint Sampek sekarang g ad titik temu,2
sungguh mudah digunakan,5
bagus cuman masalah untuk lakukan beli pulsa tidak bisah.,5
untuk aplikasi bagus tapi customer servis nya sangat jelek hanya chat sama bot bo t yang sangat tidak membantu,1
tolong munculkan link dana cicil saya terimakasih,5
Baik,5
saya kasih bintang 1 sebab fitur dana cicil setelah di bayar semua tagihan tersebut dana cicil/paylater tersebut tidak bisa di pakai kembali.. Padahal fitur tersebut ada pada akun saya tapi tidak bisa di pakai,1
sangat episien sekali,5
mantap,5
mantap,5
lebih mudah dan praktis,5
Sangat membantu..👍,5
good,5
aplikasi ga guna akun saya di suspen padahal masih ada saldo di dalam aplikasi saya di rugikan oleh pihak dana,1
sangat membantu,5
mantap,5
mmbantu skali dg kmudahan aplikasinya,5
hapus iklan judol,5
oke 👍,4
mantap,5
Oke,4
sangat membantu untuk transaksi keuangan saya,5
"sekarang udh bisa ngajuin reffund yg nunggunya gak lama, sorry and thank you",5
aplikasi amanah.,5
bagus,5
"minta bantuan, nya sulit malah bertele' tolong ya pihak dana perlayan nya di tingkat kan lagi.",2
kenapa ya susah mau instal lagi nya,5
bagus,5
jos jis sangat sangat jos jis,5
mudah,5
"sudah di update malah gak bisa transaksi sibuk terus,,ada saldo masuk tapi di ck gak ada ngeleg apa gmna,jadi susah mau transaksi",1
bagus,5
sangat bagus,5
"Aplikasi apasih ini, nomor yang sudah tidak aktif lagi kok disuruh diganti dengan nomor baru, ya saya tidak setuju, mohon pihak dana, tetap kan verifikasi nomor hanya dengan kode pin saja, bagi nomor yang sudah tidak ada sim atau nomor tidak aktif",1
kok.. bar diupdate sering keluar sendiri,3
"upgrade dana premini (bantuan dana premium dengan ortu) sesi foto kk, selalu gagal, padahal KK asli dan jelas, tapi bilangnya terus harus KK asli🫩",1
sangat memuaskan,5
"Udah 3 hari transaksi saya masi pending dan belum ada tindak lanjut yang jelas , platform sebesar ini banyak gangguan",1
dana terlalu mudah diretas orng.,1
"kesel banget udah tau, no udah gaada tpi ttp aja minta kode pdhl udh verifikasi pke muka masih aja minta kodenya",1
lebih mudah dan tidak ribet,5
baik,5
good,5
sangat bagus untuk di install dan sangat murah mb,5
mantap,5
nggk ad masuk dana cicilnya,5
Mantap,5
yang kurang harus dana plus dan butuh KTP paspor dan lain sebagainya agar bisa tranfer dan lain sebagainya jadi saya ga bisa kasih bintang 5 karna fitur nya tarhalang saya harap ga perlu pakai dana plus lagi atau Ndak minimal bisa tranfer lah,4
suka eror,1
mantap,5
Apa fungsi nya Dana Personal Dan Bisnis Di Pisahkan Bikin Ribet saja,1
tapi kenapa ya dana cicil gabisa digunain,5
mantap,5
baik,5
sangat memuaskan pakai aplikasi dana mempermudah cara mengirim uang dengan mudah..saya suka,5
termurah dan terpercaya 🙏🙏🙏,5
pernah ilang,5
👍👍👍👍,4
sayang nya firur dan instan tdk ada,5
ok,5
mantap,5
"ini kenapa saya kok gabisa narik saldo saya yg di dana goals ya padahal sudah mengikuti instruksi nya tapi kok tetep ga bisa,sudah scan wajah juga loh,mohon pihak dana ini gimana",2
bagus,5
Karena sangat bagus,5
baguss banget mantap,5
"Bintang 1, Dana cicil sudah di lunasi,bayar tidak terlambat,mau pakai lagi tidak bisa!!! tanya ke customer Diana jawabannya Bego!!!!!",1
aman dan cepat,5
oke,5
Mantap bgus sxli,5
"APLIKASI PENCURI, TINGKAT KEAMANAN SUPER RENDAH, TIBA TIBA SALDO DI CURI PADAHAL TIDAK SEDANG TRANSAKSI TIBA TIBA DUIT HILANG, TOLONG DI UPDATE LAGI TINGKAT KEAMANAN BIAR TIDAK DICOLONG SALDONYA",1
bagus,5
csnya bot,1
busuk eror mulu,2
sangat bermanfaat,5
bermanfaat untuk transaksi/simpan uang anak muda,4
sangat membantu & mudah buat bertransaksi sehari -hari🫰,5
cukup,3
tidak dapat menggunakan dana cicil,4
aplikasi ribet,2
terlalu sering gangguan,5
sangat membantu mengatur keuangan,5
dana ok bgt pokoknya👍,5
tidak bisa donlod kenapa ya SDH di restart hp namun tidak ada perubahan,1
sangat mengisi dompet,5
mantap👍,5
sangat membantu,5
"semua nya sudah okay, cuma sangat disayangkan aplikasi sering error dan sering gangguan, di update bukan makin lancar malah makin lemot. tolong lebih di tingkatkan lagi. untuk dana paylater tolong di perbaiki sudah 3 bulan tidai bisa digunakan sama sekali",2
ok,5
"punya sya tidak bisa kirim e wallet, stuck di logo loding",1
sangan berguna,5
🤙🤙🤙,5
terbaik,5
"saya ingin menanyakan kenapa akun dana saya tidak ada fitur dana cicil atau dana pinjam ya,",5
dana ku kok blum ada danacicil nya,5
mantul,5
"sangat membantu dan baik,,,",5
memuaskan,5
aplikasi tidak bisa dibuka,1
gimana sih ko di apgred premium ngga bisa bikin repot tolong kasih kemudahan,1
pedagang,5
"bagi saya, dana adalah aplikasi nomer 1 karena saya bisa menghemat uang dari aplikasi dana ini",5
baguss,5
bismillah sangat membantu untuk transaksi dana nabung,5
"semakin aneh sekarang mau transaksi,Yach banyak yang lagi transaksi,coba lagi beberapa menit,terus temenku sudah transfer namun di akun saya kok gak ada masuk saldo ya,padahal transaksi berhasil,transfer bersebelahan sama saya temenku,kok aneh atau memang maintenance?",3
sangat bagus,5
ngestak 85 persen,5
"saya udah hampir 5 tahun menggunakan dana, baru ini tiba2 danaku ada tagihan dana cicil. padahal aku gak pernah menggunakan dana cicil. dan hari ini juga aku isi saldo gak masuk,dari pengirim sukses. liat di aktivitas dana ku gak ada yg masuk saldo. ntah ke mana Saldo itu larinya",1
"TERJADI LAGI UNTUK KETIGA KALINYA DI AKUN DANA SAYA, TRANSAKSI BERHASIL TAPI UANG TIDAK MASUK KE AKUN DANA SAYA. DILAPORKAN JUGA TIDAK DI RESPON DANA GAK BAIK, STOP GUNAKAN DANA.",1
sangat membantu,5
aktifkan dana cicip saya,5
dana cicil ku kog GK bisa di pakek,4
Ok,5
sangat bagus,5
bguss,5
mudah kirim,5
mantap,5
sangat membantu banget,5
Mana dana cicil gak muncul muncul di dana sya hadeh,5
dana instan kenapa ya setelah dibayar ngga bisa ditarik lagi,5
apk lol,1
"Min,aku menggunakan apk DANA ini uda lama banget tapi kenapa aku gak dapet fitur terbaru nya kenapa bisa gitu ya minnn agak sedikit kecewa si",2
ok banget,5
kepada pihak DANA mohon dibantu bagaimana caranya mengaktifkan akun yg sudah terdaftar KTP nya supaya bisa terdaftar kembali?,3
Bagus,5
bagus cuma cara masukin uang nya ke saldo susah,5
aplikasinya bagus kalian harus download 🤗🤗,5
mantap,5
BIAYA ADMIN NYA LUMayan mahal,3
aga kesel si aku beli pulsa tapi gagal transaksi terus uang nya engga kembali lagi udah seminggu lebih padahal,3
mantap tingkatkan,5
jlek bangt sekarang,3
mantab,5
bagus,5
lagi dana kaget kaga jelas lemot tempek orang udh pake hp rog tetep aja lemot,1
"GA GUNA, APLIKASI SANGAT² BUG GA JELAS, MASA PEMBAYARAN DI CANCEL MULU ALASAN ""BANYAK YANG COBA TRANSAKSI"" LAH ORANG LAIN BERTRANSAKSI AKU PENGGUNA DANA JUGA KENAPA GA DI LAYANI??",1
sangat puas,5
bagus,5
sangak bagus,5
dana ok,4
mantap,5
gg satset,5
sangat baik dan bagus,5
bug,1
mantap,5
Beli kuota cepe dana sudah kepotong tapi kuota ya tidak masuk...aplikasi bosok,1
ok 5 bintang,5
"sering error semenjak pakai Dana, kali ini saya gak bisa lihat buktinya transaksi, mengalami kendala terus. Segera tindak lanjuti. Saya gak akan mengubah bintangnya kalo gak diperbaiki",1
👍,5
bagus,5
aplikasi ini sangat membantu mempermudah kita untuk bertransaksi,5
sangat bagus,5
kepada pihak dana saya mohon bantuannya atas ketidaknyamanan saya karnah uang saya yg hilang di ambil tik tok coin recharger sementara saya tidak melakukan transaksi mohon di proses,5
bagus,5
bantu timbulkan dana cicil kak,5
sangat puas,5
tolong admin akun dana saya di pakai sama orang lain dan nomor nya hp di ganti saya tidak pernah mengganti nomor hp,5
bagus juga oke,4
sangat membantu,5
"mengapa akhir"" ini dana selalu ada kendala?? GK bisa masuk atau GK bisa teranfer ... knapa sih?? skarang ajh eror trus dri pagi.",5
sangat nyaman pakai aplikasi ini bintang lima pokoknya,5
"sangat mudah untuk transaksi seperti isi pulsa biasa, token listrik dll",5
mudah dan cepat sukses slalu DANA,5
saya suka sekali,5
sangat mempermudah tramkasih akun dana,5
top bnget,5
"kak bantu pengembalian saldo dana yg. tersedot oleh tiktok coin recharger , saya sdh menghubungi diana juga tiktok 🙏",4
DANA Dompet Digital😳😳😳😳😳😳👉👈👍🏻👍🏻👍🏻👍🏻🙏🙏🇮🇩,5
sangat bagus sekali aplikasi dana ini,5
"uang tiba"" ilang sendiri,tiba""ada transaksi tanpa persetujuan",5
kenapa dana cicil saya sedang tidak tersedia,1
"saya sudah 2x top up E-tol status berhasil dan saldo dana terpotong namun di saldo E-tol tidak masuk. yg pertama transaksi pada tgl 30 Juni 2026 sebesar Rp. 200rb, dan barusaja transaksi lagi sebesar Rp. 100rb status berhasil dan saldo dana terpotong tapi saldo E-tol tdk masul lagi. sudah Rp. 300rb uang saya nyantol entah kemana. saya bingung mau komplain kemana agar uang saya kembali. tolong solusinya.",1
Baik👌👌👍👍👍👍👍👍👍👍👍👍👌👌,5
maaf,5
saya mau hapus akun permanen no hp lama saya,5
bagus,5
"Tolong bantu, kok fiturnya DANA CICIL nya belom muncul/ada",5
kurang aman,1
dana cicil nya qo ngga bisa dipakai lagi sekarang mh padahal bayar selalu tepat waktu,5
bagus,5
Pokok nya is the best,5
lebih mudah,5
toooopppppp,4
transaksi pake dana mantabb..lancarr dan cepat,5
gw gak bisa daftar,1
Mantap,5
bgus,5
ckup baikk pakai apk selama ini,4
"bagus min,cuma kalo emang kita ada lagganan google play jangan lasung kesedot dong min dana kita persetujuan kek baru kesedot, cape nungguin refund dananya min ,iya kalo emang dana simpenan doang ,gimana kalo dana ingin dipakai hari ini malah kesedot trus nunggu refund 1-4hari tolong min. untuk apk bagus banget top pokonya",5
ok,5
cepat dan tepat,5
cukup baik,5
cukup puas simple,5
"mau bayar pake qris aja susah,, uninstall aja",2
cukup baik selama saya pakai dana,5
sangat baik,5
Sangat mudah di gunakan. sukses terus ya.,5
sangat membantu dan bermanfaat,5
"aplikasi jelek, masa saldo saya ga masuk padahal transaksi udah berhasil, saya kecewa, tlong jangan download apk ini",1
"tadi devloper bales udah 1) clear cache app DANA, 2) update ke versi terbaru, 3) restart perangkat. 4) jaringan internet stabil. tetap di tolak masuk akun saya donwload tetap disini bukan apk pokoknya saya protes ingin nabung masuk menggunakan nomor telepon tetap gk bisa",1
lumayan .,5
keren,5
pelayanan yang super cepat,5
sangat membantu saat kita bertansaksi,5
bagussssssss,5
kalo habis transaksi .knpa GK bisa liat detail .,2
good,5
mantap,5
sangat bermanfaat dan memudahan transaksi,5
dana cicil saya kenapa tidak bisa di gunakan padahal sudah tidak ada tagihan,4
oke,5
afk bagus,5
sangat membantu,5
sangat membantu,2
ok,4
kirim uang jadi mudah,5
sangat bagus,5
sangat membantu,5
bagus,5
Mantap 👍😀,5
"aplikasi kebanyakan bug, benerin dong gimana sih",1
gout ok,5
pengiriman uang ke orang lain prosesnya sangat cepat,5
Tanpa iklan kami suka,5
baik,5
sangat baik sekali,5
aplikasi ini sangat bagus sangat dapat di percaya untuk kebutuhan kita sehari hari,5
mantap,5
serba bisa dan mudah untuk segala transaksi tanpa ribet,5
sangat bermanfaat,5
mau masukin nomor aja ga bisa buat tf woi,2
ok,5
memudahkan segala kebutuhan uang digital,5
bagus,5
sngat membantu sw x.. trimaksih aplikasi Dana,5
Bagus,5
bagus,5
gak bisa ubah nama rekening langsung 🙄,1
"kenapa voucher pildun yang saya dapat hanya 200 padahal saya juga mendapatkan 10.000 , tolong di perhatikan...",1
sngat baik,5
mantap 👍🏻,5
ga bisa kirim uang upgrade fremium ga bisa,2
amat baik,5
halo min aku sebagai penggunan non premium terasa susah untuk membayar-bayar karena fitur qris foto dari album nge bug,4
karana di dana saya ga ada gambar galery mau irim uang,1
Saya menyesal pakai dana setiap top up pasti 12-15 hari kemudian baru masuk bikin repot banget mendingan saya pakai app sebelah,1
"sy sempat hilang uang ,,,trauma nyimpan uang di dana",2
ok,4
"min tindak lanjuti dong aku udah garap event affiliate reff dana bisnis yang katanya 45ribu/usaha dlm 14 hari dan min 5× transaksi udah 16 hari gaada komisi masuk udah chat Diana udah dm ig, cs dll malah suruh sabar mulu gmn sih, di ig juga komennya bot doang bisnis yang halal dong jangan ngasih harapan doang☹️☹️☹️",5
Good,5
bagus,5
sangat membantu buat transaksi,5
verygood,5
kita kan daftar pakai nomor hp. ada email jg. lalu sudah coba ratusan kali masuk tp gagal verifikasi wajah. harusnya jangan mempersulit org. ini dipersulit karena ada saldo didalam akun. gak boleh ya... banyak dosamu mencuri uang byk,1
mantap,5
Aplikasi Yg Paling Mambantu,5
assalamu'alaikum cs dana tolong dong fitur dana cicilnya di benerin lagi saya sudah sangat lama mengunakan apk ini tapi sampai sekarang belom ada fitur dana cicilnya saya sangat kecewa atas pilih kasihnya dmn akun yg baru buat aja langsung ada fitur dana cicilnya,3
tolong persi baru,5
upgrade ke dana premium selalu gagal bikin ribet,1
dana sangat membantu,5
GK jelas ni aplikasi masa gw GK bisa login ke akun dana gw,1
oke,4
membantu harian saya,5
sangat luar bisa,5
bgus,5
APLIKASINYA NYAMAN DAN MUDAH DI GUNAKAN.. SAYA JADI MUDAH TRANSAKSI MENERIMA DAN MENGIRIM UANG KE QRIS DAN BANK,5
terima kasih,5
saya ingin mengajukan permohonan untuk aplikasi ini sering ngepris,5
dana cicil saya tidak ada di menu,4
terbantu,5
sangat bagus dan membantu,5
oke baik,5
"Saya kecewa dengan Dana, mana proteksi 100% bila uang kita bisa dii bobol maling dan malah tidak ada pengembalian dengan alasan sudah sesuai prosedur, padahal kita tidak melakukan transaksi sama sekali tapi uang raib, dan teman yg lain juga banyak mengalami hal yang sama/uang hilang di Dama",1
sangat baik,5
"Tf harus genap... Sering motong otomatis dari apk... pdhal ga berlangganan , 300 rb kena potong katanya hub Google biar bisa refund nyatanya gada...",1
kenapa saya tidak bisa memakai dana cicil padahal sudah ada dana cicil saya tidak bisa memakai nya mohon di bantu,1
DANA CICIL,5
ok,5
sangat membantu,5
"uang saldo dana hilang padahal baru ngisi 650.000, gak ada transaksi ataupun memberi kode otp dan pin... gimna ini min solusinya, sudah saya ajukan cs dana",1
sangat baik,5
"Server sering down, sering mengalami masalah saat transaksi, sering terjadi masalah saldo dana yang sering tidak masuk",1
DANA CICIL nya tidak muncul,3
jos,5
sangat terjamin,2
bagus,5
Untuk apk in pliss lebih amankan lagi deh masak tiba2 ada transaksi kegoogle padahal gak konfirmasi apa2 loh gak ad juga akun yang terkait dengan google dan gak ad juga yang berlangganan dengan google. tolongg ya dana saya dikembalilannn gak ikhlas loh akuu kutagi diakhirat !!!,2
saya kasih bintang 🌟 untuk sampai saat ini masih sangat memuaskan hati. terima kasih semoga makin membantu di setiap saat.,5
ok,5
sistem Chet ai nya GK jelas tanya apa di jawab apa,1
kasih tiga dulu solnya buat menghapus riwayat belum efektif,3
saya mau pindah jalur ke Gopay dana suka trobel dan systemnya suka eror..,4
mantap,5
mantap,5
saya udah lama pakai dana udh premium dari THN 2020 kurang lebih saya ingin akun dana saya muncul dana cicil / dana instan tolong kepada pihak tim dana munculkan dana cicil di akun dana saya atau dana instan,5
bagus banget,5
good👌🏿,5
baik,5
sangat puas,5
akhir ini kenapa dana suka ngadat susah di buka agak merepotkan ketika kita mau bayar tapi malah ga bisa...tolong di perbaiki dong servernya.pengguna dana banyak lho kan ga seru kalo tiap mau bayar ada aja gangguan,4
Terbaik,5
bagus,5
kasih jackpot dong bos dana 1000 aja boleh...???,5
bagus,5
sangat membantu,5
terimakasih,5
bagus dan tidak ribet,5
sebenernya apk ini enak tapi dana ilang tiba tiba tanpa konfirmasi dulu pasword atau apa gitu tiba tiba kesedot aja,2
mantap semoga dana semakin maju dan amanah ..,5
apakah dana yg di blokir bisa di buka kembali.,1
menambah motivasi lebih maju..,5
memudahkan.,5
"trima kasih,dan mau apa aja serba mudah dng menggunakan dana",5
bagus banget,5
baguss dan cepat mines tidak bisa lama di simpan,5
"jam ini, hari ini juga, gak bisa di downloads aplikasi dana",3
saldo sering tiba tiba gaada sering kesedot padahal saya tidak mengaitkan ke akun google tapi tiba tiba ada transaksi pembayaran ke google,1
ok,5
sangat bagus dan membantu,5
keren,5
aplikasi Bab! emang. bnyak duit ilang krn top up gk masuk!!!,1
Kenapa saya tidak bisa masuk ke dana,2
"Aplikasinya semakin hari semakin berat, tiap membuka aplikasi dan bertransaksi butuh waktu loading yang lama, dibandingkan aplikasi e-wallet lainnya jauh lebih ringan dan cepat.",1
permudah urusan dan cepat dpt digunakan kpnpun,5
mantap,5
bagus dam sangat membantu,5
"belakangan ini lgi banyak gangguan suka delay mungkin lgi banyak org yg make kali ya,",5
sangat nyaman sekali,5
"wajar saya telat bayar, anda juga limit dana cicil saya 90 yang bisa di pake 80 ribu 10 ribu nya ga tau kemana, kalo bisa kalu ga ada tunggakan tolong di bantu masalah dana cicil",1
kren banget,5
membantu x,5
sayangnya tidak ada dana cicil,5
puas gaperna nipu,5
sangat bagus,5
good,5
apili kasi 1000℅sanggat bagus,5
aplikasi yang sangat berguna dan membantu,5
kurang aman untuk menyimpan saldo. rawan pencurian atau kecolongan dari hacker.. tolong di perbaiki lagi situs keamanannya,1
pembayaran apapun selalu pake dana.,4
goods banget,5
sudah seminggu tidak dapat akses ke emas. sisanya bisa semua.sudah tudak waras apl dana ini,1
bagus bgt aplikasi dana bisa transfer kemana aja anti pending,5
mantap,5
bagus,5
knp fitur dana cicil saya tidak tersedia,3
pake dana sangat mudah buat transaksi gak ribet,5
Dengan aplikasi dana sangat mudah dan menyenangkan dan membantu dalam kesulitan,5
karena aplikasi ini tidak bisa mengupgrade dana premium karena halamannya tidak ada,3
Terimakasih sudah memberikan saya fitur dana cicil .kalau bisa tambah lagi limit nya saya sudah bayar pinjaman nya,5
mantap,5
aplikasi pelit tak ada bonus tak ada pinjaman,1
bagus,5
keren,4
dana cicil saya ga bisa dgunakn lg,2
"Memudahkan dalam membayar apa saja,dompet digital",5
sangat membantu dalam bidang usaha,5
perbaiki lagi untuk dana cicil ny,5
knapa proses dana premium saya lambat prosesnya,3
bagus,5
sangat membantu sekali,5
good,5
mantap,5
dana cicil kok ga muncul boss,5
memang ok,5
bagus banget,5
kok aplikasi dana ku tidak ada menu dana cicil ya tolong admin derbaiki,4
dana cicil,5
bagus,5
Ka Akun dana sy sudah aktif dari tahun 5 tahunan tp koq blm juga dapat Dana cicil atau dana paylater ka ??,5
terbaik,5
sangat bangga,5
okey,5
oke,5
sangat berguna,5
ngirim uang sangat cepat ..dana memang ok,5
oke,5
"dana cicil kenapa GK bisa di pake, padahal dah di bayar.",1
dana cicil y GK muncul,5
bagus banget,5
sangat membantu,5
mantaps,5
cepat dan aman,5
maksih,5
baik,4
uang kadang hilang sendiri,3
sangat membantu,5
oke,5
Dana Cicil blm bisa,5
the best,5
"bagusan gopay, dana banyak bug nya, kemaren top up transaksinya gagal sekalinya bisa terus mau buat beli sesuatu di game, katanya dana menolak pembayaran karena jumlahnya melebihi batas, padahal gw top up baru sekali doang jir, emang kagak jelas. mending gopay gak ribet, top up-> masuk->selesai, gak ribet kayak dana, gw top up setahun sekali loh padahal karena ini gw kecewa berat sumpah",1
KENAPA DANA CICIL SAYA TIDAK BISA DI AFTIFKAN,5
banyak masalah top up pulsa gk masuk kirim.ke rekening gak bisa padahal udah premium,1
keren,5
adik saya mengirim uang untuk saya 100000 sya sudah komplain ke dana melalui Diana tetapi smpai hri ini tdak ada kemajuan ...bukti pengiriman sudah sesuai dan sudah saya krimkan namun katanya nama pengirim tidak sesuai...ini sunggu memilukan bagi aplikasi dana ..bukan soal uang TPI ini soal tanggung jawab aplikasi,2
sangat membantu sekali pokoknya amat amat sekali,5
"pelayanan yang buruk, saya meminta bantuan dian masalah pergantian nama akun ,justru disuruh ngulang pertanyaan setelah menunggu 3 harian",1
Saya senang karna bisa top up roblox dan free fire,5
"layanan bagus dan proses transaksi cepat, pokok nya mantap 👍👍👍",5
KECEWA,1
👍,5
ini aplikasi penipu..!! saldo dana bisa hilang dan aplikasi ini tidak bertanggung jawab..!!,1
dana cicil gak bisa,5
kerja kapal,5
Dana parah tadi ngga kenapa napa sekarang malah ngga bisa di akses alasan pemeliharaan babi,1
cepat sgt terbantu 🙏🏻👍🏻,5
Aplikasi jelek masa dana cicil udah lunas engga bisa di pake lagi,1
dana ini sangat bagus Saya suka,5
aplikasi apaan ini saya sudah memverivikasi untuk mengembalikan uang saya tapi nggak masuk² gimana sih katanya terpercaya kalo kayak gini sama aja kayak koruptor,1
sangat membantu,5
"dana cicil kenapa ga bisa lagi nih, padahal bagus dan udah dilunasin semua",1
"aplikasi mantap, transaksi mudah",5
halo kak. kenapa akun dana ku selalu jaringan sibuk kenapa ya ssat aku mau masuk gak bisa,5
keren,5
mantap,5
transaksi pending udah 6 hari gk ada solusi,1
mantap,4
kenapa saya tidak bisa membuka aktivitas transaksi,1
oke,5
mantap deh gacor,4
"bagus, tpi kadang ga bisa melakukan transaksi knpa ya",4
bagus sekali app nya,5
keren,5
mantabbbbb,5
"padahal sinyalnya cepet, tapi ngirim duit aja gabisa",1
"kendala saya isi pulsa tapi belum masuk masuk, sedangkan saldo tidak kembali",1
mantull 😄,5
semoga dana cicil aku bisa ada fiturnya,5
gimana sih kok qris nya ngga jadi jadi dah 3hari,5
tolong bantu no dna gk bisa masuk,5
bagus,5
baik,5
bos kenapa dana bisnis saya belum terima uang sampai hari ini belum masuk,4
My balance was suddenly deducted,1
ok,5
mantab,5
sangat berguna dan amanah,5
bangus,5
sangat bagus,5
mantap,5
snaht berguna dn bagus,5
Aktifin fitur dana instan dong,5
dana mantap,4
"Makin kesini harusnya makin praktis no lempt2 saya pakai dana udah lama sekali dan udah premium tapi kenapa belum juga ada perbaikan apalagi. gak ada Dana Cicil di dana saya,padahal saya sering transaksi pakai dana tolong munculkan dana cicil di apk saya",1
ok mantep,5
limit dana cicil kenapa tidak bisa digunakan,5
okey,4
Alhamdulillah,5
bagus,4
ggud,5
bagus,5
bagus,5
mantap tapi penuh trus program betanya,5
mantap... cuma agak berat di hp kentang,5
mantap,5
terpercaya,5
bagus sekali kak saya suka,5
saya sangat kecewa.... udah uwang hilang g ad kembalian uwang. kita itu krja cari uwang bukan habis gajian uwang lusung. hilang. aj. pelayannya juga kurang bagus . g mau bertanggung jawab,1
"sudah bagus,lancar",4
saya Ada kendala kenapa Dana protection keamanan saya aktiffkan saya disruh byar tiap bulan byrny otomatiss padahal digoggle saya cari tidk bayr apakah ini memang pihak Dana atau penipuan?,4
Akun diblokir mau topup lagi malah gak bisa digital assistant sama sekali gak menolong. Gak ada CS nya. gak jelas.,1
woi dana urgent nih masa TF qris banyak uang transaksi,1
"ini lagi dana cicil sudah aktif buat bayar tapi gak bisa, aplikasi apa sih. makin lama makin gak jelas",1
KENAPA TIBA² SALDO TERPOTONG TAPI TIDAK ADA DI RIWAYAT TRANSAKSI SANGAT JANGGAL,1
sangat membantu,5
bagus,5
bagus sekali,5
oy kampank knpa jdi eror gini anjeng,1
"Limit dana cicil saya di angka Rp 1,000,002 , akan tetapi tidak bisa digunakan ( tidak tersedia saat ini ) bagaimana cara mengatasinya? saya sudah 5tahun lebih pakai dana , tapi baru kali ini mengalami masalah ini sampai sekarang tgl 31 juli 2026 masih tidak bisa dipakai sudah saya hubungi lewat email dan , CS 1500445 , belum ada solusi P udah 4 tahun belum bisa dipakai Lagi",1
udah berhari hari error aplikasinya,1
bagus,5
"kenapa fitur DANACICIL sya tidak prna dapet limit kembali,setelah sya lunasin tagihan saya..padahal sya terus lakukan transaksi",5
baik,5
mntap,5
top top top sangat mudah untuk berbelanja dan lain lain,5
pengalaman baru,4
👍👍👍👍👍,5
Sangat cepat cara bertransaksi,5
bagus banget. semoga limit dana cicilan. dan limit dana instan saya naik,5
cepet bgt lngsng ketrima,4
kenapa ya dana saya eror ketika mau transfer selalu muncul baca.an yaah banyak yang bertransaksi tunggu beberapa menit tapi di tunggu beberapa jam masih belum bisa juga 🤦🏻‍♀️,5
sangat memuaskan,5
tolong aktifin dana cicil dong udah lama saldo keluar masuk berjuta juta per bulan masa masih belum ada fitur dana cicil,1
bagus,5
keren,5
sangat berguna l,5
terbaik untuk di gunakan Ap dana ni sgt nyaman,5
ok,5
sangat puas,5
pending nya lma anj udh nungu 2 hri blom slesai jga,2
transaksi menjadi lebih mudah,5
kenapa dana cicil sy blm bisa diaktifkan.udah ngajuin hmpr 3 bulan smp akrg blm bisa di buka dana cicil nya,5
aplikasi terpercaya,5
manfap mm,5
apk bagus,5
Bagus,5
"bagus sekali karna transaksi di aplikasi ini sangat cepat namun ada kekurangan di transaksi,transaksiny tidak secepat itu sebenarnya biasa cepatny 2-7 detik lebih cepat.",5
transaksi cepat dan bagus,5
sangat menyesal,1
lelet,1
best,5
baik,5
"dana pliss perbaiki layanan dana+ nya, masa di apk saya suka ngilang feature nya, nah kl begitu kudu keluar dulu baru masuk lg, baru dia nongol lg, dan itu terus berulang, kan sebagai orang awam aku takut tau² hilang feature nya, soalnya aq suka pakai itu feature nya... kl tau² hilang kan nanti rugi kita para pemakai, thankyou.",5
"sangat membantu dan bagus sekali,terimakasih",5
tolong dong munculkan dana cicil di fitur saya,5
"rawan kena tipu ,dan pelayanan bantuan ga jelas !!",1
terbaik👍💯,5
dana cicil nggak bisa di gunakan,5
saya mau komplain aplikasi kasinya lumayan Kren tapi waktu saya top up dana 29.000 RP kan udh ada notif tu tapi waktu saya liat Masi 146 tolong di perbaiki buk nya,2
"baru baru ini ,ada notif dari dana di suruh top up 220,000 untuk lanjutkan transaksi ke goggle ,padahal ngk pernah langganan apa pun sama sekali,,,setiap top up di atas 1jt pasti ke potong 200lebih,,,Mohon bantuanya ,Pihak Dana,,,,",3
ok,5
"transaksi apapun sangat mudah, gampang dan lancar dengan DANA terimakasih DANA",5
aplikasi yang baik dan kompeten.,4
"saya mau tanya, top up dana bisa maksimal sampai berapa juta? bisakah dana gantikan uang di bank? soalnya saya ngga mau ribet bolak balik pindah tabungan.",3
keren,5
"kenapa fitur dana cicil saya tidak bisa di pakai,, padahal limit ada terus pelunasan gak prnah telat?",2
approve,5
"sebel banget akun gw dibekukan udah sebulan lebih, udah ikutin arahan dari bot nya tetep aja ga bisa, setelah 1 tahun ga dipakai masa dalam kurun waktu 1 bulan lebih ga ada kemajuan apa-apa, tetep dibekukan, tolong laa, gw butuh nihh",1
dompet digital murah,5
mudah untuk digunakan semua transaksi,5
luar biasa,5
sangat bagus sekali,5
bagus banget,5
maaf sebelumnya kenapa min ke uang di dana bisa ilang?,5
bagus,5
udah lama make dana gak pernah muncul dana cicil dana instan apa lah ini dana,5
"apkikasi apa ini, kalo akun sudah hilang, gak biasa lgi, aplikasi jelek",1
mantap,5
saya sangat menyukai aplikasi ini karena memudahkan untuk transaksi,5
dana ndk Aman sekarang uang sy d ambil tanpa pengetahuan sy,1
ga jelas aplikasinya ga bisa di pakek . sibuk banyak bertransaksi hedh. platform transksi bermasalah karna banyak transaksi ini konyol sih.,1
meskipun sudah prifikasi wajah juga tetap gk bisa masuk harus pake kode otp sedangkan kartu saya hilang,5
bagus dan bermanfaat,5
Sangat membantu,5
sangat membantu dan nyaman,5
Kalau Saya Beli Es Krim Aice Yang Berhadiah Saldo Dana Pasti Ke Dana Saldo Nya,5
"ternyata aplikasi dana, banyak errornya juga, awalnya bagus, lama lama error, Ada tampilan APLIKASI NONTON DRAMA BERBAYAR, PADAHAL CUMA PNIPUAN,",2
dana gimana si mau transfer uang ke rekening kok nunggu 24jam agak Laen dana ssekarang,1
kenapa poin saya ngk pernah masuk dan saya mau bertanya kenapa akun dana Satya ngk ada dana cicil nu bisa tolong di bantu,5
jos,5
Apl sayah gak bisa di buka kembali sendri,5
sangat membantu sekali bagi kami terutama kaum hawa 🤭,5
bangga,5
ok,5
Coba dulu,3
cepat dan aman,5
sangat bagus sekali,5
mantapp app,5
"susah di buka, kayak berat appnya",5
sangat. baik.,5
sangat kecewa dana hilang terkirim sendiri ke scaner google dengan jumlah yg cukup besar padahal tak pernah pakai aplikasi tersebut,1
bagus,5
sangat cocok untuk digunakan,5
bagus,4
👌🏻😘🫰🏻,5
kpn bisa aktif dana cicil,5
pengisian saldo dan pengiriman uang ke rekening orang cepat sampai setelah klik,5
ok,5
"masak tidak bisa mengubah metode verifikasi, padahal sudah jelas keluhannya nomor pasword masih aktif, hanya saja email sudah tidak bisa di akses atau di nonaktifkan,",1
sangat membantu dalam proses kegiatan keuangan kita semua,5
pembayaran lebih cepat,5
ok banget,4
baguss,5
mantab,5
ok,5
bagus,5
puas,5
sangat mudah,5
Dana cicil belum juga muncul di menu,2
"aku punya kendala,knp akun dana saya tidak bisa kirim uang dan menerima uang masuk,,,saya kasih bintang 3 dulu krna. akun saya blm bisa di gunakan",3
josjis,5
bagus ih,5
dana cicil punya saya gak muncul muncul,1
mantap liar biasa.sangat membantu,5
suka bngety,5
sangat membantu dan simpel,5
kenapa dana cicil setelah dilunasi tepat waktu malah tidak tersedia n tidak berlaku dismartpay,1
dana cicil tidak tersedia,1
ya sangat muda tanpa iklan,5
top,5
mantap,5
baik,5
ok,5
guud,5
"LU BILANG GAADA KENDALA? TERUS KADANG TRANSAKSI TF ADA JEDA WAKTU SETENGAH JAM ITU APA HA? BELUM JAM 12 MALEM PADAHAL, MASIH SIANG, KADANG ERROR LOGIN KELUAR²SENDIRI, ANEH LU",1
"sangat membantu,dan cepat pengiriman",5
amannn,5
"fitur dana cicil sebelumnya terbuka dan bisa terpakai, sekarang sudah tidak tersedia, mohon solusi supaya bisa tersedia lagi",4
mantap,5
biar bintang yang berbicara 😊,5
Sangat Memuaskan,5
good,5
ko apk dana saaya gak ada dana cicil ya padahal no ini udah lama dan serinh buat tranksaksi dan sudah premium,5
DANA CICIL TIDAK BERFUNGSI ... PADAHAL LIMIT 200K !!!.,1
gak muncul dana instan nya,3
"gimana sih biar dapat menu dana cicil,tranksaksi padahal sudah banyak dan sering limit,tapih gak dikasih dana cicil",5
Betul betul Amanah,5
top,5
top up dari tanggal 9 jam 03;07 blm masuk,2
lumayan bagus,5
cepat dan aman,5
gimana cara pinjam uang di Dana lewat Aplikasi apa itu,5
saya sangat kecewa dengan akun dana saya. akun dana saya dibobol dan tiba²;ada transaksi 200 rb . manalah kita orang susah di tambah uangnya di curi lagi.,1
kalau bisa kasih fitur dana cicil lebih membantuuu dana saya baru kehilangan tanpa di ketahu,2
mantap,5
"tolong di bantu dong, ko akun dana saya limit dana cicil tidak ada dan ga bisa di gunakan",5
aplikasi mengecewakan ( tidak bagus untuk di pakai ),1
guna bagus,5
ok mantap aplikaasi nya,5
tolong aktifkan dana cicil,5
bagus,5
cicilan selalu tepat bayar nyaaa malah gak naik2 limit nyaa sering eror juga,1
tolong munculkan dana cicil di aplikasi dana saya bos qu,5
baik,5
kenapa fitur dana cicil atau dana instan gak ada di akun saya. tolong di aktifkan karena akun saya sudah sangat lama di pakai,2
sangat bagus,5
mzntap,5
mantaps,5
bagus aplikasi nya bisa membantu pembayaran yg praktis,5
good,5
sangat membantu transaksi saya,5
"ko aku fitur scan barcode dari screenshotan nggak bisa, sama fitur flashnya😤",2
bagus,5
Ok,5
keren,4
dana cicil nya g ad,4
ok,5
mantap,5
ka saya Muncul dana cicil dan limitnya tapi gabisa dipake tulisannya tidak berlaku mohon diperbaiki ya,5
sangat membantu sekali,5
sangat memuaskan dan bisa membantu dgn ada nya aplikasi dana ini sya jdi mudah untuk bertransaksi,5
akun saya gak ada dana cicilnya,5
mantap 👍🏽👍🏽,5
ok sangat membantu,5
"dana cicil tidak bisa di gunakan, padahal tidak memiliki tagihan dimanapun",2
bagus,5
nice,5
mantap bg🕺🏻,5
aplikasi sering ngeleg buat QR,3
sangat memuaskan,5
dana EWALET aman bijak dan terpercaya jaya jaya jaya,5
tolong isi dana cicil di dana saya min,5
terbaikku,5
sangat baik dan benar,5
kok lupa pin ga bisa apa apksi nipu,2
josjis,5
sangat mudah boskuh,5
Padahal sudah lunasi tagihan dana cicil tapi knp dana cicil nya tidak bisa di gunakan lagi,4
mantaappppppppppp,5
ok,5
sangat bagus,5
good,5
untuk dana cicilnya bagian aktivasi kok nggak bisa di klik padahal untuk transaksi selalu pake dana masa make dana cicil gak bisa,3
"semoga menu dana instan muncul,,, dan limit dana cicil menambah",5
mantap,5
bagai mana cara ganti nomor dana solnya kartu yg trdafta sudah ilang saya gk bisa login,4
kenapa tampilan pembayaran qrisnya terpotong dan tidak bisa membuka galeri foto untuk qris,3
mantap,5
Bagus,5
bagus dan cepat,5
mohon kpd aplikasi untuk upgread aplikasinya ya.. saya terkendala setiap saya pilih (lihat semua) tapi tidak muncul layanan apapun mohon segera di perbaiki,2
udah sering di apgret tetep dana cicil gak muncul padahal akun dana lama udah premium transaksi sering tetep dana cicil gak muncul,1
apk yg te O pe begete,5
punya dana cicil tapi gabisa dipake aneh,3
very good,5
dana cicil gw ngga busa di pake pdahal udah ngga ada tagihan udah di lunasin tapi tetep ada tulisan tertera tidak bisa di gunakan atau tidak tersedia aja kan ngga jelas dana ini.,1
"apa²n ini,saldo ilang terus. lambat aplikasinya",1
dana cicil angsuran udh lunas blum bisa digunakan trus tolong dibantu,5
dana cicil blm kluar,5
"limit dana cicil ada ,setiap bulan selalu limit transaksi , tapi sayang sekali fitur dana cicil tidak bisa di gunakan,",1
bagus,5
saya ingin fitur dana cicil,5
"setres kali udah tau bapak saya meningal harus aja pake verifikasi wajah,kemaren kemaren tanpa verifikasi wajah bisa aja tuh kalo,makin sini makin gajelas udah tau uang saya di titip sama bapak saya,hadehhh ada aja admin dana lol",2
ok,5
bagus,5
bisa di bantu admin saldo saya ada 5 juta di akun lama akun lama saya udah lama tak bisa masuk jadi saya bikin pakai nomor hp baru dengan KTP sama tapi saldo nya ngak ada gimana solusinya,3
ok,5
"SANGAT MEMBANTU, TERIMA KASIH 🙏😍",5
fitur scan melalui pilihan galeri hilang!! itu fitur penting kenapa di hilangkan,5
bagus,5
kebijakan dana instan nya jadi ga bagus,1
"Semoga aman, sukses selalu..",5
Aktifasi Fitur Dana super Cicil di akun dana saya,5
iya,5
jos,5
"aku kasih lima untuk aplikasi ini,, tapi tolong dana cicil ku kenapa tidak bisa ya hehe,, katanya aktivasi gagal,, Terima kasih tolong di jawab ya🙏",5
nyesel mengunakan akun dana ini saldo saya 3juta tiba tiba kirim uwang sendiri tanpa sepengatuan saya dan yang kekirim bukan nomer yang dikenal udah minta penjelasa gak ada itikant baiknya gak di respon juga,1
ok,5
mantap jiwa,5
lebih mudah di pakainya,5
terbantu,5
lucu bangt dana cicil udah di lunasin ga bisa di pake lagi,1
ok,5
pas,5
"dana cicil ga bisa di pake,padahal tiap ngambil selalu di bayar!komplen ga di gubris B1 ini mahh kocak amat adm dana nya",1
udah lumayan...bagus...tapi masih lelet alasan jaringan...,5
mantap membantu,5
sudah bgus,5
tolong lh masa dana cicil nya gak ad padah tidak ad kendala sama sekali,5
good,5
memudahkan teransaksi,5
fitur dana cicil ku muncullin,5
memuaskan,5
mantap,5
sangat bagus,5
mantaf,5
sangat membantu,5
aktifkan dana cicil,5
aplikasi ini mantap,5
ok,5
"tolong nomor TLP saya di hapus dari akun yang pakai , soalnya saya baru mau pakai aplikasi ini",1
saya transfer uang dari akun dana saya ke nomor sodara dan saya langsung mencari nomor nya melalui pencarian lewat aplikasi dana nomor tersebut tidak terdaftar ke dana tetapi teraferan saya malah sukses padahal nomor tersebut sudah tidak aktif dan tidak terdaftar di akun dana gimana solusinya biar dana yang sudah di transfer bisa kembali,1
"UI tampilan utama harusnya dibuat lebih simpel dengan memisahkan beberapa tab untuk fitur lainnya, selebihnya bagus.",4
Fitur dana cicil ga muncul,1
👍👍👍,5
baguss coyyyy,5
maap bosku. saya kemaren uang saya empat puluh ribu masuk kemana masalah di permainan. Honda Toto tida masuk bosku saya cari uang segitu setengah mati goleah Dede UK ngbelan saya tida makan tolong kembalikan pada saya,5
cukup bgus,3
sangat membantu,5
aplikasi dana cukup mudah,5
"mohon bantuan nya,saya mau narik saldo impian saya tetapi belum mencapai target,saya tidak tau kalo saldo impian bisa menarik harus sesuai target,dan saya saya sangat membutuhkan dana saya yang saya simpan di dana simpanan",5
"pagi udh login premium tp gabisa tf ke bank, tulisannya krn kebanyakan org lagi transaksi, malemnya nyoba tf lagi tetep gabisa, apalah",1
masa transaksi terus aktifin dana cicil gk bisa aneh,1
dana luar biasa sangat membantu ⭐⭐⭐⭐⭐⭐⭐👍👍👍👍👍👍👍💓💗❤️🧡🧡💛💛🌟✨,5
Tidak bisa beli pulsa dan tidak bisa kirim ke e wallet,1
sangat membantu,5
tolong pihak dana kenapa akun saya tidak dapat di login kan padahal kan itu akun saya malah gabisa harus menggunakan wajah pemilik akun kalo kayak gini gabetah lagi aku pake dana,2
"saya sudah berbulan-bulan transaksi gak pernah putus, tapi fitur dana cicil tidak muncul teman saya tidak pernah transaksi tapi dimunculin fitur dana cicilnyh",3
gacor,5
kurangi lemotnya,5
mantap aplikasinya nya saya gak kecewa Donald nya bisa untuk simpan uwang,5
paylater cicilan tiap periode ny sudah dibayar kan tetapi waktu mau pake fitur dana cicil ny lagi tidak tersedia gimana saya harus bayar dan memakai fitur ny,4
ok,5
dana saya gak muncul dana cicil nya,5
aplikasi scam dari visual keliatan oke pdhl dalemnya wkwk,1
sistem gagal,1
bagus,5
aplikasi dana saya ga bisa dibuka,4
pngen munculin dana intans lama amat,5
mantap,5
aktipkan dana insan,5
"jujur kecewa karna sering terpotong otomatis tanpa memberi info persetujuan Coustemer, saya merasa sangat di rugikan dengan potong an aplikasi/ situs yang bahkan saya tidak pernah mengaitkan akun ke dana .. tolong di perbaiki lagi sistem dan kebijakan dana, banyak orang sudah di rugikan, saran saya kalo mau motong harus konfirmasi dlu sebelum di approve, jika sudah kejadian begini siapa yang mau tanggung jawab? dari pihak dana ? gk mungkin kan?? TOLONG KASIH FITUR KONFIRMASI TERLEBIH DAHULU!!",1
mantap,5
bgus sekali,5
mantap,5
dana aplikasi maling saldo ini,2
"Dana sangat bagus bisa beli pulsa,dan top ap game",5
sangat bagus cuma ada kendala kadang bisa pake pin kadang gak bisa pake pin takut nya dana hilang pas hp ilang bahaya,5
dana ini gak ribet,5
aplikasi dana sangat kren. bisa nabung sangat bermanfaat,5
tdak muncul fitur dana cicilnya,5
mantap,5
tolong aktifkan fiktur dana instan di aplikasi dana saya,5
"saya bingung, limit dana cicil saya masih ada, tagihan masih jauh, tapi tidak bisa di gunakan, tolong beri penjelasan",4
ok,5
banyak penipu,1
Apk yg sangat saya suka,5
oke banget,5
tolong kasih dana cicil nya,5
"knpaaa akun danaaa sayaaa tidak muncul aplikasi dana cicil nyaaa padahal sayaaa sudah menggunakan aplikasi dana lebih dari 8thn masaa iyaa limit saldo dana cicil nyaa cuma 100rb,,,mnaa limit nya gak mau naik naik lgii setidaknyaa kasih lh limit besar 500rb kek,,,inii masaa cuma 100rb",3
bagus dan sangat memuaskan,5
josjis,4
Bagus Sekali,5
sangat terbantu dan memuaskan,5
"sangat amat membantu dan banyak pilihan gitu juga, ok good job",5
sangat baik,5
sangat sangat membantu sekali,5
sangat bagus,5
tolong untuk fitur dana cicil segera disemua perangkat,5
ok,5
kenapa dana nya ini bermasalah ? aku ngisi saldo kok GK masuk notif nya masuk saldo nya GK masuk piye ?😕😕,1
bagus,4
dana cicil saya blum kluar,5
pengiriman atau pengisian cepat,5
mantap,5
makin ke sini makin gak jelas pitur dana cicil bukan nya di aktifin Mala di ilalngin lagi dana gak jelas emang,1
apl tai,1
burukkkkkkk pemeliharaan apanya yg pemeliharaan,1
ok,5
gak kayak gopay,1
sangat aman di gunakan ...dan cepat,5
"saya salah transfer, trs saya minta refund, tp pihak dr dana tdk mau refund",1
fitur dana cicil saya nggak bisa,5
oke,5
bagus,5
"tolong min bantu jawab kenapa ya dana cicil nya sudah berkurang tapi di shoppy nya pas bayar qr belum terdeteksi, padahal saldo sudah berkurang, ini saya sudah berkurang saldo tapi tidak menerima barang tersebut, tolong dari dana bantu di cek.",1
Akun DANA memang mantap krecep Bikin mudah untuk Berbelanja. juga untk pembayaran.. QRS ☺️👍👍👍,5
"tolong dong saya top up di indomaret di struck sukses trus lapor juga bacaan sukses tapi saldo saya tidak masuk,, (alhamdulillah makasih ya pihak dana udah di tanggani dengan cepat , ini ulasan baru saya selang berapa jam langsung di tindak lanjuti masalah nya makasih banyak pihak dana sudah gercep)",5
ga aman,1
sangat membantu,5
transaksi pending sudah 1 Hari,4
baik,5
cukup membantu,5
"Pake dana saya nggak muncull""",1
baik😂,5
sangat baik,5
top,5
ok,5
baik bagus aman,5
puas,5
mantap pakai dana lebih simple 💞💞💞,5
mantap,5
bermanfaat,5
berjalan dengan lancar,5
ok,5
Maaf saya mau buka aplikasi ini ko GK bisa,5
"padahal udh di TF tapi ko ngk muncul di temen ya, nmr nya bener apa yg salah ni wifi juga lancar aduh udh ke 2 kali ni",5
di akun dana saya fitur dana cicil tidak bisa di pakai. pdahal persyaratan sudah saya penuhi,1
tolong kembalikan saldo saya yang tertahan di dana gold,1
bgus,5
mantul bener,5
mantap .. pake dana semua serba muda.. saya nabung dan traksi pake dana Tampa hambatan. lancar dan baik.. ok silakan tingkat kan vitur2 terbaru ny. saya tunggu,5
good,5
gangguan lama sekali... huffffffzz,5
sangat mudah,5
sangat baik,5
ok,5
sangat bagus,5
aplikasi busuk!! kirim uang saldo sudah kepotong uang tidak masuk. giliran komplain ke DIANA nggak ada respon sama sekali. asli sangat kecewa,1
"aplikasi gak guna makin hari makin gak jelas , dana cicil nya selalu gagal padahal identitas jelas gak guna sama sekali",1
sangat bagus,4
aplikasi sangat membantu,5
memuaskan,5
baik,5
bagus,5
sangat puas,5
sangat membantu,5
takut ilang duit akuuh kaya temen² akuuhh😅😅😅,5
"kebanyakan ferivikasi mana nunggu 2 hari lagi, ribet bagi pelajar, dikit-dikit admin",1
sangat bagus,5
sangat baik,5
dana cicil nya TDK berlakuq,5
mantap dan mudah,5
sangat membantu sekali...aku suka pake dana,5
masa gua ga bisa masuk ke akun dana gua alesan jaringan Mulu,5
buruk awalet buruk smua gak ada di dana awalet paling buruk,1
jop sangat bagus,5
ini dana kenapa iya buat login susah bnget skarang² padahal katasandi bener harus pake kode otd aje sedangkan kartu udah GK aktif tolong di permudah lagi,3
"aplikasi dana ko gak bisa dibuka, payah",2
"saya baru bayar pakai qris dan dana saya terhapus,tapi kenapa tidak bisa di download kembali,bisa cuma sampai 85 persen",1
mantul..sangat membantu,5
susah beberapa hari ini kenapa transaksi dana suka gangguan ya ?,5
baru coba semoga bermanfaat dan bisa membantu ku dari kemiskinan ekonomi ini,5
"dana bagus,,, aq suka pakai aplikasi ini,, praktis,,, mudah.",5
ok banget,5
"saya sudah melunasi dana instan,, kenapa pas mau penarikan ke 2x nya kok gak bisa",3
KK kenapa saya login aku dana saya selalu ada kendala di jaringan padahal jaringan saya bagus,5
ok,5
mantap,5
untuk selot mantap kali cepat 🤣🤣,5
bagus dangat,5
"banyak kali tingkah kelen memang iya, buat susah orang mau ambil uang...",2
ssippp,5
mantap,5
puas,5
"fitur dana cicil saya belum muncul,, padahal akun sudah premium??",4
mantap,4
cepat,5
baik,5
bertahun tahun nyaman pakai aplikasi DANA dan banyak fitur fitur baru nya,5
mantap,5
sangat berguna.,5
"untuk saat ini bagus sih,,gk ada kendala gampang,semoga lancar terus keamanan semoga tetap terjaga",5
sangat membantu,5
kenapa dana cicil saya tidak bsa di pakai,2
mantap,5
terimakasih aplikasi dana Sangat membantu sekalii,5
sangat bagus,5
bagus bngt,5
"gimana gw mau beli kuota internet kalau buat beli nya juga harus punya kuota ,mikirlah cokkk",1
Oke,4
sy ingin menggunakan dana cicil,5
mantap,5
apakah dana cicil sedang perbaikan,2
bagus,5
sangat membantu,5
good,5
lambat banget susah dibukak,1
"barusan dana saya dibobol,uang sebesar 800 ribu hilang,di TF ke qris dari hp lain,awalnya mau cek dana,pas mau masuk sandi terubah,setelah saya ganti LG ke yg baru,lalu bisa masuk dan melihat saldo hilang,",2
terimakasih untuk dana,5
gas dana cicil ga bisa di gunain setelah melunasin semuanya,5
baik,5
Perlu di perhatikan lagi keamanan nya. Sebab kadang uang tiba² hilang gak jelas,4
sangat membantu,5
bagus,5
ok,5
aku mau semua uang unlimited,2
"ini dana gangguan atau kenapa dari tadi gk bisa instal APK nya, dankalau sudah terinstal dana lagi pemeliharaan, tapi dana punya teman lancar2 saja",2
Bagus sekali,5
munculkan dana cicil,5
kenapa dana cicil saya tidak bisa di gunakan kembali. padahal limitnya ada. malah ada tulisan tidak tersedia,3
uang sya sring hilang 30rb,1
bagus,5
👍,2
apk ini ada mulu masalahnya eror terus,2
dana gak jelas lama pake gak ada dana cicil nya Abal abal,1
cepat terbaik,5
tterjamin aman dana ini,5
mantap,5
makin di updte makin jelek lemot lama buka fiktur aplikasi di dalam nya,4
"jika keluar akun dan login kembali, sering kali sulit. sulitnya? saat akan memasukan pin, akan stuck di loading yang lama sekali, bahkan sering tidak masuk. di sisi lain, setelah memasukan pin, terdapat verifikasi wajah. saat mencoba verifikasi wajah, layar yang menampilkan wajah menjadi sangat gelap sehingga akhirnya kamera tidak bisa menangkap wajah kita, padahal ruangan sudah terang. jikalaupun ide menggunakan flash handphone, berakhir hasil bahwa wajah tidak sesuai. ini sangat menyulitkan.",1
keren,4
dana cicil udh d bayar lunas eh malah ga bisa d pake lagi aneh emng,1
dana instan kenapa tidak bisa di pakai,5
ok,5
mantap dompet digital 👍,5
baik,5
mantap,5
nice,5
good,4
bagus,5
sangat membantu untuk transaksi atau pembelian apapun,5
bagus,5
sangat membantu,5
mantap lancar pakai aplikasi dana👍,5
dana sungguh bagus mendaftarkan hadir,5
"emang bener bener dah, udah sebulan lebih komplain soal bukti tf yang selalu lelet buat di buka dan tab aktivitas yang super duper slow dan masih aja sama. ga ada perubahanya",1
baik,5
ok,5
"apk nya mudah utk transaksi dan fitur nya oke juga, pokoknya pass mantabbb",5
mantap,5
baik dan amanah,5
𝙜𝙞𝙢𝙖𝙣𝙖 𝙘𝙖𝙧𝙖𝙣𝙮𝙖 𝙢𝙚𝙗𝙪𝙠𝙖𝙣 𝙙𝙖𝙣𝙖 𝙮𝙖 𝙠𝙖𝙡𝙖𝙪 𝙙𝙞 𝙝𝙥 𝙨𝙖𝙮𝙖 𝙨𝙪𝙧𝙪𝙝 𝙎𝙞𝙙𝙞𝙠 𝙟𝙖𝙧𝙞 𝙖𝙩𝙖𝙪 𝙥𝙤𝙡𝙖 𝙩𝙖𝙥𝙞 𝙜𝙖𝙜𝙖𝙡,2
keran,5
mantullll nih tapi klo bisa jgn lambat loadingnya waktu kirim2 dana uangnya,5
ngk bisa TF ke gopay,3
sangat baik,5
"dana najissssss,, saldo bisa ilang dan gak merasa melakuhkan transaksi dan cs dana gak bisa ngsih solusii ,,,,bosokk",1
cpt dan mudah,5
baik,4
"sangat puas mudah, ada dana cicil nya juga membantu",5
bagus,5
sangat baik sekali,5
dana cicilnya tidak bisa di gunakan,1
"aplikasi bobrok, tiba tiba bayar otomatis ke aplikasi yang gw sendiri gatau buat apa kocak, keamanan minus",1
mantap,5
puas hati pakai dana mudah dan cepat transfer nya,5
sangat membantu,5
sangat mudah dan cepat,5
ok,4
bagus banget,5
oke,5
berapa lama kalau ganti nomor dana akun,1
"kemanqn dan layanan cs tolong di tingkatkan, pengguna banyak pelayanan kurang banget. ga modal",3
minta limit dana payleter ditambah,5
"kacau,proses transfer pending berhari-hari...",1
sangat suka dengan dana,5
"bergunaaa bgt, luvvv danaaaa",5
Ok,5
sukses selalu,5
bagus,5
jangan instl apalksi ini jelek,2
parah kaga bisa2 daptar dacil,3
"MENDING UNIINSTAL APLIKASI GAK GUNA,,GAK ADA DANA CICIL NYA",1
Mudah untuk setiap transaksi,5
sangat membantu,4
praktis,5
sangat memuaskan,5
nice,5
dana mantap sudah lama pakai dana selalu lancar poko nya mantap,5
ok,5
sangat mudah buat transaksi,5
mayan,4
setelah update versi terakhir yaitu V. 2.137.1 menu pembelian pulsa dan data serta menu listrik malah tidak dapat dibuka.. update terbaru malah v. 2.136.1 .. update versi gak jelas atau coba-coba ??,4
ok,5
sangat puas sekali,5
"aplikasi mudah buat transfer uang kemana aja, sangat membantu dan mudah untuk transfer uang",5
saldo dana hilang menyimpan uang di aplikasi ini tidak aman saldo saya bisa sedot oleh tiktok coin recharge tanpa sepengetahuan saya. udah kapok nyimpen uang di aplikasi ini dan stop dari sekarang pakai apalikasi dana baru saja dana saya hilang lagi,1
minnn kok dnaa cicil syaa udhhh muncull kok gak bisa di pakek malahan tidakk tersediaaa ...............,4
tolong untuk pihak dana agar lebih gercep lagi dalam penanganan kendala pengguna,3
aplikasi terbaikk... oke baik,5
baguuus,5
ok bgt,5
oke,5
mantap,5
sangaaat buaguus,5
mtap,5
sangat membantu,5
memuaskan,5
Bagus,5
"aplikasi meresahkan tiba tiba ada pembayaran UC Drive padahal tidak pernah berlangganan dan tidak pernah melakukan transaksi dan dan tidak bisa di kembalikan,woi tolong pihak dana kembalikan dana saya",1
afk dana nya bagus kalo bisa sampe seterusnya,4
gampang kenak hack,1
bagus,5
baik,5
hapus akun dana saya permanen,5
"sekarang sering gagal transaksi, sedang penuh transaksi apa masih maintenance",1
baik,5
ok bagu,5
baik,5
munculkan dana pinjam,5
sangat baik untuk layanan nya,5
so good,5
kepada pihak dana cicil mohon kebijakan nya untuk memulihkan data saya yg sdh dilaporkan ke sistem ojk hutang sdh lunas tapi masih tercatat di dalam sistem ojk mohon dan tong untuk memulihkan data saya,1
hebatt,5
baik,5
sangat-sangat membantu.,5
baik,5
baik,5
bagus,5
"aplikasi super yahut, jarang gangguan pokok nya sip lah",5
"sering bug, tolong lebih di perbaiki lagi dan dijaga lebih ketat soal keamanan nya",3
aplikasi ini bagus banget mudah dan cocok untuk di gunakan dimana saja...,5
keren,5
Bagus sekali,4
"aplikasi eror pembayaran pending lama banget lebih dri 1x24 jam,ini aja belom balik duitnya ga tau gajelas,hubungi cs yg bales robot nanya apa balesnya apa gajelas",1
"tolong untuk penjualan reksa dana dipercepat, soalnya saya butuh dana mendesak",5
Sangat membantu,5
bagus,5
ok,5
sedikit lambat mohon di perbaiki,3
bagus,5
👍,4
mantap,5
sangat baik,5
"aplikasi ini bagus si cuman daptarnya hanya sekali, karena bermasalah nggak bisa ke daptar lagi",5
sangat memuaskan,5
sangat membantu...,5
Aplikasinya bagus,5
luar biasa,5
apa lah dana saya GK bisa di gunakan kalau mau deposet,1
"keren bossku, kerja bagus!",5
good,5
bagus banget buat memudah kan segala pembayaran,5
terbaik,5
ok bangettt,5
dana ini bagus tidak ada iklan dan tidak susah saat ingin mgasi uang ke rumh yg jauh,2
bagus,5
fitur qris DANACICIL tidak bisa digunakan semenjak di update malah parah bukanya tambah bagus pelayanan ny makin rusak udah diunistal juga tetep ja sama,5
aktivitas transaksi gk bisa dibuka,5
ok dana aman,5
bagus,5
bagus,5
jelek,1
berikan pinjaman tanpa saldo,1
mempermudah tariktunai dana,4
bgus untuk pembayaran,5
terbaik,5
ngirim kode harus ke email..gak bisa ke SMS dan wa...mana email-nya gak tau email siapa...tiba² ada email yang nyangkut...perasaan gw gak nyangkutin email..,1
baik,5
Apakah aman pakai ApK ini. tolong pemberitahuannya. seperti ada kebocoran di APK saya.,3
"terimakasih, atas ada aplikasi ini transaksi JD lebih mudah singkat cepat dan padat",5
Keamanannya sangat-sangat kurang,1
keren,5
dana gua hilang tiba tiba dan melakukan transaksi tanpa sepengetahuan yang punya akun untuk pengguna dana hati hati aplikasi dana udh mulai ga beres tiba tiba uang orang kesedot gitu ajh,1
"bagus ,, cuma agak takut2 juga si soalnya sering ada penyusup 😁😁",5
kenapa sih sering gangguan kak.. jadi terhambat buat transaksi,4
bantu no verifikasi,5
ok,4
"aplikasi kikir, top up dana malah kepotong admin",3
kenapa belakangan ini sering gangguan buat tf,2
ngood,5
"Transaksi pakai dana simpel bngt,,nggak bikin pusing,,mau bayar apa aja gampang",5
"apk yang sangat baik..,👍",5
bagus tapi dana cicil sayah blum kluar,5
kirim tanpa pending 100% aman 😁👍🏻,5
baagus banget apknya,5
kenapa dana cicil saja tidak bisa di gunakan?,5
kirim uang jadi mudah,5
top,5
saldo saya hilng dan dana tidak bertanggung jawab Jagan pernah donlot LG apk ini hilng semua isi saldo ya GC tangung jawab pihak dana,1
"sangat membantu, mudah dan cepat, trimakasih dana",5
sangat puas dan bagus banget pelayanan nya,5
klik lupa pin bermasalah mulu,1
bagus,4
"apk ga berguna ribet bgt akun gw ada saldo dalamnya malah gabisa masuk, malah di suruh verifikasi wajah padahal itu akun gw sndri cuman pake ktp emak,ribet ni apk",1
"baru kali ini saldo udah berhasil masuk TPI di akun GK Nambah, chat pihak dana pun GK ngaruh, toturial nya sangat aneh, dan sekarang apa hubungan nya banyak org bertransaksi itu harus nya udah solusi kalian, kan sebelum bikin aplikasi mau org semua Makai pun GK ngaruh karena itu Kendala pembuatan awal aplikasi wajib, kacau juga lama-lama harus di hapus aja baik ke gopay",1
the de bast,5
lumayan memudahkan transaksi,3
pake dana lebih cepat dan praktis,5
akun saya Tidak Bisa Masuk Minta Kode otp Melalui Wa Dan sms padahal Kartu sudah Mati dan Hangus Hanya Bisa Menggunakan Pin Tapi Agent Nya Tidak Bisa Mengatasi nya,1
sdh komplain akses tagihan aplikasi lain tp dipersulit.. dana terpotong otomatis. pelayanan buruk,1
tolong aktifkan dana cicil,5
bagus,5
Ok,5
aman,5
bagus,4
"pake dana udh tahunan puteran uang nya juga rata² di atas 10jt paling sedikit,giliran ada perlu mendadak fitur dana cicil gk muncul untung udh uninstall gk guna aplikasinya",1
gangguan terus,3
membantu,5
penipu aku gak bisa klaim hadiah dari aice katanya bisa klaim di sini mangkanya enggak dasar penipu,1
sangat membantu,5
saldo ilang sendiri,2
saya sudah pakai dana dari 2018 baru dapat dana cicil sudah saya pakai dengan limit 100 ribu dan pembayaran lancar .tetapi limit yg saya harapkan naik hanya 10 ribu.bagai mana ini dana?,4
cape banget kadang uang nya gamasuk,3
"tolong pihak dana,jika pengguna ada langganan layanan google jangan langsung melakukan pemotongan saldo tanpa ada verifikasi dulu ke penggunanya,banyak pengguna akun dana merasa dirugikan jika seperti itu.harusnya verifikasi dulu jika ingin melakukan pemotongan saldo",1
ok,5
ok,4
cukup puas,5
"untuk menu lainya kenapa susah dibuka sih? data lancar sampe""di tetring sama mas indomaret masih stack putih, tolong perbaiki bikin malu aja, mau tarik saldo aja susahnya minta ampun",1
sangat baik,5
sangat membantu,5
terbaik,5
saldo dana enggak masuk,1
bagus,5
"DM lewat FB,,, kirim keluhan lewat email sama aja gak ada respon sama sekali aplikasi apaan gak jelas",1
sangat membantu,5
sangat bagus,5
bagus,5
dana skr jelek.. transferan lama masuk saldonya.. ditanya ke CS .. kaya orang bego tuh CS nya.. ga jelas.. kam bisa berantem sama orang.. dia udah TF ada buktinya di dana belom ada penambahan saldo... udah tahunan pake dana kenapa skr ga beres .,1
coba di bantu kak dana cicil saya suda lunas . kok ganti kartu dana cicil saya tak bisa di gunakan lagi.,1
"dana cicil saya tidak bisa saya pake,padahal itu yg bantu saya",1
lebih enak dan praktis,5
saya sangat puas menggunakan aplikasi Dana semua praktis mantap 👍,5
aplikasi untuk para penipu otp jangan pakek semakin banyak anda taruh uang anda akan di tipu,1
sangat membantu,5
dana cepat,5
ok,5
apk mantap dan fleksibel,5
bagus bgt,4
BERGUNA BANGT WOI,5
istimewa sangat membantu saya,5
dana cicil tidak bisa digunakan,4
👍,5
jadi ga bingung kalau ga bawa cas,5
cepat sekali,5
aplikasi ini bgus untuk tf dan isi saldo aman dan terpercaya 100%,5
Alhamdulillah sangat membantu transaksi kita,5
mantap,5
"sangat cocok ,prsktis,sangat membantu",5
Apk tidak jelas,1
"kecewaaa bangetttt naro uang di danaa sering bangett uangg ke tarikk yang gaa jelas tanpa persetujuan kitaa melakuan membayaran !!! gamauuu lagii pakee danaaa bener2 kecewaaa !! JANGAN PERNAH NARO UANG DI DANAA NANTI UANG KALIAN HANGGUS ILANGGG ENTAHH BUAT APA!!! mintaa ajukan refundd jawabannn "" sayaa mengtii apa yang anda kendalaa tapii gaa bantuu taiii !! kecewaa parahh mending taro uang di ovo atau gopayy lebih amanah",1
simple,5
bagus,5
kurang puas suka lemot saat TF,2
gooddd,5
"tolongg benerin danaa, soalnya mau scan gk ada untukk liat galeri",4
ok cepat prosesnya,5
"asisten digitalnya tidak bisa memberikan solusi, hanya bisa minta maaf dan memberikan jawaban yang muter muter ( dana tempek )",1
"kenapa akses dana cicil saya tidak tersedia pdhl banyak transaksi, pemakaian dana sudah 3thn lebih",3
kak dana saya GK bisa di bukak akun y,1
sangat baik,5
TOP BGT,5
Ok mantap,5
APLIKASI GA JELAS GA BISA LOGIN GANGGUAN TERUS KARNA BANYAK PENGGUNA YANG MAKE TRUTAMA SLOTERS.....,1
SAE pisan mudah di gunakan,5
good,5
keren,5
👍,4
terima&krim gercep.i like,5
"bagus, jangan sampai turun bintangnya",5
saldo dana cicil saya 0 padahal belum ada cicilan dan cicilan sebelum nya sudah lama lunas,1
APK sangat burukkkk,1
cepat mudah,4
p bgus bagus bagus,5
"joss,dan mantap👌👍",5
aman dan terjamin,5
"gangguan Mulu , gak bisa TF, trs aja gangguan alasannya sedang banyak yg melakukan transaksi, tapi ngirim email bilangnya gak ada gangguan",1
mantap,5
sangat memuaskan,5
👍👍,5
mantap sekali,5
Mantaaafff 👍👍👍,5
jika emas bisa di kirim sesama dana investasi akan lebih menarik ..,5
se 3skoq susah banget mau log in .6e rese 2 re eeh saya harus tunggu 1 hari segala. ribet aq w wes s×swasta³a3 renih dana-5 wew 3 sa swasta 3e,5
terimakasih aplikasi ini sangat membantu,5
pilihan mantap,5
sangat membantu,5
gabisa upload qris,1
sangat mudah dan bgus untuk bertransaksi,5
lebih perketat keamanan akun,5
sedang ada kendala mulu heraann,3
10k untuk upgrade premium tapi gagal semua ga jelass,1
baik',1
bagus,5
bagus,5
mantap Dana,5
kenapa dana saya tidak bisa saya buka,4
Sangat membantu,5
sangat bagus untuk saya,5
saya mau barcode ke warung ko ga bisa pake dana cicil ya,5
good,5
saya puas dengan aplikasi dana ini,5
bagus mempermudah transaksi,5
ok,5
sangat puas,5
sangat baik,5
mohon jaring agar lebih nyaman,5
baik,5
"info aplikasi yg kalau mau ambil dana info ke pemilik dl gaez? karena kalau dana ini ga bisa, langsung potong2 aja, ga ketauan ketaut aplikasi2 ,hufttt bikin kapok info ya gaez kalau yg punya info aplikasi simpan uang tapi kalau mau pembayaran ,info ke pemilik, terimakasih sebelumnya",2
saldo hilang tanpa kejelasan.. tiba tiba ada transaksi keluar tanya cs ga ketemu solusi malah disuruh topup lagi,1
cukup baik,5
cepat dan akurat mantap,5
bagus sekali,5
fitur dana cicil tidak bisa muncul,3
benarka uang bisa masuk kedana,1
praktis dan mudah,5
bagus,5
mudah dan cepat,5
👍,5
login gagal trus dana tidak pantas di guna kan. makasih,1
minus g bisa mod,1
"gimana GK ada pertanggung jawaban dri pihak dana ini tiba""saldo saya bisa transaksi sendri tanpa sepengetahuan saya,tolong kembalikan saldo saya",1
bagus,5
sering isi BNK Dana tapi Dana cicil tidak bisa di gunakan. limit ada percumah ada dana cicil,5
susah di verivikasi,1
tidak bisa instal,5
sangat puas sekali,4
mudah. cepat,5
mantap josss,5
cukup puas dengan aplikasi ini,4
good.,5
gacor,5
Dana dompet sangat baik,5
sangat puas hati,4
oke,5
kebanyakan gangguan payah,1
ok,5
bagus mempeemudah,5
pas mau bayar di tiktok shop selalu error,3
"MANTAPP, NO KOMEN",4
baguss cepat,5
suka error,3
mantep ni danaa,5
saya percaya aplikasi ini saldo saya knpa bisa hilang?,5
"update versi premium, pergantian akun lama ke baru harus verifikasi muka, susah berhasilnya, yang ada gagal melulu, nunggu sehari lagi buat verifikasi, sampai kapan harus nunggunya....",1
TERIMAKASIH KEPADA APK DANA YANG SELAMA INI SUDAH MEMBANTU SAYA GOOD...,5
manteb,5
"ini gimana woy admin, akun udah premium tapi susah masuk denggan alasan ""jaringan bermasalah"" ""harus verifikasi"" sampai masukin pin biasanya tetap SALAH dengan alasan keamanan",1
bagus,5
sangatlah mudah untuk transaksi,5
Layanan baik,4
"hallo ini saya topup saldo dimutasi sudah berhasil tapi saldo belum bertambah gimana ceritanya, gimana solusinya",3
sayangat gampang dan bermanfaat,4
dana cicil saya knfa timbul tidak bisa digunakan padahal kmaren lancar2 saja,3
sangat bagus,5
good job,5
"kenapa saya tidak bisa tarik saldo DANA+, Slalu keluar notif ""terkendala coba lagi nanti"". Bagaimana ini min?",3
Alhamdulillah sangat bermanfaat....,5
sangat membantu sekali,5
"klu pas sibuk full maklum lemot tapi klu biasa normal ya cepat ,bagusdech pelayanan memuaskan",5
baguss,5
sangat bagus,5
oke sihhh...,5
boleh,5
mantab dan sangat berguna,5
ok,5
keren,5
buka dana cicil,4
aplikasi gak jelas ganti nomor aja susah banget,1
"mulai susah bertransaksi, sering muncul lagi banyak org bertransaksi. coba lagi beberapa menit",2
insya Alloh aplikasi ini menjadi peluang usaha dll Amin.,5
mantap,5
mantap,5
ko tidak bisa masuk pake kata sandi soal nya vervikasi muka nya gak bisa,1
baik,5
bagus,5
akunku masih aman dan sangat lancar bertransaksi,5
aplikasinya sangat mudah di buka saya senang,5
cepat istimewa,5
good,5
"kenapa saya tidak dapat mengganti nomer atau masuk kedalam akun, keterangan berkata ada kendala keamanan padahal tidak terjadi apa-apa",1
muncul pitur dana cicil tapi tidak bisa d gunakan,5
sukses slalu,5
good,5
"ini aplikasi kafang masalah mulu dah aneh bet, bisa gak sih di perbaiki dengan benar",3
eror mulu lol,1
keren buat transfer 👍👍👍👍👍aman,5
fitur dana cicilnya ngk ada min...,5
Bagus 👍,5
👍🏻,4
"mudah ,cepat",5
"SUMPAH NGGAK JELAS, MAU UBAH INFO DABIS NGGAK BISA, TUTUP AKUN JUGA GABISA, CHAT AN SAMA DIANA KAYAK ORANG BEGO DIULANG ULANG TERUS NGGAK MEMBANTU SAMA SEKALI DISURUH SELFIE BUAT VERIF PAS DIPENCET LANGSUNG DIUDAHIN, APLIKASI BEGO",1
kenapa dana cicil saya gak bisa di pakai?,4
dana sayaa knpaa co tiba tiba gak bisa masuk,4
bagus banget,5
mntap,5
sangat membantu,5
oke sangat membantu untuk oprasional transaksi belanja dan pembayaran digital apapun bisa.,5
ini gimana kita mau butuh loh koq malah tulisannya eror sih gimana iniii,1
kirim cepat,5
keamanan nya sekarang ga jelas baru kemaren top up 900rb ga ngerasa ngirim ke siapapun eh malah ada transaksi krim ke org ilang deh 900rb skrg abis top up 100rb eh dikirim lagi ke orang gajelas bgt ilang 1jt dalam sekejap,1
bagus .tapi jgn sllu muncul itu donk apa nama y iklan gtu KA ... tolong jgn pake iklan,5
"sy mau mengajukan penghapusan akun dana dan nik sy dilepaskan di akun dana tp malah hanya si bekukan jadi kan gak selesai masalah saya , gimana sih ... saya sdah men DM di IG (DANA INDONESIA) saya minta tolong dibaca dn segera di PROSES",1
apk ajing suka ganguan..... bikin pusing aaja,1
saldo gbisa di pakai gmna ini,1
kecewa tingkat keamanan untuk bertransaksi lemah Saldo saya berkurang tidak jelas bisa di ambil sama pihak ke 3 dgn begitu saja dan tidak bisa di tarik kembali.,1
agk sedikit lama TPI gk PP aku kasih bntng 5,5
baik,5
mantap aplikasi ini,5
nice aplikasi,5
Dompet digital terpercaya,5
koneksi terputus mulu padahal ada kuota,1
aplikasi kocak,1
kepada tim dana tolong aktifkan fitur dana instan padahal akun saya sudah premium tapi belum muncul juga dan saya juga sering bertransaksi di aplikasi dana tolong di bantu,3
sangat mudah,5
sangat puas,5
baik bgt,5
oke,5
"apa apa minta upgrade, giliran di upgrade di tolak terus, maunya apa coba 😅",4
sat setin lagi dana,5
sangat baik,5
mantap,5
"aplikasi dana makin busuk, makin di update makin bermasalah setelah hapus data aplikasi kenapa gak bisa masuk padahal verifikasi lengkap kata sandi benar, tapi selalu muncul notif system sedang sibuk.",1
"byk gangguan, ini udah TF mau liat bukti TF nya gabisa",3
aplikasi yg bagus buat transaksi..,5
"sangan membantu sekali, lope you polll",5
👍👍👍👍👍,4
lemot,1
saya 3 tahun lebih pakek dana tapi fitur dana cicil belum muncul,5
kenapa punya saya suka gangguan akan tetapi yang lain tidak? tolong solusinya,3
top markotop,5
jos,5
gajelas saldo suka ilang padah ga perna pake dana cicil atau langgana apapun aplikasi paling buruk manding jangan pake dana pake ewalet lain aja aplikasi ga jelas soal nya suka ilang sendiri saldo nya tapa ada riwayat,1
god terbaik👍💯,5
"dikit dikit update , cape",1
untuk apah ada pitur dana cicil klo ngga bisa di pakay kemaren bisa skarang bermasalah sedang tidak ada akses Mulu pusing guah tau gituh kmaren ngga usah di byar dana cicil nyh percuma mau pakay ngga bisa tolong di perbaiki masalah nyh pihak dana🙏🙏🙏,4
punya saya tidak ada dana paylater nya,5
lebih praktis sekali kalau pakai ini,5
"sayang saya gak dapat DANA CICIL padah premium, dan udah sering transaksi mnggunakan aplikasi DANA",5
luar biasa,5
bagus amanah,5
mempermudah dalam bertransaksi,5
Sangat membantu transaksi pembelian,5
aplikasi sangat membantu,5
luar biasa,5
bisa bantu dana cicilnya? saya tidak dapat menggunakan dana cicil lagi padahal semua cicilannya lunas,5
kenapa saldo saya jadi kurang padahal tidak saya pakai kemana mana tolong di respon,1
ok,5
bagus,5
dana cicil nya ga bisa di pakai parah....parah...parahh ...,1
proses transaksi cepat dan aman,5
sangat cocok untuk saya yang nggak mau ribet,4
bagus,5
sangkin mudahnya habis duit asik mentransper aja krjaan aku,5
bagus,5
bagus praktis bisa kirim kemana saja,5
"biaya admin dari dana ke gopay sangat mahal 2000,kuota tranfer gratis antar bank lain juga cuman 10x.dana sangat payah dan kapitalis",1
Sangat praktis dan efisian,5
kok dana cicil sama dana instan gak muncul padahal sering transaksi,5
saya sudah premium dana tapi saya tidak bisa pakai dana bisnis,2
"Assalamualaikum Kepada admin atau operator dana🥰 balikin duit gw gw mau top up kaga bisa😡 tulisannya dana menolak karena limit😡 padahal saldo cukup sinyal lancar ga pernah pake buat top up kok limit? aneh banget itu duit berharga gw pls dana betulin astaga astaghfirullah kalo ga bisa bahasa indo nih gw kasih bahasa inggris Assalamualaikum To the admin or operator of funds🥰 please return my money, I want to top up but I can't😡 it says funds refused because of the limit😡",1
knpah dana saya eror,3
bagus saya kasi 5 🌟,5
puas,5
"pliss admin dana kenpa saldo tiba"" hilang dan ga ada riwayatnya??",5
tolong kembalikan saldo saya yang di ambil,5
pake dana sangat membantu sangat sangat manfaat sekali,5
dana cicil nya manaa oy gaada inih udah 6 tahun transaksi udah puluhan tapi tidak ada,5
bagus,5
mantap cok,5
mudah utk TF dan tidak dikenakan biaya mantappp,5
kenapa dana emas saya ga bisa di buka yah padahal saldo saya ada di situ,2
kok tidak bisa di buka di android saya,5
tida ada dana cicil dari saya mah,5
jujur ini bagus tapi kenapa ya padahal aku udh hapus orang yg masuk ke akun ku tapi tuh orang tetep bisa masuk,4
saya tidak bisa masuk login ini dan kenapa dana instan saya verifikasinys lama padahal sudah verifikasi ini,5
sangat di rekomendasikan buat nabung n transaksi antar bank,5
sangat baik,5
sangat bagus,5
ok,5
banyak sekali pencurian saldo dan untuk mengurus atau melapor masalah sangat ribet dan susah,1
Saya top up udah 2 hari ini susah masuknya tadi jam 9:34 top up sampai sekarang belum masuk makin lemot dana sekarang,5
lebih mudah untuk transaksi makasih diana,5
"aplikasi sampah, akun premium tiba tiba hilang, daftar lagi nggak bisa",1
selama ini cukup lancar dan oke lah..,5
"sangat puas,yg penting jg keamanannya",5
verifikasi susah bgt,1
"saldo hilang, dan pusat bantuan gak bisa kasih solusi/ tidak bisa memecahkan masalah",1
saldoku hilang sendiri cok,1
Tolong buat kan lah tiap hari bisa ngeclaim 10000,5
sangat baik,5
lancar,5
Sangat baik,5
bagus,4
Alhamdulillah transaksi makin lancar.,5
mantap,5
sangat baik,5
bgus,4
Mantap,5
lebih praktis 🙏🙏🙏😁😁,5
untuk pihak dana mohon untuk segera mengenakan uang saya!!!,1
good,5
sangat membantu,5
good aplikasi,5
"Dana saya tidak bisa log-in, udah saya hapus instalan kemudian download lagi, tpi sama ajh tetap gk bisa masuk, kacau.",1
"apk nya gak jelas trus bermasalah, aku udah premium tapi tf ke ATM bank juga tetap gagal mlu du tungu"" sampai 1 tetap juga itu mulu masalah nyaa apk bodong emang",5
saya ingin menggunakan dana cicil,5
aplikasi dana sangat membantu dan aman,5
maaf pemula jadi belajar dikit demi sedikit tapi bagus kalau ambil gaji tinggal tarik tunai aja.....adminya yang kemahalan 4500 sekali tarik tunai nya.....makasih,5
"parah dana bisnis nya,saldo udh sukses terkirim tapi blm masuk2 di saldo bisnis aku,tolong di perbaikin nih cs dana,masa orang udah kirim saldo ke qriss bisnis tapi gak masuk2.",1
bagus aja sih,5
saya kecewa pada dana masa saya yng mengunkan dana sejak lama blum ada dana cicil.kalah sama yang baru daftar premium udah ada limit nya juga bisa dipke .saya yg udah lama kagak ada kecewa berat,1
"ni aplikasi kenapa dah mulai kemarin ga bisa dipakai kirim uang ,isi pulsa juga ga bisa",2
baguss,5
kadang susah masuk,5
dana cicil g bisa di ambil,5
top,4
kurang dana cicil,5
ok,5
👍👍👍👍👍,5
👍👍👍,5
"saya suka pakai DANA Karna tidak rumit dan cepat cara pengirimannya,,",5
alhamdullillah keamanan ap dana aman ikuti langkah selanjutnya,5
kepada costomerservis.tolong kenapa dana cicil saya tidak bisa di gunakan lagi/tidak tersedia.toling di perbaiki,2
Good apk,5
bagus berguna,5
semoga lebih baik lagi...,5
sangat membantu tapi kalo bisa lebih di tingkatkan lagi keamanan ya,5
pokonyaa bagus bgtttt,3
sippp,4
mantap,5
puass bangett,5
puas,4
"kasi tingga 3 aja dlu Hei,,, admin saya salah satuh pengguna aplikasi DANA, saya sangat menyukai ii sangat membantu,. Perihal tentang fitur DANA CICILAN, aku selaku pengguna dan sering menggunakan untuk bertransaksi, tetapi sudah menghampiri 1 bulan,  metode untuk pembayaran DANA CICILAN, aku saya tidak bisa di gunakan, Tidak aktif, TIDAK TERSEDIA. sedangkan Limit Saldo DANA CICILAN masi tersedia belum terpakai, dan tagihan saya sudah aku lunasi, Tolong Admin di bantu cek akun DANA aku.",3
"terlalu banyak gangguan,,nyesel pakek aplikasi ini",1
baik,5
sangat aman,5
dana aku 50k jadi 2k,1
bagus dan sangat bermanfaat buat tranfer uang juga cepat masuk,5
sip makasih,5
samgat baik,5
sangat bagus dan membantu,5
"kesal sekali,sedang belanja tapi ternyata uang di dananya gak bisa di tarik,,tolong dong aplikasi dananya di perbaiki,,bikin malu aja",3
sangat bagus dan nyaman terimakasih dana,5
mantapppppp,5
"sepertinya aplikasi dana lagi error. emalam ada teman yang transfer ke akun dana saya, tapi sampai sekarang belum masuk juga. bahkan beberapa transaksi kemarin tidak ada di riwayat aktivitas.",3
nice,5
kenapa dana di plestor tiap 85 & persenen berhenti tidak bisa di donlot,1
"selama ini bagus bagus aja, ya agak ngeri liat orang orang duitnya ilang entah kemana. Tapi ada satu kendala! Aktivitas ku yang lama ga ada samsek katanya download aja nanti diproses tapi pas download hanya beberapa saja yg diproses lainnya bilang kalo itu sudah tersedia but? Ga ada! kalo memang di bulan itu gw gak transaksi kasih tau dong!",3
suka,5
sangat membantu sekali..,5
baik mudah dimengerti,1
bagus,5
mantep,5
oke,5
"sudah 3 hari ini, dana error gk jelas gak ada ujung nya, saldo masuk tapi di wallet nya gk ada, bayar QR gagal terus.. bintang 1, kalo masalah nya selesai baru nanti kasih bintang 5 lgi",1
aplikasi mudah digunakan,5
uwuk uwuk,5
👍,5
mau mengajukan dana cicil kok tidak muncul,5
kaga ada fitur dana cicil aneh,5
sangat membantu dengan adanya fitur dana cicil,5
good,5
"sdh berhasil tf ke dana teman, ada bukti, tp teman nya blm ada tambahan dana masuk, saldo tdk nambah, buruk.",1
memudahkan,5
keren,5
"aplikasi dana parah abis, malu maluin bayar makanan lewat Qiuris status pending, dana aplikasi buruk",1
sangat puas dan membantu,5
"smakin tidak bagus aplikasi DANA,, Masa pengiriman saya dipending sangat lama,, terhitung sudah satu hari pengiriman saya dipending terus,, nggak slesai2 diproses,, hadehh",1
kenapa tindak bisa langsung tarik dana? kenapa harus nunggu jam 17.00 wib berikutnya?????,4
Bagus untuk transaksi terimakasih,5
gajelas saldo tiba tiba kepotong ke aplikasi ga jelas pdahal tidak pernah menautkan ke akun dana plis kalo mau melakukan transaksi konfirmasi dulu kontolll,1
ngga beres dana ini sekarang kenapa saldo dana bisa terpotong sendiri,1
DANA JADI JELEK GINI SIH. TRANSAKSI SAYA MENGGUNANAKAN QRIS SUDAH TERPENDING DARI HAMPIR SATU HARI. TAPI MASIH BELUM ADA KETERANGAN TERKIRIM BERHASIL ATAU GAGAL. MINTA BANTUAN KE IA SANGAT TIDAK MEMBANTU SAMA SEKALI. APA OPERATOR DANA SEKARANG SEPERTI INI? DAN HARUS MENUNGGU SELAMA KURANG DARI 2 MINGGU. PADAHAL GA SEBERAPA. TAPI SAYA MERASA RUGI KALO SEPERTI INI.,1
aplikasi dana ini membantu kita menabung 100% di jamin terpercaya,5
"kasih bintang 3dlu lmit dana instan sya udah bayar malah gj bisa dtrik gk konsisten ni yang buat dana instan,, sya sngat kecewa, mau nrik selalu ad kendla dchat diana jga gk bisa membntu tlong perbaikan dana instan sya setiap mau narik sllu dalam kendala coba lgi bgtu juga udh hmpir 1minggu gk bis dtrik limit dana instan sya",5
sangat baik,5
mantap,5
mambantu sekali,5
nyimpan uang di dana uangku habis melulu kacau,2
sangat membantu cuman kadang lelet,5
lbih cepat dan mantap,4
sangat mudah di gunakan dan pelayanan lengkap,5
masih terus mantap,5
bagus,5
"saya memakai aplikasi dana dari tahun 2021 dan transaksi saya paling kecil 10jt setiap bulan tapi kenapa fitus Dana instan atau dana cicil tidak muncul di akun saya ,kalau mau dimunculkan semua dong jangan begitu",1
setelah pelunasan kenapa dana cicil Saya di bekukan,3
sangat bagus untuk di gunakan tidak ribet and sangat praktis,5
bagus,5
bagus banget cepat dan akurat,5
❤❤❤,5
Aplikasi yang sangat membantu,5
"sangat mendukung, selama saya mengunakan aplikasi dana",5
ini kenapa ya sudah di update tapi gak bisa masuk lagi ini di aplikasi dana,2
Luar biasa,5
ok,3
bagaimana cara aktifkan fitur dana paylater,5
senang membantu,5
baikk,5
bagus,5
"tolong ya kpd tim dana perbaiki secepatnya , kemarin hp aku ke riset dan di akun dana ada uang 400k tapi pas sesudah ke riset aku mau daftar akun dana malah ada kendala sinyal terus padahal wifi 5g dan sinyal kuota jga 5g tolong minta solusi",2
👍🏻,5
Not Bad,3
masukan kenapa dana saya harus pake sinyal wifi,4
sangat baik,5
dana cicil,5
kenapa Akun saya tidak bisa Upgreat ke Akun premium,2
sangat membantu untuk jaman sekarang,5
"sumpah ngelapor ke cs ini susahnya minta ampun, perbaiki ini tolong ya",1
bagus memper mudah namun banyak yang menyabotase akun sehingga kurang nyaman,3
bagus,5
good,2
lebih praktis,5
bagus,5
baguss,5
mempermudah,5
gimana nih min saya tidak bisa jual emas di dana error teruss masuk satu bulan?,1
sangat mudah aman dan nyaman mantap,5
hati hati dengan aplikasi dana. karena gampang di bajak orang. 3jt 400 raib .,1
keren,5
sangat membantu,5
sangat bagus dan sangat membantu,5
sangat cocok digunakan untuk melakukan pembelian atau pembayaran bantu sport semua,5
sangan bgus,5
poko nya baguuus lah,5
Dulu dana cicil saya bisa setelah saya lunasi malah ga bisa saya pakai lagi hadeh,5
tidak bisa digunakan dana cicil,2
dana saya tidak ad cicil dana,3
"Kepada Dana yang terhormat, saya bingung ko saya tiap main game yg nominalnya besar misal sekian juta ko ga masuk ke Dana ya? padahal jelas jelas di apk masuk ke dana, ada solusinya ga ya?",4
mantap.cepat.dan bermamfaat,4
mantap,5
aplikasi jelek .payleter habis di byar lunas . muncul lagi 100k tapi gak bisa d gunakan hrus tunggu 60vhari,1
cukup bagus namun Skrang suka ada gangguang dalam bertransaksi,5
sangar bermanfaat buat saya👍👍👍,5
tolong dong dana cicil nya,5
bagus,5
dana sangatlah membantu,5
sangat membantu dan memudahkan saya dalam transaksi apapun,5
"sumpah makin hari makin jelek dan down bgt fiturnya, malah nyusahin.",1
"bayar paylater dana tepat waktu , tapi setelah di lunasi malah gak bisa di pakai lagi dana cicilnya. tau gtu gak aku bayar.. jelekk bangettt",1
"aneh uang saya hilang terus di apk dana ada tulisan anda berasil top up coin tiktok padahal saya gak main tiktok aneh aneh uang nya gak kembali hilang me lulu udah hilang sampai 500rb di dana gara"" no hp akun dana saya udah gak aktif tapi akun dana pakai keamanan ganda tetap aja uang saya hilang terus cape pakai apk dana uang hilang terus dan gak di kembalikan lagi aneh mending hapus aja apk dana di play store gak guna ke amanan nya kurang aneh aneh",5
aplikasi ini keren banget,5
mantap,5
bagus x,5
pernah telat bayar tapi sudah lunas...udah ga bisa di gunakan LG dana cicil y padahal limit penuh ...payah nih,5
mantep,5
aplikasi aneh udah lama pake aplikasi ini dana cicil gak bis ..bintang satu saja,1
bantu dana cicil,5
solusi dompet alternative,5
baik,5
A very helpful app for storing digital money.,5
bagus sih tpi punya ku gak ada dana cicil nya,5
bagus,5
mantap,5
apk Saya tidak ada dana cicil,5
gokil,5
baik,5
berhubung kadang suka lambat jadi kasih bintangnya 4 dulu,4
DANA makin oke,5
nice,5
lumayan bagus dan sngat membantu pembayaran,5
dana cicil tlg di muncul kan piturnya,3
"fitur Dana instan belum muncul,",5
"seneng punya aplikasi dana, serba mudah",5
sangat baik,4
"admin kenapa saldo dana bisnis belom masuk padahal pelanggan udh qris dan berhasil ,? pas chat diana di aplikasi dananya suruh mengirim bukti lampiran bahwasannya kalo tansaksi yg diajukan sudah berhasil , pas mau upload malah ga bisa ??? coba tolong diperbaiki sampai sekarang saldo dana bisnis saya belum bertambah .",1
apk sangat2 bermanfaat.,5
❤️,5
mantep,5
dana yang bagus,5
t4ii nih aplikasi mau tf erorr mulu jingannnn,1
sebalum nya Terima kasih ada naya apk ini sangat membantu tapi mlm ini saya ada kendala di dana bisnis ada pelanggan melakukan transaksi dan dari ponsel pelanggan sudah berhasil tetapi g ada notif di ponsel saya dan saldo pun g ada masuk sama sekali,5
uang saya hilang 2jt300rb padahal kita tidak melakukan transaksi,1
"tolong dibantu biar di aplikasi dana saya ada fitur dana instan nya,",5
👍👍👍,5
👍👍👍👍👍,5
tolong aktipin dana cicil saya,5
dana cicil tidak muncul pdahal udah 3tahun pake butut,1
mantap lah,5
terbaik,5
mana kok gak muncul dana pinjam,5
dana aplikasi terbaik namun limit perbulan nya sangat sesikit,1
"sangat bagus dan memuaskan, mantap",5
aplikasi yang sangat bagus,5
sangat membantu,5
saya berenti dulu mengunakan dana dari kemarin saya minta buat aktif kan dana cicil masih belum juga di aktif kan kayak nya emang gak ada kasih saya kesempatan buat mengunakan dana cicil. saya sering transaksi di dana apa masih kurang dan orang lain kok bisa mengunakan dana cicil kenpa saya gk di suruh sering transaksi oleh pihak dana tapi saya transaksi berapa banyak gini emang cukup kayak nya pihak dana gk mau perduli sma orang yang setia mengunakan dana pihak dana cuman kasih dana cicil ack,1
kenapa di saya tidak ad dana cicil nya,5
sangat praktis dan berguna sekali,5
Bermanfat,5
"e-wallet dana makin hari makin ancur .. gak bisa transaksi. histori transaksi pun gak ada.. mendingan e-wallet gopay,sea bank,ovo",2
kenapa dana cicil saya tidak biaa aduh,2
bagus sekali,5
cara pengembalian dana,1
kendala dana cicil di chat bolak balik terus padahal sering transaksi dana cicil limitnya gabisa di pakai aneh,1
aku udh bayar pake qris ke toko yang totalnya 100 rp tapi katanya gagal terus uangku udah berkurang dan katanya udh dikembalikan terus pas aku cek gaada pengembalian uangku samaa sekali dan pihak toko juga belum menerima uang tersebut,1
sangat bagus,5
aplikasi yang sangat bagus,5
sangat puas,5
sering gangguan dan memproses gangguan sangat lama,1
bagus,4
heran deh setiap top up 500k selalu kena transaksi google padahal saya gak pernah transaksi google udah 3 kali kena potongan transaksi google kenanya 300k lagi padahal saya udah percaya banget ke apk dana kenapa harus begini udah 3 bulan Kana potongan transaksi google terus eh jadi kayak gini saya kecewa kalo udah begini emng bisa balikin lagi tuh duit lumayan buat servis motor mah kalo bulan Agustus kena potongan transaksi google lagi mending gak usah pake apk ini saya lebih baik pake mbanking,1
dana cicil ada limit tapi gabisa digunain . sekarang aplikasi dana udh ga worth it lah! jelek bgt makin kesini,3
aplikasi mengalami bug,1
"senang ,, mudah dan bertanggung jawab",5
ok,5
tidak ada fitur dana cicil,1
keren,5
good👍,5
Aplikasi yg mantap dah pake bertahun2 uang aman cara mudah tp syg limit dana cicilan sy gak naek2 pdhl udag make 5x dan pembayaran sll tepat tp tdk prnh naek limitny😁,5
oke,5
mantap,5
"bagus bagus banget,.. .",5
keren banget,5
mantap sekali,5
bagus dan aman,5
terbaik memang,5
munculin dana cicil nya bos,5
sering error,1
sangat 2 membantu sekali dalam kehidupan,5
sangat puas,5
sangat mempermudah proses transaksi transper,4
"setelah aktivasi dana cicil,kenapa dana saya error terus",1
banyak error nya.kedepanya tolong perbaiki lagi bug bug nya yh,5
ok,5
sangat nyaman,5
danacicil,5
sangat cocok,5
bagus,5
sangat puas,5
bagus,5
berikan keamananan akun para pelanggan,5
baik,5
bintang 4 aja,4
ok,5
good,5
"sebener nya bagus si apk dana nya tapi aku ksih bintang 4 aja deh soal nya dana cicil gk pernah bisa di klik padahal udah lama ada fitur nya,",4
cepat prosesnya,5
"Aplikasi Gak Jelas Saya Investasi Di Emas Grafiknya Bagus Sedang Trend Naik,,,Kenapa Saldo Investasi Saya Justru Berkurang Seharusnyakan Bertambah,,,Kecuali Trend Grafiknya Sedang Turun Itu Baru Wajar Berkurang,,,Jadi Buat Apa Ada Grafik Naik Turun Harga Kalo Tidak Sesuai Dengan Harga Pasarnya,,,Kalo Investasi Model Seperti ini Mah Kita Yang Rugi Situ Yang Untung!!!. Dasar Investasi Scam (Penipuan Berkedok Investasi).",1
sangat bagus,5
bagus....tolong aktifkan dana instan dong,5
"menu listrik hilang. giliran buka tombol lihat semua menunya g ada yg muncul 1 pun,, alias kosong layar putih. 👎 aplikasinya bukan cuma berat, tapi jaringannya juga sering bermalah. bgitu masuk di tombol lihat semua, jaringan langsung g konek.",2
bagus mudah dan gampang terpercaya puas,4
Memang sangat berguna. Semoga dapat membantu bagi yang membutuhkan bantuan dana,5
"knapa saya tidak bisa mgistal aplikasi dana ini,",4
sdh 2 hari sering gagal QRIS komplain ke cs yg jawab bot asem,1
"saran aja, dana gampang banget dibobol, mudah banget orang ngebobol dana kita, kalian yang mau pake dana pikir pikir lagi aja",2
kecebet,5
ok,5
bisa menolong,3
bagus,5
tolong Adain dana cicil saya,5
bagus,5
cara aktifkan dana cicilan,5
🔥,5
sangat membantu,4
mantap 👍,5
ini kenapa limit dana cicil saya tidak bisa dipakai padahal sudah dilunasin semua tagihan nya,3
oke,5
sangat meringankan mantap,5
"baru tahun ini kehilangan duit,1jt600 di dana.ini ada apa apk nya?udah gk bisa percya sama apk dana lagi",1
bagus,5
berikan saya dana cicil saya pelanggan lama di apak ini masa iya gk ada dana cicil,5
mantap,4
sangat membantu,5
keren,5
tolong fitur dana cicilnya di aktifkan. yang lain ada tapi punya saya nggak muncul,3
Transaksi dana diproses sampai beberapa waktu sudah di minta bantuan tapi di suruh tunggu sampai sekarang belum ada transaksi dana jelek.,1
ko dana nya gak biza login,5
bagus,5
"saya pengguna dana dari tahun ke tahun , saya ga masalah untuk bug dan leg saat digunakan. tetap sabar menunggu sampai selesai. tapi sekarang DANA cukup mengecewakan. karena terkendala login dengan no yang sudah tidak aktif. sedangkan saya biasa login menggunakan via email dan verifikasi wajah. tapi sekarang ko login via email ga tersedia. bahkan dengan verifikasi wajah dan data sesuai akun pun tetap tidak bisa login. tolong perbaiki ... !!!",3
mantap,5
suka lemot dan keluar sendiri,3
aplikasi dana baguss dan ternyaman,5
"aplikasi kontoI. transfer dari E-wallet luar negara ke akun dana bisnis,udah kali ke 2 duit gak masuk dan gak ada tanggung jawab dari pihak dana. memang kontoI aplikasi ini,pindah ke provider lain aja",1
terimakasih,5
baguss cepat lancar,5
kena mental terus,2
ok,5
"Saya baru saja menggunakan layanan pinjaman digital ini saat membutuhkan dana mendesak untuk biaya perbaikan rumah. Pengajuan prosesnya sangat sederhana, hanya perlu dokumen dasar dan saya langsung bisa lanjut tanpa ribet. Tidak disangka, pencairan dana begitu cepat, hanya beberapa menit dan langsung masuk rekening!",5
Dana udh ga aman harus pindah aplikasi karna saldo tiba tiba ke tarik minta bantuan ke dana service mlh ga ngebantu giliran uang udh ilang aja ga tanggung jawab aplikasi ga aman jgn di pake,1
padahal sudah terverifikasi 3 langkah tapi masih bisa juga ada transaksi ke tiktok tanpa sepengetahuan pemilik akun,1
bagus amanah,5
"saya mau bayar biaya operasi pake dana, karna uang saya ada di dana, cuma pas pembayaran gabisa terus ada kendala gangguan dan ga bisa di gunakan karna banyak transaksi, alasil pembayan di tunda begitupun dengan operasinya. Saya sangat kecewa!!!",1
keren,4
"sejauh ini sudah bagus, tapi tolong untuk DANA BISNIS notifkasi transaksi qris nya menyebutkan nominal nya dong min. pasti sempurna sekali untk para pengusaha UMKM sepeti saya.",4
dana sekarang udh GK bagus barusan uang saya hilang tiba2,2
bunga dana cicil gede banget jatuh tempo 3 hari pinjem 30 ribu yng harus di bayar 80 ribu emang parah banget bunga nya... itu namanyah bukan minjemin tapi pemorotan males banget gua pake apk dana lagi,1
top bosku,5
oke,5
👍,5
aman nyaman,5
bagus banget,5
aallhamdullah meski lewat hp DANA semoga tetep terbercaya jga di mdahnak lgi transaksi lebi ĥ,5
transaksi udah besar. dana cicil sama dana instan gak muncul muncul. hapus aja lah. mnding pake seabank,5
saya berhenti memakai apk dana uang saya udah hilang 2kali dan nominal nya 1.5jt 2 kali ......dan dari apk dananya GK ada pertanggungjawaban sama sekali untuk semua orang stop pake dana untuk simpan uang ...dana apk pembodohan ....buat apak dana bangkrut GK ada yang make apk dana ...masih lebih baik gopay. atau ewallet lainya ketimbang dana,1
jos,5
"saldo gw kmn dah? restart pun tetap gk ada pdhl bru ngisi notif ad masuk saldo, tolong lah sering error, kadang gk bisa transaksi",1
"untuk transaksi semuanya bagus cepet juga,tapi tolong lah,gua udh verif muka udah bener tetep aja gagal,dengan alasan mukanya gajelas,tolong di pebaiki lagi ya daana",2
sangat baik,5
"kepada dana yang terhormat dana saya hilang kenak hack transfer sampai hari ini belum kembali, mohon kepada dana yang terhormat di kembalikan apabila tidak saya akan viralkan buktinya semuanya ada",1
saldo saya tiba tiba ke tarik sendiri tanpa persetujuan dari saya emang sih no minal gak seberapa tapi ini soal main ambil ambil ajah !!,1
cepat akurat terpercaya,5
"tidak bisa transaksi kirim dan terima uang setelah upgrade dana premium,sudah sebulan sangat buruk",1
100% good,5
gk pernah dapet dana cicil padalah pake apknya udh lama,3
"Dananya terlalu sering eror,Ada kendala terus, udah lebih baik Jangan Download Dana lebih baik cari yang lain karena Dana terlalu sering eror,Eror eror nanti ujung ujungnya Saldo Hilang, punya Saya selalu eror dikit gak bisa Anehh banget gak bisa buat Dadakan ini dana",1
"dana gue kesedot padahal gue ga premium apa apa, pas mau di refund gabisa, alasannya tidak menemukan transaksi😂",1
respon cepat 👍,5
Oke,5
oke,5
mantap,5
akun dana sya kehack tf dari temen raib dalam sekejap mohon dari pihak dana bisa mengembalikan dana saya dan proteksi aplikasi dana tidak baik,1
Saya Ada Masalah Di Transaksi Di Aksivitas.,4
mantap,5
mantap,5
Bagus,5
sangat puas,5
"lancar dan bagus, kadang juga sih kalo tf ke orang suka kekurang uang nya, tapi bagus ko",5
sangat membantu,5
Admin tolong di bantu dong kendala saya ga bisa pake dana cicil .. selalu tidak teesedia..,5
aplikasi apa an ini gampang trobel banget,1
"tolong dong fitur dana instan nya di munculkan,saya lagi ada keperluan darurat",1
bagus,5
dana instan saya tidak muncul,5
sering kesedot padahal ga langgan apa apa,1
lumayan,5
saya downlod dana ini tolong ko ga bisa,1
bagus tingkatkan lagi,5
kadang eror,4
bagus .dan bermanfaat,5
"sangat membantu,mudah dan cepat...",5
sangat membatu sekali,5
dana instan saya tidak muncul saya pengguna dari 2022 tolong usahakan,5
apk dana sangat membantu dalam transaksi,5
mau transfer aja di batasin . ga jelas,3
bagus sekali,5
bagus,5
mantap,5
bagus sekali,5
sangat baik buat usaha/bisnis online.,5
sangat bagus aplikasi,5
fitur gak jelas,1
bagus,5
kenapa ya Tapi sudah di apgred gabisa liat transaksi,1
"ada kuota ada wifi, nonton YouTube lancar, scroll fb lancar, scroll ig lancar, scroll tiktok lancar, buka dana malah lemot banget, mau beli pulsa aja gak bisa",3
Dana dompet digital yg sangat berguna sekali untuk transaksi apa saja mudah dan menguntungkan,5
praktis dan bermanfaat 👍,5
terimakasih 🙏,2
sangat membantu,5
dana cicil mn,5
Kenapa setiap udah di updaet malah ngeneh tolong dong di kecilkan mb nya,5
sangat berguna sekali,5
senang sekali,5
Transaksi ganguan terus setiap mau bayar bikin malu,1
okey,5
the best,5
mantap,3
"aplikasi tidak bagus, Verifikasi wajah susah,Ganti nomor susah login susah karena pakai verifikasi wajah,Padahal saya ada saldo 2jt lagi di dalam",1
sangat membantu,5
👍👍👍,5
menurut sy apk dana ini baik utk saling membagi,5
sangat baik,4
sering transaksi tpi dana cicil GK muncul muncul,5
sangat gampang TF kemana aja,5
"sangat puas ..dan klw menurut AQ Dana paling aman menyimpan uang ..meski kdng takut.. kata bnyak orang ada yg tiba tiba hilang uang nya d Dana .. mudah ""n z itu hoax..Dana mempermudah segala urusan ..semoga sukses sllu tingkat kan LG limit nya lebih besar",5
bagus aplikasi dana ini,5
baik,4
tolong bantu pendaftaran ulang untuk dana cicil❤❤,5
sangat bagus sekali,5
"smoga dana cicil saya tidak macet macet lagi, kadang bisa di pakai kadang tidak🥲",5
segini dulu,3
sering banget error,1
👍🏻👍🏻👍🏻👍🏻,5
bagus,5
"DANA SKRNG JELEK BANGET VERIFIKASI WAJAH BERKALI"" GAK BISA BINGUNG MAU CARI BANTUAN DIMANA KARNA GAK ADA FITURNYA.FITUR DIANANYA GAK GUNA JANGAN PAKAI DANA LAGII SUDAH JELEK",1
membantu,5
mantap sangat membantu,5
ok,5
praktis,5
bagusss kli,5
"aktifkan fitur dana instant min,tolong di bantu",1
layanan gak merespon penglapor dengan benar kata kata nya selalu itu udah di jelaskan akun dana lama saya gak bisa di gunakan kan lagi karena nomor lama nya ke riset di hp dan isi nya ada dana 95rb minta tolong pindah kan dana 95rb itu ke akun baru malah nanyak terus malah di ulang ulang mana uang gak udah gak bisa ambil kecewa aku sekali lihat kalau layanan nya kayak gitu😭😭😭,1
cocok buat nabung untuk modal nikah,5
"belum transaksi tarik tunai malah muncul pop up ""transaksi anda gagal"". Nanya ke DIANA malah muter-muter jawabannya, dasar bot🤦‍♂️👎👎👎",1
aplikasi dana g bisa di buka mohon bantuan nya,5
mantap,5
kenapa dana cicil sayah ga bisa pake Qiris.vuma bisa pake beli kuota sama token aja???,5
bagus,5
jelek banget nih aplikasi gw g pernah berlangganan sama sekali masa kekurang saldo gw emang gila kali,1
ko bisa kirim uang tanpa pin ?,4
sangat aman,5
keren,5
okeeee,5
👍,5
baik,5
sangat puas,5
mohon jaga,1
ok,5
sangat membantu,5
mntap,5
"duit tiba2 Kebawa google, aneh",1
dana cicil tidak bisa digunakan . padahal transaksi bulanan jutaan. saat akan di gunakan. selalu tidak tersedia,5
Sangat Bagus,5
mantap,5
mantap,5
good,5
bagus,5
mantap,5
👍,5
"bagus, membantu 👍👍",5
keren,5
GK bisa d login,1
100💯,5
"hati"" di dana uang hilang dengan sendiri keamanan dipertanyakan. uang 800 Rb bukan uang kecil balikin. atau viralin?",1
di akun saya tidak muncul dana cicil,1
mantap,5
kurang cepat,4
lumayan,4
padahal wifi bagus loh tapi malah gak bisa masuk katanya wifi gak stabil:(,3
selalu keluar sendiri aplikasi sampah,2
"Saya sangat kecewa, event penukaran point piala dunia voucher saldo dana belum masuk, sedangkan voucher nya akan kedaluwarsa dalam 1 hari lagi, apakah event ini hanya scam?",5
DANA CICIL KO GAK BISA DI GUNAKAN,1
oke,5
mau narik uang sendiri di saldo bisnis aja ga bisa udah verifikasi wajah tpi katanya wajah aku beda sama pemilik akun padahal org yg sama ga becus bgtt kesell jdi nya saldo aku ke tahann lama disitu udh lapor ke pihak dana tpi smpe sekarang tetep gabisa...,5
maantap,4
bagus sekali,5
dana saya kok blm ada dana cicil padahal udah premium terus udah transaksi terus,5
dana cicil tidak bisa di gunakan dan pinjam dari dana gak ada percuma limit disini gak pernah ada bantuan dari dana bagus hapus aja apk nya,1
kenapa dana cicil saya ga aktif,4
sangat bagus,5
bagus,5
mantap banget,5
Mantap,5
cukup puas dengan aplikasi ini,5
jaga keamanan biar orang gak bisa nghek,5
uang aman,5
sangat berguna,5
sangat bagus,5
semua masala jadi muda menggunakan dana,5
sangat bagus dan puwas bisa di nikmati Kapa saja,5
siip,5
good,5
Saya kasih bintang 1 karna fitur Dana cicil saya tidak muncul,1
bagus,5
tolong aktifkan fitur dana instan bos,3
selalu menjadi yang terbaik cuman ktifin dong fitur cicil nya,5
mantap lebih peraktis,5
bintang .2 aja habis dan cicil nya jelek ga bisa di gunakan,2
mengapa tidak bisa masuk keaplikasi dana,5
Cukup membantu,5
update harus sering tapi malah makin lemot bukan makin bagus bnyak bnget kendala,1
sudah 1 tahun lebih menggunakan aplikasi dana sangat cocok dan mudah digunakan,5
love you,5
bagus sihhh TPI fitur dana cicilnya belom ada,5
sangat membantu sekali 😊,5
bagus buat tf,5
kerja bagus,5
enak,5
sangat membantu,5
cuman Adan cicil dana instan sayah blm ada sayang juga punya aplikasi dana,5
mantap,5
"menyesal, delete ajaaa, menurut saya",1
parah transaksi qurish sering bangeet error mana malu2in kalo belanja ngandelin dana,1
fitur dana cicilnya tidak bisa di gunakan,2
"ada yang TF tapi tidak masuk , kenapa ya min ?",5
sangat bagus dan cepat biar lelet dikit,4
sangat bagus,5
sangat membantu,5
aplikasi bosok,1
sekarang sering gangguan,5
mantap n sangat membantu👍👍👍,3
puas..,5
untuk saat ini dana yang ter baik kedepen nya bisa lebih baik lagi,5
aku suka sekali pakai aplikasi dana,5
bagus baget,5
voucher dana point gk bisa di pakai,1
sangat baik,5
akun saya di bekukan.... bagaimana solusinya,4
👍👍👍👍👍,5
ini dana sering ada bug kenapa ya mohon di perbaiki kak admin,4
nomor rekening g ketemu. uang ga bisa dipake transaksi. dahlah uang gw 💔,1
Mantap,5
sangat membantu,5
nice,5
mantap,4
Alhamdulillah dana mengembalikan LG,5
Mempermudah,5
gimana jek maksud aplikasi ini kenapa pas gw mau beli sesuatu pas bayar pakek dana gw selalu aja ditolak pembayarannyya,3
good,5
"saya cuma ingin bertanya ke customer service nya,selalu di jawab BOT.. layani pelanggan dengan benar,bukan dengan BOT/AI..",1
tolong munculkan dana cicil saya,5
ge aktifin dana cicil,5
tidak ada dana cicil di aplikasi dana saya,5
sangattt baikkkk🫰🫰🫰🫰🫰🫰,5
baik,5
BagusMbatu,5
"praktis, mudah dan aman",5
Saya tidak bisa menggunakan dana cicil,2
MANTAPPP,5
lah ini aplikasi lagi gangguan apa gimana kok ga bisa di buka dan mau melakukan transaksi keterangan di tolok..tolong cepat perbaiki,3
nice,5
bagus,5
terbantukan,5
saya kecewa kepada DANA. soalnya kemaren saya tfansfer uang ke bank lain ternyata di saldo DANA saya sudah berkurang tapi di rekening teman saya uangnya belum masuk. suruh nunggu 1x24 jam. udh nunggu. waktu tanya lagi malah disuruh nunggu lagi 7 hari. benar2 kecewa saya sama DANA,1
topp,5
Mantap apl,5
"kenapa kadang uangnya berkurang tiba-tiba, padahal tdk ada pengeluaran?",3
terlalu lelet untuk apgred kedana premium katan ya 3 ampek 5 hari teryata lebih dari jadwal dan belom selesai kinerja lelet jawaban nya kaya ngobrol sama robot.,1
sangat membantu belanja jadi mudah,5
seneng banget,5
baik bisa jadi tabungan dan praktis,5
"Keamanan sangat menkecewakan, pengembalian dana tidak dapat di penuhi, mudah di retas/hack. Hati hati yang mau donlod, saya hilang uang tanggal 4-08-2026, dan tidak di kalim oleh pihak dana",1
mudah,5
sangat berguna,5
"bagus aplikasi dana saya sudah lama menggunakanya, proses transaksi apapun cepat, tapi sudah lama aplikasinya tidak bisa pakai data seluler, kenapa ya ?",5
kenapa saya tidak bisa untuk beli pulsa atau kirim uang apa lagi gangguan apa gimana nih,1
"lama bgt klo buat isi pulsa, disuruh nunggu satu jam ujung ujungnya tetep gabisa aneh bgt",1
"tolong pihak dana uang istri saya hilang 300rb tadi siang itu hilangnya kemana gak ada transaksi kok tiba"" hilang atau apk penipuan ya ini",1
bagus,5
bagus bangetttt,5
kenapa dana instan saya gagal terus padahal udah di lunasi semua,5
bagus,5
kenapa limit dana cicil tersedia tapi tidak bisa di gunakan di manapun?,5
bagus,5
bagus,5
sangat bagus di pakai enak caranya,5
bagus,5
aplikasi pembohong saya kan kehilangan saldo 300 ribu kan Ada 100% uang kembali jika kena penipuan saya kan kena penipuan gak dikembalikan uang nya,1
bgus,5
bagus dan cepat proses nya,5
gangguan trus blog,1
uang saya mendadak hilang,2
sangat membantu,5
GK ada dana cicil ku hilang,5
keren,5
"akhir² ini sering kgak bisa kirim ama qr,error mlu,bangke",1
Opar Jaenudin sangat baik dan bagus,5
"senang memakai Dompet DANA,,biaya admin murah,cuma 500 rupiah transfer ke bank lain",5
mengapa dana cicil tdk bs saya gunakan,3
oke,1
untuk skrng mengecewakan kalo udh bnr aku kasi bintang lagi...transaksi kirim uang per tiap jam selalu gagal dngn alasan banyak yg lagi transaksi ..itu aja kendalanya untuk saaat ini...sebelum2 nya aman2 aja pake dana,2
saya pakai dana serba gampang mau kirim uang gampang,5
bagus,5
aplikasinya bagus banget saya sangat suka...🥰🥰🥰🥰.,5
ok semua.,5
tolong aktifkan fitur dana cicil,5
"Katanya jaminan uang kembali ? Kenapa jadi gini keamanannya? Jujur kecewa responya hanya mengambang , ngga bisa fair dengan jargon 100 kembali , padahal bukan kesalahn kami kenapa kami jado korban atas kesalahan apk , uang 500 ribu lenyap posisi hp mati total transaksi dilaporkan tapi nyatanya uang tidak bisa di refund 👎🏻",1
baik,5
baik,5
sangat bagus lebih muda di gunakan,5
"tidak puas, cuma salah aktivasi dana cicil, dana cicil ga bisa dibuka lagi, sudah hub customer care ga ada solusi juga, aplikasi edan..sebelum aktivasi dana cicil saya berhasil saya tidak akan merubah ulasan saya.. saya dipersulit",1
praktis,5
mengirim uang sangat mudah terimakasih 😊,5
bagus,5
dana lgi gangguan kahh,1
"aku kasih 4 dlu deh soal nya ada dacil ada limit 150 kepake 50,nahh ada limit 100rb kenapa beli punya 5k engga bisa yah?",4
sangat puas,5
mantab,5
mantap,4
keren,5
sangat membantu,5
bakus,5
kren memudahkan urusan,5
tidk ada dana cicil mohon bantu dana cicil,5
ʙᴀᴘᴜᴋ ɢᴀᴋ ʙɪsᴀ ʟɪᴀᴛ ᴜᴀɴɢ ᴋᴀʀɴᴀ ᴀᴘʟɪᴋᴀsɪ ɴɢᴇʙᴜɢ ɴᴏᴍɪɴᴀʟ ᴜᴀɴɢ ɴʏᴀ ɢᴀᴋ ᴋᴇʟɪᴀᴛᴀɴ,1
sangat membatu,5
Dana sangat menarik dan membantu keuangan saya,5
"agak lain ko fitur dana cicil sya tidk trsedia padahal di situ udh jlas""ada limitnya tpi ko gk bisa di gunakan🙄🙄",4
aplikasi DANA SANGAT MEMBANTU,5
ga jelas saldo saya di bagi2 dlm tranfernya,3
layanan buruk,1
tolong dana cicil saya kenapa hilang,1
sangat membantu,5
siip,5
praktis & mudah,5
alhamdulillah,5
mbantu sekali,5
DANA HEBAT,5
jozzjizzz,5
"kenapa harus pakai dana premium lagi si, padahal saya mau pakai dana biasa aja .. jengkel sekali 🥴🥴",3
mantap,5
👍bagus,5
ok,5
baik,5
"hey ini lagi error apa gimana,sok2an banyak yg lagi kirim uang,bilang lagi error aja",1
Aplikasi sangat membantu,5
"Sya kirim uang ke BNI tpi Dana 500rb sya belum masuk BNI, sudah 17 hari tidak ada tindakan sma sekali malah saling tuduh, padahal dana sudah terpotong, tpi dicek dimutasi BNI tidak ada sama sekali, bahaya aplikasi ini",1
sangat bagus,5
terbaik man,5
sangat mudah digunakan,5
mantap,4
"kuntul, duit gua ketahan Mulu di dana bisnis",1
praktis kirim uang,5
sangat bagus,5
mantap,5
aplikasi dana inu sangat membantu,5
"Tolong di bantu, saya sudah top up, tapi dana tidak masuk. sementara saldo sudah terpotong di bank. sudah buat laporan, dibantu cepat",1
"dana sangat bagus, cuman sayang dana cicil sy belum bisa di pake",5
sangat baik dan sangat membantu,5
bagus apk nya,1
transaksi jadi mudah pakai dana terimakasih,5
bagus,4
wokay,5
proses cepat..tdk ribet,5
oke,5
ok,5
sangat membant,5
salah satu bentuk masukan profit developer adl mmberikan update tiap 3 hari sekali.. kadang 1 mggu.. kadang 2 hari.. top markontop.,4
bagus sekali,5
the beast and beautiful,5
bagus,5
kenapa suka eror aplikasi dana ny,5
"bagus lah ya, tapi tolong tambahin fitur top up juga dong di dana, biar ga usah ribet masuk website tiap kali mau top up nya",4
"Tidak bisa login karena masalah jaringan, padahal jaringan ku bagus aja. udah ku usahakan login dengan scan wajah tapi tetap gagal juga. mohon diperbaiki!",1
mantap,4
tolong kasih fitur dana cicil di akun saya bos,5
Sukak baguss poll,5
sangat bagus,5
good aps,5
Terimakasih dana karna sudah mempermudah transaksi saya🙏,5
"SDH beres jadi naik bintang 5 kaya pesawat . klo lemot lagi , gangguan kasih bintang cap kupu kupu",5
terbaek dana,5
eh ini knp tiba tiba danaku langganan sendiri tanpa seizin ku padahal saya tidak pernah berlangganan apk lain tapi kenapa tiba tiba saldo saya hilang pas saya chek riwayat ternyata hilang karna berlangganan apk lain padahal saya tidak melakukan apapun tolong di benerin sistem nya saya juga sudah upgrade ke premium,1
bagus,5
tidak dapat menggunakan aplikasi ini 👎👎👎,1
aplikasi ini sangat berguna untuk transaksi online. baik itu transfer ataupun Aris. pokoknya mantap banget. buat transaksi.,5
mantap,5
"pelayanan nya lama kurang memuaskan , saat menangani pemindahan akun lama",1
thanks you,5
"mohon maaf kemarin saya pake dana cicil dengan nominal 20.000 setelah saya lunasin kenapa masih tersisa 3 tagihan 20.000 yg sama, tolong dana ini kapitalisnya mengalahi Amerika",1
mantap,5
inii kenapaa dana padahal saya sudah upgrade akunnyaa tapi tetap saja tidak ada fiturnyaa,2
aplikasi yg sgt mmbantu cepat tepat,5
ok,5
"saya sangat kecewa sama aplikasi ini uang saya hilang semua di aplikasi ini ga di sisain serupa pun pas saya laporin ga ada tanggapan apa"" saran saya hapus aplikasi ini sebelum semua kejadian seperti saya",1
"ga amannn,duit gua baru kekuras dri sini.",1
bagus,5
good,5
luar biasa,5
mantap,5
duit saya hilang 100rb pas cek aktifitas malah ada beli sesuatu padahal tidak,1
dari dana biasa mnjadi premium selalu gagal jelek bgt sistem nya,1
"aplikasi lelet, gak bisa transfer error mulu",1
kenapa cuma bisa scan qris,1
nice,5
bagus,5
duit gw ilang gak aman,1
dana eror,1
apk yang sangat membantu untuk transaksi 👌,5
dana gua sekarang sering ngebug,5
good👍,5
bug bug bug aps,4
"gak bisa upgrade ke dana premium, saat update ke dana premium stuck di fito selfie, saat di tekan tombol mulai, apk stuck gak bisa di apa apakan.",2
"jelek, demi apasi sering bgt ada transaksi yang ga aku kenal, plis deh lebih di ketatin lgi ih jelek bgt sumpa ih ih",1
"jangan pernah menggunakan dana,uang saya tiba"" melakukan pembelian tanpa meminta konfirmasi dari saya,ini udah terjadi berkali"" saya harap tidak ada korban selanjutnya",1
mantep,5
"sahabat dana yg baik ,tingkat perlindungan nya ya",4
"mau bayar pake QRIS, keterangan nya coba lagi banyak transaksi. kocak nih aplikasi.",3
sangat membantu buat yang belum punya ro rekening bank,5
"425k hilang niat nya buat hayar spp eh malah jadi ketunda gimana si admin nya gajelas banget mana gabisa di refund emng di kira nyari duit gampang lebih di ketat lagi aja buat kemanan kalo uda berlangganan terus uda ada saldo jangan langsung di ambil gitu aja duit nya harus konfirmasi dulu ke kita ini mah langsung di ambil gitu aja sehat"" dah buat admin nya👍🏻",2
sangat mmbantu,3
sangat bagus,5
bagus,5
tombol scan QR galeri di mana woy,2
bagus membantu,5
sangat memuaskan,5
"smart ,simpel, mudah",5
sangat membantu,5
baguse,5
good,5
akun dana susah dihapus,1
sangat bagus,5
saya suka menyimpan uang di DANA,5
sangat baik,5
aplikasi ribet ganti nomer juga harus berminggu Minggu persyaratan udh di kasih semua,1
bagus,5
sangat puas,5
"sdikit kecewa akibat fitur dana cicil di akun saya belum ada, padahal udah hampir 10 tahun menggunakan apk ini",3
akun saya di blokir tidak bisa di buka,2
sangat bermanfaat untuk di gunakan,5
memuaskan,5
keren,5
knp aplikasi ini tidak bisa transfer,1
lebih murah,5
bagus,5
matap,5
lebih irit,5
keren,5
pak tolong dana saya mengapa tidak bisa di pakai transaksi dengan alasan katamya banyak orang sedang menggunakan aplikasi 😮‍💨,2
"apk gak jelas tiba² saldo hilang entah kemana tanpa ada verifikasi dulu, sdh di laporkan tapi gak ada hasilnya",1
mantap,5
pelayanan sangat jelek. call Customer servis untuk pengecekan sangat lama dan biaya telepon nya sangat mahal. chat diana ga nemu titik solusi.,1
bagus,4
susah pinjam uang gak ada yg kasih,5
"saya pakai aplikasi DANA,3 Agustus 2026 jam 22.14 wib saldo saya tiba-tiba hilang semua 640rb,saya taunya pada tanggal 04 Agustus 2026 pagi mau pakai uang tersebut buat bayar sekolah anak saya,saldo sudah gak ada hanya tersisa 124, saya cek mutasi ada transaksi yang saya tidak kenalin dan tidak pernah saya lakukan,TF ke nomor rekening sea bank atasnama RAMA,padahal HP ada di bawah bantal saya tiduri,PIN dan OTW gak ada yang tau selain saya,hubungi tim DANA,belum ada penyelesaian,sudah email dll",1
padahal punya paket data banyak tapi gabisa dibuka aplikasinya kalau pake wifi baru bisa terhubung jadi susah keluar kalau mau narik saldonya,4
"kalo pembayaran otomatis gak bisa di cancel / di balikin lagi duitnya.. klo bisa hilangin pembayaran otomatis.. kadang gak tau tiba"" udah kepotong aja..gak mikirin pengguna yang gak tau atau gak sengaja pencet berlangganan di suatu apk. setidaknya kasih info terlebih dahulu jika ada pembayaran otomatis dan bisa milih mau di lanjut atau enggaknya pembayaran otomatis itu",2
"unutung ada DANA,jd urusan lbih mudah",5
transaksi simple,5
saldo saya ilang trus tampa sy melakuka transaksi dan di situ terlulis di ambil oleh tiktok coin recharge.sangat menggecewan tolong segera di bantu untuk menggembalikannya,5
baik sangat sangat membantu,5
ko belom ada fitur dana cicil yaa belom ada update juga dari dana,4
sangat teper Caya,5
good,5
ok,5
udah upgread data... tf ke bank... pertama butuh proses 3 menit... eh nambah jd 24 jam... mana g bisa di batalin lg... klo ky gini jd repot kan....,1
"halo min, mohon dibaca ya. ini kenapa akhir-akhir ini dana punya ku gajelas ya? ada orang transfer udah ada notif nya tapi ga masuk' uang nya terus lagi pas ada notif ada yang transfer terus saya cek tiba' gaada di pesan nya, saya kebutuhan jual beli akun game jadi setiap ada yang transfer selalu mangalami ganguan terus ( saya udah rugi 700rb an ) dan juga ada beberapa aku game juga yang kehilangan karena saya terpaksa memberi akun nya karena cust saya udah ss hasil buktinya dan sempet vc juga.",1
sangat buruk,2
ok,5
sangat bagus,5
kadang bingung sama dana cicil yg baru daftar sama teransaksi jarang juga tapi bisa di aktipin dana cicil nya sedangkan saya pengguna lma teransaksi 24jam tapi tidak bisa gagal aktivasi saja kan kock y,5
bgus,5
layak untuk di gunakan👍👍,5
bagussss,5
hari ini 7 Agustus 2026 Dana lagi padat banget sampe dari se malem gak bisa transaksi.. notif nya lagi ramai transaksi.. tolong dong di tingkat kan lagi kapasitas pelayanan nya.. biar lancar walaupun padat.. terimakasih,5
aman terpercaya,5
"Aneh dana sekarang, masa verifikasi wajah sendiri gak bisa",1
"pembayaran lebih cepat dan efektif, efesien",5
sngt bagus,5
bagus,5
"mantap, dan mudah",5
mantap deh pokoknya👍👍👍👍👍,5
sungguh luar biasa bagus,5
simpel aja uang gw hilang tiba tiba gw bintang lima supaya paling atas dan kalian liat,5
apk yang sangat bagus... semoga sukses terus,5
apk ini aku mau narik duit lalu cras padahal aku ram 8 loh minta bantuannya untuk bug nya ya,2
saaat terkendala masalah chat diana isinrobot semua dan masalah ga pernah terselesaikan APLIKASI BUSUK customer care robot,1
mantap,5
"ada fitur dana cicil ,ada limit juga kok tidak bisa di gunakan 😡",1
the best,5
Terimakasih aplikasi sangat membantu dan mudah di gunakan sesuai kebutuhan,5
"sebenarnya aku sangat puas dengan kinerja apalagi ada tabung emas tapi kalo denger ada saldo yang tiba-tiba hilang dengan mutasi yang tidak qta lakukan, berarti keamanan msi kurang. semoga bisa di perbaiki bikin takut mau simpan uang dengan jumlah besar",4
dana semakin buruk,1
aplikasi taiiik... layanan costumer care pusat bantuan sulit di hubungi,1
sangat bagus,5
kirim uang jadi lebih gampang,5
bagus sangat banyak manfaat nya😊,5
kenapa mau login GK bisa masuk malah ada bacaan jaringan gitu padahal jaringan bagus,5
ok bangett,5
gini ya gue kemarin topap dana 50k buat terus gue bayar berhasil tapi sekarang tadi aku topap lagi buat beli paket atau yang lain gabisa ini error kah,2
Matap,1
oke baik 👍,5
sangat membantu,5
bagus,5
👍,5
mantap,5
kenapa icon emas nya tidak bisa di klik???,5
sangat membantu,5
sangat membantu,4
potong dana tanpa konfrimasi untuk aplikasi surfciper dan emailnya pun bukan email saya. di tanya tidak koperatif akun dana layak di uninstal sangat jelek,1
Dana cicil nya gx bisa d pake,1
sangat ouas,5
ga ada solusi nya.log aktifitas tidak. bisa di buka..tanya cs jawaban nya muter2,2
"saya topup dana, udah jelas ada notif popup topup berhasil, tapi pas saya cek kosong. kosong!",1
siiip,5
"saldo saya sering di ambil orang tidak di kenal,dan ada yang masuk akun dana saya tanpa sepengetahuan saya,bagaimana solusinya",1
"kenapa saya tidak ada fitur dana cicil,kenapa semua orang ada fitur tersebut, padahal saya sudah upgrade kedana premium kenapaa saya tidak ada fitur itu,mohon bantuanya untuk diperbaiki lagi",1
tolong bukain dana cicil nya dong,5
memuaskan dan membantu untuk transaksi UMKM,5
bagus,5
"dana aplikasi paling tidak di rekomendasikan,uang saya di curi oleh dana",1
bagi uang,5
baik,5
mantap,5
oke,5
mantaap,5
sering gangguan,1
topup sering gak masuk,1
mantap,3
beli voucher kuota nggak bisa di gunakan gagal melulu pas pembayaran. sudah hubungin cs nya suruh lampirin dokumen katanya 2/24 jam di proses udah 5 harian lebih nggak ada kabar. udah 2x ini cs DANA responnya nggak banget,1
sangat bagus,5
praktis dan mudah di gunakan,5
"samgan memmbatu ada nya dana,tapi sayang tidak semua akun dana ada dana cicil nya",5
Ok,5
mantap,5
kenapa akun dana saya tidak bisa menerima transferan,5
"saya kasi bintang 5,karena aplikasi ini sangat membantu,cuma terkadang masih agak lelet loding nya",5
baik,5
"uang kepotong 500rb lebih, sudah di matikan pembayaran otomatis tapi masih terpotong, minta di kembalikan tapi gak bisaaa, paraahhh nyesaaaalllll pake DANA, gak akan lagiiiiiii nyesaaaaaallllllllll taaaaiiiii",1
intinya suka we lah.,5
susah upgrade pake KTP,1
membantu,5
tidak bisa di percaya,1
saya tidak sengaja membelk aplikasi lain &kembalikan Uang saya sejumlah 165.390 ribu ..uang nya mau buat makan njir saya blm Gajian woi,1
baik,5
aplikasi mantap,5
sangak bagus,5
sangat baik,5
mantap,5
pingin keluar dana cicil,5
slalu mudah dalam setiap transaksi,5
super ok.aman dan mudah tu brbgi.,5
mudah cepat mantap,5
"saya senang bisa melakukan transaksi di dana,tapi saya agak muak karena gagal terus",4
layanan dana ccil gk ada sumpah padahal udah lama make dana,1
gabisa transaksi tiba tiba tanpa alasan yg jls,1
sangat bermanfaat,5
hbis di update malah sering gangguan gk jelas,1
"JUJUR KECEWA GATAU MAU KOMPLAIN KE MANA SOALNYA DI OPER OPER GA DIKASIH ARAHAN, GUA ADA KIRIM KE WARUNG MADURA 50.000 QRIS, TP PIHAK SANA GA TERIMA TAPI DUIT GUA UDAH KEPOTONG, GIMANA INI KEBIJAKAN NYA, GUA UDAH COBA CHAT DANA,UDH KIRIM BY EMAIL DANA.ID, UDH DM IG DANA,",1
apk parah,5
tlg kak. login tanpa otp,4
cepat dan mudah,4
Kenapa sekarang harus pakai e-comerce setiap mau transfer ke kontak baru?Ribet dan tidak faham caranya 😤,1
Dana Civil Saya Kenapa Gabisa Digunakan Kembali setelah telat bayar tagihan🫠,1
"sekarang cukup bagus, tapi tolong diperbaiki bug Karena dana gak berfungsi ketika banyak orang bertransaksi, yang perlu kita tahu, kebutuhan uang terkadang tidak bisa ditunda",1
ko fitur emas di dana ga bisa dibuka kenapa si?,3
perfect,5
bagus bgt,5
is the best,5
OK,5
cepat tepat,5
BAIK,5
suka,5
good,5
saya kasih bintang tiga agar akun dana saya keluar dana cicil,5
"mudah di gunakan, dan sangat membantu",5
sangat membantu,5
dana sekarang gak jelas dacil saya tidak bisa di pake sudah 5 bulan padahal ada limitnya 150rb makin kesini makin gak jls dana.,1
"Mau buka dana malah keluar terus, ada saldo di dana",1
keren,5
sangat baik,5
"Dana Digital membantu saya mendapatkan dana darurat saat anak saya membutuhkan biaya mendadak untuk pembayaran sekolah. Proses Pengajuannya sangat sederhana, hanya butuh beberapa menit melalui ponsel saya, tanpa harus keluar rumah. Yang paling mengesankan, dana langsung cair hanya dalam hitungan menit setelah persetujuan.",5
"akun dana sy Ats nama Eki Sudrajat,,,ada org lain yg ingin mencuri saldo dana sy,,,,tolong di di bantu agar saldo dana sy tetap aman walaupun akun dana sy msh di bekukan",1
sangat cepat dan membantu,5
NI APK BAGUS BET BUAT NYIMPEN DUIT GG SIH,5
bgus bgus bguss,5
good,4
"sialan dana cicil tidak muncul limitnya, saya pengguna akun lama kecewa ,sedangkan akun baru bisa akses dana cicil,buat apa ada fitur dana cicil kalo ngga berguna ,mending di shopee",1
sangat membantu mempermudah,4
saya berharap fitur dana instan muncul di akun dana saya terimakasih dana dompet digital terbaik di indonesia..😊,5
baik,4
Kalo.bisa terdomlod aku kasih bintar 4 kalo bagus fiur nya aku kasih bintar 1000 miliyat dengan uang seribu 300 juta apa,2
DANA poko nya mantap .,5
cukup puas,4
Banyak mafianya,5
bagus👍 sangat membantu,5
sangat bagus di gunakan,5
sangat bagus,5
bagus,5
sangat menyenangkan trasaksi lewat aplikasi Dana,5
setelah buat transaksi 1x udah gabisa. dana sekarang ga kaya dulu,1
luar biasa memuaskan,5
lumayan,5
aplikasi yg kuat biasa sangat membantu dalam bertransaksi.,5
mantap,5
saya berharap aplikasi ini selalu memudahkan pengguna.,5
top,5
Terima kasih Dana lebih memudahkan untuk transaksi,5
baguss,5
semoga apk aman seterusnya,5
goood,5
tolong perbaiki fitur keamanan ya. ada notif ini bukan saya tapi masih bisa lanjut bertransaksi harusnya. nunggu di konfirmasi masih dulu baru bisa lanjut. kalau gitumah sama aja g ada fungsinya. ada fitur begitu cuma di suruh ganti kata sandi doang. habis itu g ada kelanjutannya. sedangkan saldo yg hilang g ada jejaknya dimna. kalau bisa tolong tambahin fitu kalau transaksi kaya alamat gitu. saya baru ke hack mau lacak lokasinya kan g tau,1
sangat bagus,5
sangat membantu,4
udh di upgrade 100x udh di uninstall 100x udh bersihkan chance 100x masih ada BUG paraaahhhh nggk ada solusi kocak,1
sangat membantu buat saya sangat sangat membantu,5
kagak jelas gangguan mulu,1
sangat praktis,5
bagus,5
akun dana saya tidak ada fitur dana cicil padahal saya transaksi pernah sampai limit per bulan mohon di tinjau,4
pengguna lama,5
sangat membantu,5
terbaik,5
"sangat membantu dan memudahkan,hanya saja DANA CICILnya kadang tidak bisa digunakan, opsi pilihan untuk dana cicil kadang tidak tersedia, padahal limit yang dikasipun cuman Rp100.000, padahal saya tidak ada tunggakan.",3
baik,5
makasih,5
sangat baik,5
🙏,5
cepat tepat,5
sering trobel. chat diana malah tak menyelsaikan masalah.,1
aplikasi yg sangat membantu kami ☺️,5
mantap,5
puas,5
💯✨,5
sangat membantu,5
dana sudah tidak akan lagi uang saya hilang kesedot tpi tanggapan dari cs tidak bisa mengatasi,1
iya sering ero,4
ayo pakai dana.,5
jos gandos,4
tidak memiliki Dana cicil padahal sudah di Download ulang 😮‍💨,1
"saya kecewa dengan dana, saya sudah melakukan transaksi melalui gopay ke dana, dari aplikasi gopaynya sudah berhasil tetapi saldo saya tidak menambah, saya harap ada itikad baiknya dari dana",1
sangat berguna,5
"10/10, customer service nya gercep, saldo ku yang ilang balik lagi, e wallet paling rekomen, good job dana 👏🏻",5
nice,5
baik,5
okeokokok,5
bagus dan cepat,5
aman dan cepat,5
nice,5
tolong jika ada pembayaran harus konfrim dan masukkan pin saya kehilangan 400 ribu,1
bagus,3
ok lah,5
"ini kenapa udah dua hari ga bisa melakukan pembayaran lewat dana dan tarik tunai,muncul tulisan terlalu banyak pengguna melakukan transaksi terus",3
mntep,5
"Cepat,mudah,dan tidak ribet",5
"kok saya udah 1 minggu gak bisa masuk ke dana saya, kata nya koneksi bermasalah",1
aplikaainya mempermudah kita dalam transaksi,5
Oke,5
mantap,5
baik,5
bagus,5
buat pengalaman saya pakai akun dana ini bisa tambah pengertian.,1
"Aman,, cepat",5
sangat bagus,5
sangat berguna,5
Agar ditambahkan layanan Cetak Struk Otomatis tanpa pake Aplikasi lain,5
👍,4
dana aplikasi yang sangat keren,5
luar biasa mantap,5
keren,5
kenapa dana saya tidak punya dana cicil,5
sangat baik,5
saya kasih bintang 5 coba deh tambah in lagi fitur hadiah atau koin yang bisa di cairkan,5
klo mau kirim pulsa suka lelet,5
dana knp kurang jaringan,2
good,5
Dana ku kok tdk muncul layanan2 yg lain,5
sangat nyaman dengan pelayanannanya...secepat kilat,5
algmdulilah membantu.makasih dana,5
kenapa Danaku nggak bisa buat ngirim,1
baguss ebujukk,5
😍😍,4
good jjobs for dana,5
mantap,5
membantu,4
bagus dan mudah cuman tingkatkan lagi keamanan nya soapnya masih bisa di hack dan di bobol dan,5
Terasa sangat nyaman untuk digunakan sebagai alat transaksi pembayaran,5
mudah,4
"nilai top up tidak sesuai , uang saya hilang dan prosesnya berbelit"" . segitunya cari uang.. uang pelanggan di cemil dikit demi sedikit",1
guna dana protection apaan kalau saldo terus bisa hilang..,1
"daftar qris nya lelet, kalah sama g*pay.",5
dulu kalo mau kirim uang mesti repot nyari bank sekarang nggak lagi. ini sangat membantu,5
sayangnya gak ada koneksi internet padahal sinyal bagus paket data ada,5
bagus,5
sangat bagus sekali,5
well,5
sangat puas,5
good,5
sangat membantu,5
baik,5
"memang betul telat bayar cuma saya masih tanggung jawab, setelah lunas tidak bisa di gunakan lagi dana cicil nya, saya buang saja buat apa masih banyak yang lain nya.",1
kenapa menu dana cicil saya belum ada.kan saya sudah primeum,2
tolong di perbaiki lagi setiap isi saldo uang saya hilang 15 ribu,1
Alhamdulillah bagus dan sangat membantu,5
maksud gmn ya? saya sudah berhenti langganan aplikasi tapi ko masih ditagih buat bayar tagihannya ya?tolong jawab dong,2
tidak bisa di tampil kan di layar utama.,2
dana lebih baik ckrng,3
tolong perbaiki lagi dana premiumnya saya udah premium dari lama tapi kenapa tiba tiba tidak premium kenapa ini,1
sangat membantu,5
sangat membantu dan Transaksi tidak bermasalah serta Aman,5
menu kirim ke ewalet sering loading terus tolong di perbaiki,4
kurang,5
sangat membantu,5
aplikasi yg memberikan kemudahan dlm pengiriman uang ke berbagai bank dgn baik semoga dipertahankan fungsi aplikasi ini,5
terima kasih DANA semua jadi lebih mudah,5
"sangat mudah digunakan,data transaksi ya juga jelas bagus ink digunakan",4
aman dan terpecaya,5
lebih mudah untuk bertransaksi dengan yg lain,5
ko saya TF ke bri duit blm masuk ini gimana,5
"terima kasih banyak app Dana top banget , sangat membantu mempermudah transaksi dan pengiriman uang",5
sangat bagus.cepat dan terpercaya,5
tolong aktifkan dana dana cicil atau. dana paylater,3
buat kirim g ribet kelong bngt,5
kenapa saya tidak ada dana cicil,5
ok,5
purlu untuk menjaga keamanan lagi yg lebih tepat seank bank sekarang lebih aman,4
"ada adminnya semua meskipun hanya Rp.999 karena gratis tf hanya 10x, jadi males gunain ini, mending e-wallet sebelah.",1
sangat membantu untuk berbagi transaksi dan simpel,5
sangat bagus,5
dana cicil kok fitur nya ngak ada,5
terbaik,5
bgussssss dh simple,5
good job boy 😎😎 tapi kenapa saya tidak ada dana cicil ya bosku,5
"gara2 nomer lama hilang ,, gk bisa upgrade premium .. kan harusnya bisa bantu dgn otp ke email atau verivikasi wajah untik keamanan gitu aja repot",1
terimakasih sudah mempermudah transaksi Ku,2
sya sudah premium dan sudah 9 tahun make aplikasi dana tapi dana cicil dan menu pilihan nya tidak bisa di gunakan dana cicil pun tidak bisa padahal ada saldo nya,1
oke,5
Kenapa fitur dana cicil saya gak pernah muncull,5
mantap bosku,4
mantap,5
trimkasih,5
sangat terbaik,5
good,5
sangat membantu,5
dana cicil saya dibekukan,1
saya mengucapkan Terima kasih atas adanya akun dana karna sangat membantu adanya pertukaran dn penyimpanan yg sangat di butuhkan Terima kasi,5
nice👌👍👏👏😘😘,5
good,5
akun dana yang berbeda,5
ok,5
di akun dana saya tidak muncul dana instan padahal saya sering banget transaksi pake dana tapi ga bisa menikmati fitur dana cicil!!! kecewa,1
kenapa fitur Dana cicil saya gk aktif-aktif?,5
fitur Dana Premium di dalem apk dana nya masih blm lengkap ... Seperti Dana Instan Dll .. kalo udah lengkap fitur nya pasti nya saya kasih Bintang Lima 💯👍,4
bagus,5
terbaik..sangat membantu,3
Sangat membantu,5
punya saya tidak ada playter nya,2
sangat membantu,5
ckup2 bagus lh pokok nya,5
buka fitur dana cicil,3
bagus,5
kenapa saya mau masuk dana ga bisa terus,1
saya sangat suka dengan aplikasi dana in,5
buka detail aktivitas aja gk muncul,1
bintang 200000 apk bermanfaat,5
aplikasi membuat perjudian,1
sangat amat buru saldo dana saya 500 ribu pending dari 24 jam sekarang 5 hari alesan ada kendala sampai sekarang tidak ada penjelasan tolong ini apk besar dengan kendala seperti itu tidak wajar,1
sangat mudah,5
semoga bisa membantu dan amanah,3
terimakasih dompet ini telah membantu banget.. klo bisa perbaiki lagi kadang suka lola kalo sedang proses pengiriman..,5
luar biada,5
bagus,5
aplikasi buruk ada fitur tapi tidak bisa di gunakan,1
sangat bagus,5
knpa dana sya ga muncul pitur dana cicil nya ya,5
akun dana aku mau saya hapus,5
saldo sering hilang,1
tolong muncul kan dana fitur dana cicil,1
ga bisa login SDH bbrp x masukan no TLP tidak bisa,1
apk nya sangat membantu,5
waktu saya mau bikin kelengkapan data diri untuk mengajukan dana cicil pas pertanyaan awal langsung gagal gimana sih pihak dana,1
eror,3
ok mantab semogah tidak ada lagi kendala kendala yang tidak logis,5
mantap,5
kaka mungcul kan dana cicil saldo saya,5
keren,5
lemot,1
sempurna,5
sangat puas,5
sangat membantu buat TF dan transaksi lainnya👍,5
manttap,5
luar biasa,5
sangat memuaskan kan tapi fitur dana cicil nya kok ngk muncul muncul,5
sangat membantu cpt lgi..,5
knapa tdk bisa dana cicil saya,5
sangat bagus,5
dana kenapa ya,1
Memudah kan bertransaksi,5
lumayan baik,2
baguslah pokonya,5
terima kasih banyak layanannya mantap 👍😎,5
Sangat bagus,5
sangat membantu...👍👍,4
dana cicil saya tidak bisa digunakan lagi gara gara telat bayar beberapa hari payah apk dana tidak enak digunakan lagi kalau bisa tolong hapus data saya saya sudah tidak nyaman dengan apk dana jdi mau di uninstall aja lalu pindah ke apk sebelah,5
Terbaik,5
sangat bagusss,5
bagus,5
suka bget pakai dana krna mmng tnpa biaaya admin🥰,5
jos,5
mantap,5
susah kebuka nya.tln d kasih kmudahan. gangguan truss,1
"NOTIFIKASI KALAU SERING TELAT MENDING HILANGIN ITU FITUR, BELUM LAGI NOTIFIKASI POIN GAK PENTING BIKIN BERISIK, UDAH PROMO MINIM BANYAK TINGKAH PULA INI E-WALLET!",1
mantap,5
biar bintang yang berteriak,5
narok duwit disini ga aman👎,1
sangat josjis,5
ini kenapa eror terus ya?,1
"Saya sangat senang menggunakan aplikasi saya kasih reting 5⭐. Maaf sedikit pertanyaan ini tolong di bantu permasalahan sya Kenapa Dana sya tidak muncul fitur terbaru seperti contohnya Dana teman sya fitur Dana cicil nya muncul Dana pinjaman muncul.Kenapa di Dana sya tidak ada, Satupun fitur pinjaman seperti Dana cicil Tolong di bantu munculkan frtur tersebut dan, Tolong dibantu proses mendapatkan limit pinjaman menggunakan fitur Dana cicil,saya sangat membutuhkan🙏",5
ufgrade dong persi terbarunya,5
semoga cepat kebuka fitur dana cicil akun daya🙏,5
mantap,5
"ada limit dana cicil,tapi tidak bisa buat transaksi,",1
tolong perbaiki dana cicil saya,5
ok,5
Baik,5
sangat membantu🥰🥰,5
saya udah lama menggunakan dana tapi belum muncul juga fitur dana cicil nya ada kendala ap,5
baru ngetes nyimpen 400k gak sampe 2 hari hilang karena ada transaksi tak dikenal🥀,1
apa apa langsung transfer aja tanpa pemberitahuan padahal saya belum setujui dan masukin kata sandi,1
"aplikasi bego,nyimpen dana digital di dompet dana tiba tiba ke potong buat pembayaran aplikasi tanpa persetujuan.. aplikasi sampah !!! jangan mau pake aplikasi jelek ini",1
belom ada fitur dana cicil,5
Mantap Betul,5
dana cicil,5
saya senang dan bangga,5
sangat memuaskan,5
"untuk pengembang dana.. tolong fitur histori transaksi di perhatikan, karena sering delay dan ketika membukanya terasa berat, jika aplikasi di pake buat transaksi. coba kasi fitur transaksi by, harian untuk transaksi yang di tampilkan, dan kasi jg fitur filter, mingguan, bulanan, tahunan. supaya memudahkan pencarian. terimakasih",5
"aplikasi ga jelas kadang bermasalah ga bisa TF,tolong perbaiki",3
"dana ga rekomen tau' saldo kepotong perkara ada langganan sedangkan aplikasi suda tidak terpakai,lebih diperbaiki lagi jika ada tagihan langganan diharapkan konfirmasi ke pemilik akun",1
"kenapa akun dana saya di kebukan dan tida bisa dibuka sama sekali ngga bisa login,tolong bantuan nya,",1
apk sangat tidak berkelas dan tidak bermutu,1
Sangat Baik,5
mantap,5
bagus,5
mntap,5
terbaik,5
apk bnyak bug. gua beli pket internet pilihanya 15gb 7h tapi pas payment selesai malah jadi 2gb apaa maksudnya kalo gituu kalo mau nipu mikir kids kecewa selama ini masih bnyak bug di apk inii,1
sangat mudah digunakan,5
Apk aman,5
dana saya tidak ada dana cicil,5
tidak ada koneksi Mulu tiap mau login,4
bagusss,5
bagus,5
saya sudah lama menggunakan aplikasi dana tapi koq belum ada fitur dana cicil tolong gimana ini,3
BagusMbatu,5
sering eror GK bisa masuk .payah,1
good,5
menarik,5
mau masuk dana tapi ga bisa karna make otp tapi kartu nya udah mati blm premium jugaa bisaa di bamtu ga,3
apk bagus untuk dompet digital,5
keren,5
kecewa berat sama pihak dana..kemarin sempet kehilangan saldo 1jt lebih ga ada tanggapan dari pihaknya,1
baik,5
mantap,5
gk beres dana skarang susah apk di buka,5
knp dana cicil sya belum muncul y,3
buru,5
"uang saya ilang kecewa saya dengan dana tiba"" uang saya hilang tdak da pemberitahuan tiba"" hilang kecewa berat cari uang setengah mati mau di ambil uangnya hilang sakit x rasanya kecewa saya tdak mau lgi pakek dana tidak aman capek"" cari uang di simpan ke dana malah ilang",1
sangat baik,4
bagusss,5
mantap aplikasi nya aman dan nyaman,5
Ok,5
👍👍,5
hanya saja fitur dana cicil saya tidak muncul,5
berburu,5
"kyk ajing lama ""ni aplikasi",5
ribet dan mengecewakan..punya dana cicil tp' tidak bisa di pakai transaksi..padahal tagihan sdh lunas,1
bagus 🤝,5
bermanfaattt,5
woooy balikin duit gw 1.250.000 udah di TF lewat BCA notif masuk saldo ngga,1
membantu sekali,5
cukup membantu,5
keren,5
"saldo saya hilang dan nggak ada tanggung jawab nya sama sekali,untuk yg download pindahkan aja saldo anda di sini jggak aman,saldo hilang nggak bisa kembali macam mana kek gitu",1
bagus,5
bgus,5
sangat baikk,5
mantap,4
dana cicil,5
nyaman sekali,5
Dapinjak,5
dana cicil ga bisa di gunain mulu,1
mantap,5
akun dana saya dibekukan tapi saya tanya solusinya itu itu aja logout dan masuk kembali tanpa ada penjelasan yang lain yang dapat membantu akun saya. sampai sekarang pun masih dibekukan nga tau lgi harus gimana,1
terbaik lah poko nya,5
"kenapa dana saya tidak bisa membeli pulsa atau paket data, padahal aplikasi dana saya udah premium, tolong di perbaiki, ini sangat mengganggu",1
ok,5
"mau ganti nomor aja susah, pdhal udah lewat bantuan cs di kasih nomor pelaporan sampe waktu pelaporannya habis tetep gak ke ganti ke nomor baru, ribet. malah di laporan permasalahan katanya sudah beres",1
penghapus akun dana,1
kenapa dana cicil saya tidak bisa digunakan,5
mitos fictur dana cicilnya saya perbulan transaksi puluhan juta tetapi tidak pernah mendat akses selama 3 tahun ini,1
dana cicil punyak sayaa knp engak bisa muncul ya,1
sangat bagus,1
terima kasih sangat membantu,5
Kenapa Saya Gak Bisa Buka Akun Dana Saya,1
dana cicil tidak dapat saya gunakan lagi.. setelah pelunasan tagihan pada hal limit saya masi ada.. tapi gak bisa digunakan.. dana cici sedang tidak tetsedia terus impormasi nya,3
"Apk jelekkkkkk, uang saya hilang lohh pas mau transaksi ke bank lain Krn ketahan berharii hari, kalau gak niat buat apk jgn buat merugikan orng itu namanya!!!",1
bagus bos,5
baik,5
bagus,5
terimakasih sudah membantu,5
"mantap, memudahkan saya untuk menabung",5
"kenapa aplikasi dana ,,,punya ku ngk bisa kebuka fitur"" kaya beli pulsa data ,,,dan lain"" setelah ganti hp",1
Mantap layanan nya,5
"sengaja kasih bintang 5 karena kecewa karena keluhan pelanggan,selalu di jawab AI. LIATA MANA PELANGGAN SETIA YG RAJIN BERTRANSAKSI,MANA BUKAN.DUKU AWAL2 KALO KELUHAN ADA NO KONTAK WA,SEKARANG MALAH BOT.KAN KACAU",5
Bagus ya,5
Wokeehhh...,5
baik,5
"dana penggelapan saldo, jangan di download!!!!.,...",1
mantap,5
ngak bisa dowlot dana,1
kenapa dana ini bermasalah,1
bagus gak ribet TF nya,4
suka,5
tingkat kan kirim gratis nya dong,5
saya suka,5
TIDAK BISA MEMBANTU REFUND DANA YANG TIBA TIBA ILANG SENDIRI.,1
dana cicil saya ngga munnvul,5
ok,5
Bagus,5
bagus,5
Bgus,5
di saya versi terbaru kenapa blm muncul ya,5
"mohon di tinjau perihal aktivasi saya di fitur danacicil/paylater , keterangan ya menunggu info 30 hari untuk mengetahui perihal status aktivasi danacicil saya aktivasi di bulan mei sampai sekarang tidak ada kejelasan baik itu di terima atau tidak ya tolong di tinjau lagi permohonan sayaagar dapat di respon",5
👍👍👍,5
mantap,3
tapi syg punya sya nga ada dana cicil nya,5
kenapa di apk dana saya gada dana cicilnya sedangkan dana saya sdh teh 2tang premium,5
bagus sekali,5
cs upgride,2
sangat memnantu,5
sangat puas,5
"jangan pakai apk dana apk sangat buruk, saldo saya masuk lama skli,terus ngeleg padahal jaringan saya bagus tolong kalian hapus aja aplikasi dana ganti gopay atau ovo aja aplikasi sangat buruk menurut saya",1
sangat baik untuk transaksi,4
bagus,5
selamat datang kembali,5
saya senang menggunakan dana menjadi lebih praktis,3
Sangat bagus,5
dak mau isi token dan lain lain,4
topup dana sering lama masuk,1
kadang bisa keluar sendiri GK jelas,2
mantap,5
nice,5
Mantap,5
"limit masih ada , tapi dana cicil tidak bisa digunakan , payah",5
knpa di jam 22.52 ganguan terus dana top up saya dari rekening tidak masuk ke aplikasi tapi terbaca di livin uang sudah masuk,1
kok ngak bisa di buka aduh,1
bagus,5
kenapa dana cicil saya bisa hilang,4
jadi gampang bertransaksi,5
orng krim pesan tf mlh ilang,1
tolong dana cicil nya di aktifkan,5
sudah dua bulan limit dana cicil ada tapi asal mau di pake tidak tersedia kalo gak bisa di pake hapus aja fitur nya,1
good,5
mantap jiwa 😎,5
"sering hilang saldo saya, terlalu mudah untuk di hack",2
mantap,5
👍👍👍,5
gbisa buka fitur dana cicil pdhal akun udah premium,1
kenapa si dana harus pake pasky kan susah mau login pin bner Aken wajah juga bner ttp GK kebuka,1
bagus.. tp koq saya GK bisa pake dana cicil,5
"penarikan saldo bisnis diproses dalam wakt yang lama, hadeuh",2
bagus,5
ada apk dana ini sangat membantu terpercaya trimkasih dana,5
bagus dan mantap,4
sangat bermanfaat 👍👍,5
bagus,5
bagus,5
"minta pembaruan mulu,ribet",2
baguss,5
baik,5
bagus banget yaa aku kasih bintang 5 😊,4
mantab,5
ok,5
ko saya belum ada dana cicil ya,2
makin kesini makin tidak nyaman pakai aplikasi dana ini,1
👍👍👍,5
sayang nya dana cicil gk muncul muncul,5
"Hai Kak.. aku mau nanya.. kenapa ya DANA ku selalu gagal kalau mau ke premium, katanya e KTP sudah diedit gitu.. padahal kayaknya belum pernah aku gunain dinomer lain deh..",4
aplikasi bagus mantap,5
ini saya tambah kan bintang poul semuga dana nggak mengaciwakan lagi me mudahkan pengguna dan manjamin ke amanan dana,5
"mantap 👍 aplikasinya ini transaksi murah, mudah, dan dapat di mengerti apa lagi kita yang baru pemula, aku suka banget sama aplikasinya,👍",5
bagus,5
good,5
sangat berguna aplikasi ini cocok untuk pembayaran tapi tolong dong kepada tim dana tolong aktifkan fitur dana instan di akun saya karna saya juga sudah sering bertransaksi di aplikasi dana juga terima kasih,4
mantul,5
baikkkk bangtt,5
sangat bagus dan membantu👍,5
bagus banget,4
kenapa dana cicil nyab gak bisa di pake padahal udah ada milit nyah,1
baik,5
👍,5
Kapan di munculkan dana instan pinjam di akun saya,5
tolong munculkan dana instan,5
ngeleg,5
saya suka,5
SANGAT MEMUDAHKAN DALAM TRANSAKSI,5
"transfer doang tpi proses nya sehari??? apk gila ni dana, pdhl ga banyak nominal yg di tf, jdi tertunda saya mau bayar²",1
simpel dan mudah,5
mudah di gunakan,5
makasih,5
Sangat membantu dalam transaksi keuangan.👍,5
berikan saya fitur dana cicil,5
dana memang ngak bisa di percaya. ngak bisa buat transaksi,1
good job,5
dana maaf jika saya memberikan bintang 3 karena setiap kali saya mendapatkan transfer uangnya selalu hilang dan ini sudah 2 kali terjadi mohon maaf kalau bisa tolong dibantu untuk mencari kesalahannya karena saya sebagai pengguna sama sekali tidak mendapatkan pemberitahuan padahal saya tidak menggunakan metode pembayaran apapun atau membayar apapun,3
"tolong saya belum saat ini belum muncul dana cicil nya, dan tolong dikonfirmasikan segara.",2
Good,5
dana cicil saya belum ada muncul,5
memang mantap akun dana yang saya Gunakan,5
"gabisa di download, ngebug gajelas",1
terbaik,5
"dana mantap,",5
Bagus... sangat membantu... terimakasih Dana...,5
aplikasi nya sangat membantu,5
apk tai,1
mantap sekali,5
sangat memuaskan,5
gabisa aktifin dana cicil,2
sangat membantu,5
apik bagus,5
knpa saldo saya sering terlambat masuk nya,5
"ohhh ya apk dana ini , cukup baik tapi sayangnya kadang kadang suka gangguan terus,dan satu lagi pertanyaan ku kenapa dana cicil udah gak bisa di pakai lagi di akun ku, padahal kemarin kemarin masih bisa di pakai, padahal ya belum jatuh tempo udah di bayar cicilan nya, sekarang knp gak bisa di pakai lagi dana cicil?? padahal gak ada utang aku,apa pengguna lain juga gak bisa pakai lagi dana cicil ya",5
ok,5
sang at bagus,5
bgus,5
tidak dapat saya buka akun dananya,5
sangat membantu,5
"dana makin kesini makin buruk mau mindahin ke nomer baru aja susah nya minta ampun , udah laporan ke cs nya malah tanggapan nya buruk banget sumpah . sampai udah kirim ss nya segala kalau aku mau ganti nomer yang 🤬",1
bagussss,5
sangat luar biasa,5
ok,5
ok,5
aplikasi bagus untuk transaksi digital,5
bagus,4
bintang 3 dulu tolong di bantu supaya saya bisa menggunakan dana cicil kembali...?,3
Cukup Membantu,5
"semua gara gara verifikasi wajah saya tidak bisa menarik uang saya demi kebutuhan padahal saya sudah verifikasi wajah namun gagal minta tolong di hapus, SUNGGUH FITUR YANG SANGAT SAMPAH!!!!",1
membantu banget,5
mantulllll,5
bolela,5
mantap,5
ngajuin dana instan kok gagal terusss pembayaran ga pernah telat lgnsng dbyr dobel mau ajuin lagi selalu gagal pas penarikan,5
sangat puas bgus aplikasi nya trima kasih dana.sukses selllu,5
transfer transfer jadi gampang dan lebih mudah,5
sangat membantu,5
bagus,5
ini kenapa kok bagian emas masih eror mohon di perbaiki min🙏,4
mantap,5
𝐁𝐚𝐢𝐤,5
mksie AQ seneng punya aplikasi dana,5
mantap,5
"ganguan kah, kok saya ngak bisa login ke dana saya",5
dana makin lama makin gak jelas gak kayak aplikasi lain.. ini sebentar sebentar eror sebntar lagi sedang banyak yang bertransaksi.. belajar lagi lah dani dari aplikasi lain.. kacau sekali mengecewakan..,1
bagus,5
kenapa aku gk bisa buka aplikasi dana (gk bisa login),1
jos gandos,5
sangat membantu,5
Sangat bagussss,5
bagus,4
good aplikasi,5
saldo sering hilang dan tiba² ada riwayat transaksi gajelas,1
ok juga,5
sangat baik dan aman,5
bagus,4
bagus,5
sangat membantu buat kaum seperti saya,5
luar biasa,5
kalau bisa sediakan dana cicil tempat saya,5
engga ada teroransi nya pihak dari dana padahal saya udah kehilangan uang nya buat makan keluarga payah dana udah engga aman,1
bagus,5
transaksi lebih mudah dengan menggunakan DANA,5
kenapa dana cicil saya tidak bisa di gunakan ya??,5
👍👍👍,5
"sangat membantu ,🙏 terimakasih",5
dana cicilan,5
joss jisss,5
sangat membantu,5
baik,5
pokonya mantap,2
"rekomendasi banget mempermudah untuk bertransaksi, ada menu khusus nabung juga👍👍",5
sangat membantu,5
sangat bagus me nabung uang di sini,5
cukup lancar buat download,4
akun sudah premium tapi tidak ada dana cicil,1
bagus,5
sangat bagus,5
memuaskan,3
mantaf,5
"kurang keamanan fitur transaksi, saldo dana saya 929ribu hilang tiba-tiba padahal udah 100% security setting, padahal bukan saya yang transaksi tapi saldo tetap tidak bisa kembali",1
"udah ga ada aman aman nya pake dana, belanja 24 ribu saldo 95ribu lebih tiba"" sisa 18rb abis update padahal, diriwayat ga ada uang keluar cuman transaksi belanja aja , dichat malah bot gajelas jawabannya .",1
mantap..👍👍,5
Ok,5
kenapa mau daftar KTP gak bisa muncul,5
ok,5
👍,4
ok,5
jos,5
tarik dana instan aja proses verifikasi nya lama banget dan muter2 terus,1
sayang nya dana cicil ku ngga ada,1
matap,5
"kepada tim dana tolong lebih di tingkatkan lagi keamanan saldo, saldo saya hilang tanpa melakukan transaksi.",1
biasa terbayar otomatis jadi jellek,3
mantulll,5
"terlalu lama buat masuk ke apk ny, ngulang dr awal trs harus nunggu keamanan itu, bikin repot, gk tas tes gitu",1
bagus banget,5
piling kasih dana cicil y gx dapat smua. padahal transaksi tiaphari,4
saya sangat suka aplikasi in sangat menbantu,5
aplikasi yg handal,5
dana saya kesedot sendiri lebih dari 600k,1
Tidak bisa buka dana,5
bagus,5
terimakasih...cara mudah TF dana,5
baguss,5
sangat cepat,5
enak ya punya apl dana byar apa aja bisa kecuali bayar utang orang ga bisa no limit wkwkwkkkk..... tolong di bantu limit dana cicilnya naikin min,5
sangat membantu mempunyai aplikasi dana ini,5
cepat dan mudah,5
Cepat Lancar,5
Bagus mantap ketua,5
baik,5
saya memiliki limit di fitur dana cicil tapi tidak bisa di gunakan (tidak tersedia),2
baik,5
sangat bagus,5
ok,5
semoga bisa ditingkatkan keamanan lebih tinggi lagi soalnya temenku pernah hilang tiba2 di dana,5
good,5
mana tanggung jawab pihak dari dana.saldo yang saya transfer dari gopay menuju qris bisnis dana sampai sekarang juga belum d selesaikan.dari mutasi gopay sudah sukses saldo sudah terpotong tapi sampai sekarang belum juga masuk d qris bisnis saya..kemana hilang nya saldo saya setiap di hubungi jawaban sedang proses.sudah lebih Dari 24jam saya menunggu sudah habis 100k pulsa untuk menelpon pihak dana belum juga di selesaikan saldo masih saja belum masuk..sudah 3 hari belum juga selesai,1
napa gak bisa di instal lagi bos,5
bagus,5
bagus sekali,5
bagus,5
duit sy hilnggg 650.000 gimna sih,1
"dana ini yaa, bukan dipermudah dipersulitt, berpikir pikir lagi lah klen mau makek nya ni.",1
aplikasi anj saldo hilang gara gara koin tiktok padahal g prnh di pake,1
keren,5
baik,5
ok,5
sangat membatu,5
"saya beri bintang 3 karena muncul filtur dana cicil,tapi sampe sat ini blm bisa di gunakan melulu",3
bagus aplikasi ini,5
terbaik dan terpercaya,5
sangat bagus👍,5
Ada nya Fitur dana cicil untuk apa kalau tidak bisa di manfaatkan untuk kebutuhan mendesak.mendinc jangan ada fitur seperti itu jika tidak berguna.,1
bagus,4
mantap,5
"dana apk paling gampang dibobol , banyak korban yg duitnya tbtb ilang",1
"ini dana kenapa? buat TF pending, di isi saldo juga lama masuk",1
tidak muncul dana cicil,5
apk gampang banget buat ilangin duit pokoknya apk ini ngga aman,1
mantap,5
saya tidak dapat menggunakan dana cicil padahal limit yang tersedia 150k,2
transaksi jadi mudah dan murah tapi gak murahan,5
sangat membantu dalam mengelola keuangan terbaik 👍👍👍,5
tolong berikan saya layanan dana cicil,5
eror terus,1
jos jis,5
memudahkan dlm bertransaksi,4
bagus sekali,5
"kembali kan uangku yang kepotong 100,aku tidak tau kalo bakal kepotong sperti itu, karna itu uang bulanan aku, plis aku gk ada uang lagi ini masi awal bulan, tolong kembalikan ,",1
sangat bermanfaat,5
keren,5
mantap,5
bagus,5
dari dulu sampai sekarang dana cicil saya tidak pernah muncul. padahal saya pengguna lama,3
apaansih ini dana. sejak di update mLah sering susah transaksi. muncul terus tulisan lagi banyak yang bertransaksi. parah,1
"mohon lakukan perbaikan dengan cepat sistem pemindahan akun premium ke akun sebelumnya ,ini hari kerja bukan hari libur ,kalo begini sistemnya kurang wort ,mohon segera supaya bagus kedepanya, terimakasih",2
Setelah di ubduh aplikasi tidak bisa dibuka,4
ok,5
bagus,5
ok,5
cepat dan aman,5
puas,3
sip,5
aplikasi sering gajelas jaringan aman malah ngelag di aplikasi dan sering juga pemeliharaan lama banget sampe gabisa ngirim,1
sukses.... pengiriman cepat👍,5
"udah lama make dan udah kasih bintang 5 sebelumnya tapi akhir"" ini apa apa bermasapah terus transaksinya, udah banyak masalah",2
sering susah klo d buka,3
Ok,5
mntap,5
Bagusi tapi sayang dana cicil tidal bisa di pakai,3
"Customer service gk jelas, untuk mengurus pergantian akun tidak dilayani dengan baik jadi... saya bingung dibuat tambah bingung. Not an professional service",1
suka banget sangat membantu bagi saya terimakasih dana,5
ok aman dan nyaman,5
yahhh,5
"sangat membantu sekali,,",5
aplikasi nya di perbagus dong style ui ux nya kaya IOS 26 × vercel ui,1
sangat bagus,5
saya ingin aktifkan dana cicil,5
kecewa laa sekarang harus pakak ktp jadi ribett,2
bagus,5
mantap,5
dana paylater nya knp gak keluar di aplikasi dana saya,5
terbaik,5
"lelet sekali baru isi saldo 550rb rencana mau top up pulsa malah semakin lelet uang sudah masuk malah tidak bisa digunakan,kecewa banget klw seperti ini mending beli pucer saja langsung lebih praktis",1
good,5
bagus BGTT dan berguna banget,5
"makin ke sini makin gak guna nih aplikasi, yang tadi nya bisa buat transfer bagi anak sekolah yg belum punya KTP, sekarang harus upgrade dulu pakai ktp",1
"Saya sedang menggunakan Dana, tiba-tiba dana saya tidak premium, Ketika saya ingin meng-upgrade kembali, tiba-tiba ktp saya sudah terdaftar di nomer lain yg saya tidak kenal, dan saya diarahkan untuk mengganti akun ke nomer saya. masalahnya bagaimana caranya sedangkan saya tidak kenal no akun lama tersebut. Bagaimana cara supaya akun saya kembali seperti semula ?",1
sangat membantu dalam proses transaksi.. terimakasih,5
yakin berjalan dgn kurang sempurna,3
sangat membantu dan bermanfaat,5
tolong aktifkan dana instant saya,5
thanks dana,5
"aplikasi sampah semenjak update masuk ke akun sendiri susah bnget ""karna alasan keamanan Mulu""",1
woy lah kenapa jadi lambat banget mau kirim uang dari tadi gk bisa bisa gk,3
jossjis,5
sudah bayar dana instan.mau narik lagi tidak bisa.,1
👍bagus,5
BANYAK BUG ERROR GJELAS,1
keren sekali,5
Top Markatop,5
kenapa limit dana instan saya ga bisa di pakai cuman bisa 2 kali padahal bayar lancar dan tepat waktu,3
kok gak ada dana cicil nya,2
oke,5
uang sy darinya 40 ribu.sekarang jadi 7 ribu,1
Puas,5
terimakasih atas bantuannya dengan adanya aplikasi dana,5
Aman dan sangat bermanfaat,5
"kenapa susah di buka riwayat pengiriman nya,,,padahal sudah beberapa kali di update",1
"klo bgus,klo TDK 1",4
Lumayan,4
aplikasi ini sangat membantu,5
apk busuk mau login nya aja susah banget kendala mulu padahal nomor wajah udah bener,1
SEMAKIN KESINI SEMAKIN GA JELAS NI APLIKASI DANA ...TERUTAMA PADA FITUR DANA CICIL...BAYAR TEPAT WAKTU ..TAPI KENAPA SEKARANG MALAH GA BISAH DI GUNAKAN LIMIT YANG TERSEDIA .. MANA SERING NGEBUG INI APLIKASI SEMAKIN KESIN KURANG SUKA PAKAI DANA LAGI,3
"udh pake dana sekitar 5thn tapi ga muncul fitur dana cicil, aneh banget",1
mudah GK ribet pokoknya mantapp,5
"kecewa bngett karna tidak bisa menyelesaikan masalah, padahal jelas2 itu nomor tidak terdaftar di dana dan tidak ada id namanya tapi pengiriman tetap berhasil dan nomor itu tidak aktif",1
ngga dapet dana cicil,5
aplikasi amanah,5
aplikasi aneh dana tiba tiba hilang 300 ribuan tanpa persetujuan apapun edit aman udah di refund langsung terima kasih banyak,4
Is the best,5
sangat enak,5
josssssss,5
"tolong ini dana saya keluar sendiri, terus pas masuk harus pake kode otp, tapi kartu saya ilang bisa gak pake verifikasi wajah saja???",5
mantap,5
bagus sih aplikasi dana ini. sayang nya fitur dana cicil nya gak ada di aplikasi dana saya. mohon di perbaiki lagi lahhh🥺🙏🙏,1
saya mau verifikasi wajah tapi kenapa di layar nya tidak langsung ke akses kamera tp seperto loading muter padahal jaringan saya stabil bagus. jadi sekarang saya belum bisa masuk ke akun dana saya,5
hilang saldoku buat langganan yang akupun gak pernah ngerasa dan mau berlangganan ke aplikasi tersebut,1
sangat baik,5
good,5
bagus sangat membantu,5
good I Like,5
ok,5
mantap,5
sangat membantu. keren,5
"saya memiliki kendala terkait penggantian nomor akun, nah disini saya sudah melalui semua langkah langkahnya, dan sampai lah saya pada titik dimana saya harus memasukkan nomor pengganti yg baru, jadi kan udah saya masukin nomor barunya, ternyata nomor tersebut sudah terdaftar, dan ya ada muncul lagi opsi klaim nomor, nah waktu saya pilih klaim nomornya, malah ada kendala, sudah saya laporkan ke diana, bukannya membantu malah muter muter disitu terus, ga membantu, sya butuh nomor cs dana",1
udah balik,5
bagus,4
nice,5
baik,5
gw jadi ragu kalo ada aplikasi yg lebih bagus dari ini,5
apk sampah,1
kacau eror muncul payah,1
gimana dana cicil sudah lunas kok gak bisa digunakan. nama limit gak naik gak jelas bos,1
"apaan bgt ada transaksi beli kuota trus ada ceklis otomatis asuransi proteksi layar hp segala. kalo orang buru2 mana sempet ngeliat dulu, pas udh diklik bayar langsung nyesel transfer pembayaran kuota jadi lebih dari harga aslinya, kalo mau ngadain asuransi kaya gitu harusnya biar pelanggan yg ceklis bukan malah ceklis otomatis dari aplikasinya. ngeselin bgt.!!",2
puas dengan dana,5
sangat membantu,5
ok bgt saya suka bgt trimakasi up dana🙏🏼👍🏽☺,5
puas,5
halo saya baru download dana dann setiap saya ingin login ada tulisan maaf sedang ada kendala coba lagi atau sambung ulang ke jaringan yg lebih stabil padahal jaringan saya sudah stabil itu kenapa iya,5
bagus sekali apa lagi kalo tiba tiba saya di kasih uang sekarang sama pihak Dananya langsung wkwk,5
bagus dan mantap,5
Dana. Error. Otp. Huruf aneh... dvhhasqjav,5
dana penipuni bisa bihak layi me transfer di akun kita,1
ewalet penuh tipu tipu,1
apaan dah isi saldo ga masuk²,4
mantap,5
semoga aman terjaga,5
bagud,5
sangat bagus,5
amana,5
Semakin sini fee nya semakin ga ngotak. Terlampau sering pemakaian potongan semaikin banyak.. Bukan masalah 1-2k nya. Tapi kalo sering jd berapa? Belum lagi beberapa fitur ga bisa di gunakan ga faham lagi. Dari awal pake aplikasi dana baru kali ini guq mikir 2x 😅,1
sangat baik,5
"mohon kepada piham aplikasi pihak dana untuk login kenapa susah verifikasi, kalo untuk fitur aman lah di gunakan kekurangan hanya saja saat login susah masuk",5
saldo merchant di bekukan tanpa sebab!!! CS bantuan juga mengesalkan!!!,1
sangat untuk di miliki,5
siiippp,5
sangat mudah di gunakan,5
sangat membantu,5
sangat membantu dan mempermudah,5
"bagus sangat membantu buat krim n trima uang,sangat2 membantu",5
good,5
cukup mudah,1
mudah dan cepaat,4
good,5
Saya beri bintang 5 karna saya seringenggunakan dana,5
bagus,5
payahhhhh... padahal saya sering banget transaksi pakai dana. tapi gak muncul fitur dana cicil.. padahal aplikasi sudah update.. padahal mau pinjam uang buat talangan.. yang lain padahal pada bisa kenapa saya tidak ???,1
ok,5
top,5
Warmat,5
bagus,5
"Uang hilangg lagi untuk kesekian kalinya. Padahal saya tidak langganan Camscanner tapi tiba2 terpotong. JANGAN PAKE DANA GAES, NANTI UANG KELEN ILANG. UNINSTALL AJA",1
aplikasi kadang eror,4
semoga lebih bagus lagi,3
Baik,1
mantap,5
oke siiip,5
"Sejauh ini pakai dompet digital (DANA), Ternyata keamanan masih diragukan, dan setiap case uang yang hilang hanya bisa membantu membuatkan laporan ke pihak berwajib, tidak bertanggung untuk Dana uang yg hilang, apakah chat Diana membantu jawabannya tidak hanya sekadar spam chat robot ketika di sambungkan ke bagian admin menghindari dengan memberikan antrian yang tidak wajar agar malas menunggu dan bisa di hiraukan oleh Pengguna. tidak rekomendasi",1
PENIPUAN SELALU TERPOTONG UANG SAYA TANPA PEMBERITAHUAN KE SAYA,1
sangat bagus dan memuaskan terima kasih,5
sangat bagus dan membantu👍🙏🙏,5
bermanfaat bagi kita semua,5
"kenapa pengambilan dana melalui tautan aplikasi lain selalu gagal,sedangkan prosedurnya sudah benar, alasannya demi keamanan akun dana saya?",5
mantap,5
"dana cicil tidak tersedia, padahal tagihan lunas sebelum jatuh tempo !! tidak pernah nunggak !",1
baik dan cepat prosesnya,5
kenapa dana instan nyah ngk bisa di cairkan giliran kelewat sehari aja cs nelpon mulu,5
sangat membantu,5
ok mantap,3
"mau msk sulit amat,lumayan ada saldo wlw kecil juga,gimana ini solusinya.",1
suka,5
"ini aplikasi walet paling menjijikkan,",1
aplikasi paling buruk,1
cara mendapt fitur dana cicil gmna bro,5
keren,5
sangat puas dan aman,5
bagus banget,5
cucok dech pokoknya,5
kalau bisa jgn pakek admin jadi kan lebih sering transaksi,5
tingkatkan terus mutu pelayanan,4
mantapp,5
mantap,5
mudah,5
ok,5
baik 👍👍,5
oke,5
"awalnya saya pernah iseng pake bayar cicil 4 x, setelah saya lunasi ga lagi saya pake.eh bulan depannya lagi ada tagihannya 4 x lagi.ga mau bayar dong ,karna memang ga pake, top up 4 JT, lgsung terpotong auto utk byr 1 x , gmn caranya sy mau komplen",1
"cs diana ny payah, gak nyambung, gmn klu mau chat ke cs dana ny tapi jgn cs diana ny gak nyambung",1
oke baik,4
senang pakai dana.semoga amanah dan dapat dipercaya..,5
"saya barusan habis data dan beli data lewat dana, saya beli 5GB 3 hari harganya 10ribu, baru beli tiba² habis maksudnya??? saya gak ada hutang dilain² tiba² habis begitu saja, bagaimana anda bertanggung jawab soal ini??? sebenarnya gak pantas dapat nilai 1 pun gak pantas",1
mudah dan cepat👍,5
sengaja gua ksh bintang 1.DANA CICIL.Ga muncul muncul juga.saldo msh belum tersedia.padagal gua . pemakaian dana cukup lama... transaksi cukup bagus...t dana cicil nihilll.. KECEWA BANGET SUNGGUH,1
gagal dpt duit game dan drama karna salah nomor hp gw sialan ga bisa diperbaiki no hp.tolong perbaharui,1
makasih,5
aplikasi ini sangat berguna,5
good,5
belum ada dana cicil nya sayang nya jaringan bagus sangat membantu aplikasi dana ini makasih dana,5
good,5
SERING TERJADI GANGGUAN YG MENIMBULKAN GESEKAN KAMI TERHADAP PELANGGAN BISNIS,1
sangat bagus,5
sangat menarik,5
bagus banget,5
baik,5
ok,5
bagus,5
bagus,5
"sangat mudah ber transaksi dan bisa blanja dari dana juga bisa beli token data pulsa ,sangat puas paket lengkap",5
keren,5
kenapa gangguan tiap hari,1
baik,5
ah saldo hilang ga jelas,1
sangat puas,5
makin kesini makin gampang eror,1
sangngat membantu,5
sangat puas,5
mantap,5
bermanfaat,5
sangat membantu,4
bagus,5
balikin duit saya. banyak problem dana ini,5
terbaik,5
"apk tidak amanah, saldo saya tiba tiba hilang",1
trimakasih,5
bagus,5
kenapa akun daya saya tidak ada fitur dana cicilan,5
good,5
sangat membantu dan simple,5
"hei kenapa detail transaksi ga bisa dibuka? padahal sinyalku lancar saja, cuma ada loading aja. yang bener dong",2
"""Nomor belum bisa digunakan. System is busy. Please try again later."" itu knapa ya?",4
kok bisa bisabisa nyaa akun saya membeli yang saya sendiri tidak melakukan pembayaran nyaa dan biasa nya klau ada pembayaran harus pke pin atau sandi duluu sumpahh kecewa guee,1
mudah dan gampang dengan menggunakan dana,5
tolong aktifin fitur dana cicilnya,5
sangat baik,5
bagus,5
"aplikasi sangat""berarti",5
baik,5
baik & mudah,5
mantap,5
praktis,5
untuk cara login yang kartu nya hilang jangan dipersulit sama otp pake pin sama vermuk aja udah cukup,1
suka bgt bikin nunggu,1
terbaik,5
aktif kan dan cicil nya biar bisa bantu,1
akun premium dan sudah sering transaksi tapi ga ada menu DANA CICIL !,1
bikin event dpet voucher saldo dana gw udah dpet 40 ribuan kalo ditotalin sampe sekarang gada pencairan aplikasi SCAM nipu banyak orang walopun harga pass event cuma 3k ya ttp aya lu nipu berapa ribu org untung banyak voucher saldo nya kaga dicairkan najisss bgt ripot aja sekalian apk nya bangkrut-bangkrut dah,1
"Bru tlat sx byar ,dacil langsung d bekukan padahal dh d byar smua lunas ketakutan nya parah dana jdi MLS pke ewalet dana kbnykn eror nya trus live chat pun GK berguna",2
sip pokonya dah,5
buruk,1
terbaik,5
bagus,5
"sangat memuaskan, mantaf",5
cukup bagus. cepat dan mudah.,5
"enak dan praktis.. mudah di gunakan, semoga banyak bonus nya",5
oke,5
👍👍👍,5
tidak bisa dana cicil,3
tidak bisa buka galeri untuk scan qris ..,1
mantap,5
bagus,4
bagus,5
kenapa sy mau daftar nomor baru selalu gagal di apk dana,3
cuman mau untung di sendri. untuk pelanggan ga ada untung sama sekali sampai dana cicil pun ga ada mending pake embengking,1
pelayanannya sangat buruk sudah beberapa kali akun dana saya di bobol dan pencurian saldo dana saya dengan nomor yg tidak saya kenal tetapi tidak ada tindak tegas oleh pihak dana dan saldo dana yg sdh di curi tidak bisa di kembalikan dan marak pelaku penipuan yg mengatas namakan dana pay laters dr facebook bahkan customer service tidak becus dalam bekerja dan menangani kasus pencurian saldo dana saya,1
"kak ini kenapa aku. saya tiba tiba gak bisa masuk ya, padahal uang saya ada di dalam gimana cara ngambilnya?",1
sangat memuaskan,5
"gak bisa login dengan alasan kendala jaringan ,padahal jaringan stabil buka aplikasi apapun bisa tapi tidak bisa masuk aplikasi dana ,minta bantuan malah bacaanya pemeliharaan server mulu",1
"Awalnya transfer ke bank lancar jaya, dan cukup terbantu dengan gratis 10 kali transfer perbulan. tapi itu dulu. sekarang transfer ke bank GAGAL TERUS.",4
kasih bintang 4 dulu,4
sangat membantu☝️👍👍👍👍,5
bagus,3
"Sangat akurat & cepat dalam bertransaksi, trimakasih dana🙏👍",5
"sangat baguss, dan murah dipakai",5
konyol dana premium yang sudah di aktif kan status tiba tiba berubah jadi gagal premium aneh banget ini aplikasi auto harus pindah app ini mah,1
mantap aplikasinya terus tingkatkan pelayanannya,5
oke banget ni dana,5
sangat membantu terimakasih dana,5
sangat baik,5
keren,5
ok lah,5
"kadang ok kadang nggk, habis TF ke dana nominal ga bertambah",4
"sangat baik, cepat, dan terpercaya",5
best pokokny mah gue tf.segala mcm dsini,5
aplikasi dana saya sama sekali bukan aplikasi yg sesuai ..aplikasi dana saya sudah di palsukan dan di salah gunakan oleh binatang binatang kurang waras.,1
"dari dulu nunggu dana instan gak muncul2,sudah banyak transaksi,hubungi cs gak ada solusi,mana lagi butuh",1
bagus,5
"Terima kasih banyak, aman serta pelayanan cepat,",5
mengapa aplikasi dana tidak bisa terbuka di hp Tecno spark 50,5
Aplikasinya bagus,5
pertahankan keamanan transaksi dan data pengguna akun,4
sangat baik,5
bagus,1
mantul,5
sangat bagus,5
"muda transfer, tapi kenapa dari kemarin sampe sekarang sering tidak bisa transfer, keterangan nya banyak orang yang transaksi jadi coba beberapa menit lagi, tapi kenapa sampe sekarang blm bisa transfer",5
sangat bagus buat transaksi buat keuangan cepat dan aman,5
"sebenarnya awalnya bagus,dan sangat membantu karna lebih gmpang transaksi kemanapun,tapi skrg semenjak saya bikin laporan kalau akun saya gak bjsa buat transaksi e skrg malah akun saya di suspend aneh kan,dan sekarang gak bisa masuk ke akun sendiri.gak tau gimana solusi agar bisa di buka kembali karna ada saldo didalamnya takut hilang .ada yg pernah ngalamin juga gak?",4
"memang aplikasi nya aman banget,tapi masalah nya,saya ingin to up tapi selalu di tolak oleh dana, mohon di perbaiki lagi 🙏🏻,biar yang to up gak di tolak lagi 🙏🏻",5
"notifnya cepat,,, Dana mantap,,👍",5
mantaaappp,5
mantap,4
oke baik,5
bagus sangat puas,5
mudah figunakan n fleksibel,5
ok,5
"sangat membantu, cepat trimakasih Dana",5
"eror terus, perbaikin",2
gak jelas aplikasinya saldo sering terpotomg sendiri,1
Dana cicil aktivasi gagal.padahal akun udah premium dan sering transaksi tapi GK mau minjam di dana cicil aktivasi gagal sangat kecewa,5
"Customer Dana parah x... Mau ubah profil bisnis, gagal terus.. Mau tutup akun dana bisnis, disuruh kirim video selfie.. Tapi gk bisa dikirim2... Komplaim via email, respon sebekicot, fitur chat, malah robot yang layani. Hadeh...",5
baik,5
Sangat bagus aplikasi dana 👍👍,5
pagi kak knp ga bisa download apk dananya,5
sangat membantu dan mudah di gunakan,5
bagus,4
baik,5
"tolong setelah pengiriman uang berhasil untuk lihat detailnya di Perlihatkan.ok Dan benar""jelas.ok",5
mantap 👍,5
"apk sampah, hasil top up ga masuk",1
kirim dari m banking mandiri kena admin,1
Sangat sangat sekali membantu,5
makasih udah dibalikin 350knya,5
tidak bertanggung jawab,1
oke,5
bagus,5
"sekarang makin jelek, masa keluar sendiri Apk nya bukan log out tapi apk tiba-tiba keluar sendiri",3
semoga selalu aman,5
bagus,5
tanpa ribet,4
keren .mudah di gunakan,5
saya suka menggunakan dana 100 aman terkendali,5
Memudahkan bertransaksi secara digital. Memberikan keamanan dalam bertransaksi dan penyimpanan finansial.,5
mikuMmmm mohon proses bikin dene dipermudah no persulid bier reme sukses bersama eminnn,5
kapok menyimpan saldo di dana suka hilang terus padahal saya tidak mengonfirmasi transaksi apapun tiba tiba hilang,5
mau dipake apa dibuang kamu ini dana?? ada yang transfer dari bank lain sampe kirim foto bukti transaksi sukses..tapi yg gak masuk ke dana?? menurut kamu itu bagus apa tidak? coba fikir seperti anak TK,1
baik,5
sangat bagus,5
sangat membantu,5
bagus sih cuman. pake minimum tranferan.,3
kenapa yaa transfer ke BPD Kalimantan Selatan tidak bisa selalu tidak bisa dan tidak bisa huh muak pakai dana mending pindah gopay,1
Sangat membantu!,4
keren,5
aplikasi nya sangat bagus dapet koin nya juga mudah semoga lebih maju lagi kedepannya,2
okee,5
GRATIS 67 Saldo rekening bank Ailah,5
sangat membantu banget,5
alhmdulillh semuanya msih baik2 dan lncar ja tiap mau dipake,5
alhmdulah sangat membantu ku dalam bertransaksi jdi lebih mudah,5
sangat bagus dan mempermudah transaksi,5
benar2 bermanfaat,5
"punya saya tidak ada fitur dana cicil nya gimana ini,,di dana saya gak ada dana cicil nyaa,,padahal udah saya cari di pencarian ""DANA CICIL"" begitu, tapi gak muncul dana cicil nya , gimana ini min???",2
sangat baik,1
kerenn👍👍,5
"SALDO DANA BISNIS SAYA SEDANG DIPROSES TERUS SUDAH LAMA, GIMANA INI, SALDONYA JUTAAN, SEBELUMNYA BISA SAJA DITARIK LANGSUNG, WALAUPUN PEMBAYARAN SELAIN DARI APLIKASI DANA",5
sangat bagus.sangat membantu dan memudahkan segalah urusan.,5
good,5
dana cicil belum dapat juga,5
Dana memang ok,5
tiba tiba fitur dana cicil saya hilang padahal cicilan masih ada MERUSAK NAMA SAYA AJA DI OJK,1
gerakk cepat bnget danan ku,5
bagus buat digunakan transaksi ya,5
sangat puas dan bagus di pakai buat tabungan,5
semoga msh bsa bebas biaya admin 😁,5
saya sangat puas melakukan transaksi melalui dana.,5
memudahkan segala transaksi,5
"bgs juga merasa terbantu apa lagi klw di tempat jauh dari keluarga. atw mau byr yg gk pke COD. mau kirim jdi mudah, Makasih semoga semakin sukses dn maju untuk pemakaian Dana Dompet Digital.👏👍👍",5
kenapa dana cicil tidak ada?,2
mantap,5
sangat berguna,5
bagus,5
kecewa fitur dana cicil tidak muncul,3
kenapa saya tidak bisah downloder apk dana ini,5
Ko gk bisa buka dana,5
dhe bes,4
bagus,5
baguus,5
terbaik,5
pakai dana udah mau 5 tahun transaksi puluhan juta tetapi dana cicil tidak muncul muncul hahahah ampas ampass,1
membantu transaksi,4
dana semakin canggih,5
sangat menyenangkan pakai dana,5
Tidak bisa loging,4
bagus,5
sangat baik,5
"sangat bagus serta memudahkan transaksi, cumn saya belum pernah menggunakannya langsung,",5
sangat bagus,5
mantap dan cepat proses nyA,5
"2x uang dipake sama orang yg tidak dikenal padahal tidak tau itu siapa, kemanan udah digantii beberapa kali tapi masii kebobola🤦‍♂️",2
"bos aplikasi nya jangan pilih kasih gitu donk , akun² yg lain pada dapet dana cicil , masa saya yg udh lama pake dana ,, tidak pernah dapat",5
aktivasi dana cicil ny selalu gagal,3
sangat membantu,5
ok,3
bgus,5
kenapa dana saya ga ada dana cicil nya,5
saya udah bisa pake dana cicil knpa saya tidak bisa minjem pulsa lewat dana cicil,5
sangat puas,5
good,5
danaku sudah premium tapi belum ada fitur pay laternya bang ijinn,1
ok,5
Dana cicilan,5
"DANA CICIL YG GAK ADA DITEMPAT AKU ... PADAHAL DANA SUDAH PREMIUM , SERING TRANSAKSI , GAK ADA TUNGGAKAN PINJAMAN ..",5
"gausah pake ini, tiba tiba uang hilang padahal ga ada transaksi apapun itu. kemarin ga percaya habis temen uangnya hilang sebesar 850k, dan sekarang percaya karna uang saya juga di pake transaksi di google padahal tidak ada memakai layanan google yang berbayar. hama banget aplikasi ini mana lagi pas butuh butuhnya ga ada backup uang lagi. sekali lagi Mendi seabank dari pada dana, udah valid lebih bagus dan aman, karena saya yang merasakannya sendiri dan pihak dana tidak ada tanggung jawab apapun",1
sangat membantu 😍😍,5
silp.puas,5
sangat memuaskan,5
bagus dah pokoknya,5
kurang suka karna banyak bug mulai dari fitur tf qr via galery yg hilang lah apalah gitu,4
mantap,5
bagus apk ini,5
👍👍👍,5
sangat baik no 1,4
selalu gagal dana cicil padahal belum pernah pinjaman,5
kenapa DANA CICIL dan DANA INSTAN saya gak bisa di pake ?,3
menu dana cicil nya aja tidak ada di beranda,1
"nyaman ,aman dan , proses nya cepat bebas biaya admin juga",3
aman dn terpercaya dn juga hemat cermat cepat,5
Dan plis update saldonya lebih satset lagi,5
"dana cicil udah ada limit, tapi gabisa di pake, aneh.",1
sangat bagus dan sangat membantu,4
karen banget😍😍😍😍,5
cepat dan mudah,5
banyak manfaatnya,5
"6 Agustus aku ngajuin pembatalan di akun tiktok, ditiktok berhasil dana di kembalikan .tapi di cek berulang ²dana GK mauk mlh ada sejumlah tagihan gimna ini? 😩",5
mantap,5
ngapain ngasih dana cicil KLO nggak bisa dipakai 👎👎👎,1
puas dengan apk dana ini,5
"Setelah sekian lama akun danaku kembali. Akibat handphone dan nomor terdaftar di akun dana di curi orang. Saat itulah saya menerima tagihan dana cicil yg tertunggak, yg kemudian sy lunasi segera. Namun akhirnya setelah itu.. dana cicil tidak bisa sy gunakan kembali. Ibaratnya sy ini sdh jatuh tertimpa tangga...",2
Bagus keren,5
"untuk dana bisnis nya jelek CS cman robot gabisa ngasih solusi,pencairan lama,apa hak nya coba nahan uang orang",1
tidak ada dana cicil pnya saya,1
"Untuk sekarang bagus, semoga seterusnya akan selalu bagus dan baik",5
"aplikasi ribet, udah di live chat, email nya lupa, jadi gak bisa dapat kode otp malah di suruh coba terus, bener bner gak membantu",1
sangat bermanfaat,5
"aplikasi sampah,! sangat mengecewakan.! sdh topup lama masuknya, pokonya pengalaman ku pake ni aplikasi kecewa bngt,! tanya Maslah di help center malah jawabanya itu"" aja dan muter"" ga jelas.,! pokonya bermasalah ni aplikasi.!",1
mantap,5
"tolong dong di perbaiki lagi.. saya beli paket data udah 2 kali tidak Masuk dan saldo udah kepotong, detail transaksi sudah berhasil tapi paket data tidak masuk.. tolong ya di perbaiki lagi ..",2
bagus sekali..dn sangat berguna,5
alhamdulillah bisa membantu pembayaran dan transaksi,5
amanah cepat dan mudah d gunakan,5
baguss,4
mantap,5
"cuma masukan aja sih harus nya ini kan dompet elektrik harus nya gak harus pake kuota untuk buka atau main kan games disini kan dana itu dompet sehari hari dipake iya kalo orang yang bayak duit gak ada masalah tapi kalo saya sebagai pengangguran ,,kan Bingun,,",4
saldo kadang-kadang ilang sendiri,2
bagus,5
ok baik,4
"sangat "" membantu",5
pake Aplikasi Dana Sangat Mudah Dan Cepat kirim uang maupun terima uang.tanpa ada gangguan,5
mantap,5
tolong munculkan fitur dana cicil di aplikasi saya saya sangat butuh pitur ini,5
good,4
mempermudah pembayaran,5
ok,5
transaksi semuanya sangat mudah,5
puas,5
very good,5
sementara bintang 3 dulu kurang dana paylater yang belum ada di menu kalo sudah ada paylaternya tak tambah bintangnya,3
sering ngeleg,1
mantap👍,5
Luar biasa,5
tidak ada sistem keamanan karna saya baru saja kehilangan saldo,1
tolong dana Cicil baru 5,1
tolong dana cicil saya tidak tersedia telat bayar tapi saya membayar tolong diperbaiki,5
baik,5
banyak pitur yg gak bisa dibuka beda akun beda pitur,1
jangan pake dana uang saya hilang,1
Tolong Pituruh dana cicil jangan di persulit.Aplikasi banyak kurangnya.,1
tolong kalau bisa kasih tombol penghapusan riwayat transaksi,5
👍,5
sangat Baik,5
aneh ga bisa masuk dana,1
ok,5
mau ajukan dana cicil,5
Alhamdulillah Selama saya memakai dana lebih mudah untuk mentransfer Kerjaan saya di parkiran,5
sangat membantu,5
"orang butuh duit di persulit kapan masuk nya 300 ribu, hapus aja aplikasi nya",5
Apk ini sangat membantu,4
saya kirim 2 kali tidak masuk padahal saldo di rekening sudah berkurang,2
sayangnya saya sebagai pengguna lama gak ada dana cicil sendiri,4
"sering transaksi eror,saya TF ke BRI saldo saya yang di di dana uda hilang,uang nya ga sampe ke BRI,saya nunggu 24 jam sama saja nihil,malah di pending 3 hari kedepan, respon nya juga ga sangat ga berkesan,saya minta bantuan ke cs Diana respon nya juga tidak memuaskan,tolong di perbaikin,ini aplikasi bagus,tapi keseringan erorr,",5
oke,5
baik,5
untuk transaksi paling ribet dan apk pun makan ruang oenyimpanan sangat besar padahal cmn ewallet berbasih digital sabgat buruk,1
Alhamdulillah,5
sangat berguna,5
bekerja,5
sangat cocok untuk bisa bertransaksi dengan mudah,5
"uang tidak aman di dana, tiba tiba di potong sama aplikasi gajelas padahal tidak ada berlangganan dan tidak bisa di refund, saya transfer tapi masih proses trus .",1
saldo saya di sedot,3
saya tf ke e-wallet lainnya 20 ribu dengan biaya admin 990 tapi yg masuk cuma 19 ribu,1
baik,5
mudah semua bayar bayar,5
parah nih aplikasi pembayaran di proses terus dan ga bisa di batalkan pulak udh nunggu 1 hari ni lagi mau di pake padahal,1
tolong adakan pinjaman saya butuh banget,1
Alhamdulillah hampir 6 tahun pake dana aman dan lancar,5
luar biasa.. mntap.,5
saya tidak ada dana cicilan nya padahal saya udh premium Dana saya,1
APLIKASI BUSUK!!,1
apa2an saya ga tau masalahnya apa tiba2 akun dananya ga bisa di buka udh berkali kali di coba masih ga bisa dan udh hampir 1thn ini di coba masih ttp ga bsa padahal masihan ada saldonya,1
tiba tiba uang saya hilang tanpa sebab dan saya tidak pernah melakukan transaksi apapun menurut saya haruss butuh persetujuan dari pemilik sebelum melakukan transaksi tersebut,3
"saya beri bintang satu dana cicil saya hilang ga muncul muncul lagi, jika sudah muncul saya tambah bintang",1
nice&perfect,5
bagus,5
cepat dan Bagus,5
ga bisa di donlot,5
saya suka,5
kenapa dana cicil saya ga di kasi saldo ya...dulu bisa pinjam sekarang ko ga bisa,5
luar biasa..,5
ok,5
sangat membantu kami,5
ini kenapa sih pembayaran dana cicil sudah selesai mau ngajuin lagi gak bisa bisa tolong dong benerin lagi,5
sangat baik,5
trima kasih dengan aplikasi dana saya bisa beraktivitas dengan mudah 👍,4
Awesome,5
mantap,5
Alhamdulillah mudah dan praktis lewat dana JD muda segalanya membantu banget 👍🏻🥰,5
sekarang isi saldo dari game tidak masuk tolong diperbaiki,1
👍,5
sangat puas dengan aplikasi Dana,5
masa iya gw nyimpen 50ribu bsk nya udh jadi 10 ribu padahal akw gak pernah berlangganan di apk apa pun.tolong deh Adain fitur pemberitahuan uang di pake ngerugiin bgt sumpah,2
Alhamdulillah,5
sangat puas dengan aplikasi ini,5
best choice for you,5
senang dan terhibur,5
terbaik,5
Drama pendek,5
sagant berguna,5
dana Joss aman,5
"aplikasi tolol nih . hati hati kalo simpen saldo di dana . duit gua raib 700rb berdalih ada transaksi sama google play .buat kalian saya saranin jangan pake dana . ganti ke yang lain aja , antisipasi duit kalian raib tanpa alasan",1
beutiful,5
semakin gjelas ni dana suka eror di qr mempersulit buat pengguna yg blm prem,1
saya suka dengan mengunakan dana pebayaran jadi pesibel dan mudah,5
oke,4
apk dana sangat bagus cepat aman.tampa ribet.ok,5
josss jisss,5
dompet digital yg bagus👍,5
Baik,5
dana sangat memuas kan untuk transaksi amanah dan terjaga ke amanan data dan uang kita,5
mantap,5
"pengaman sudah kuat tapi gampang di bobol orang, duitku ludes.",1
"Aplikasi ini keren banget ges, Kalo ngk upgrade ke Proteksi Xtra saldo kita bisa kesedot transaksi tidak dikenal dan ujung-ujungnya ngk bisa direfund,eventnya selalu ngk jelas,dan masalah jaringan tidak stabil terus menerus goodjob dana👍",5
dapat di percayA,5
sangat baik 🙏,5
terimakasih dana,5
"akhirnya dacil tebuka walaupun limit nya masih lecil tapi oke lah, tinggal dana instant atau darurat nya nih . semoga di buka oleh Dana ..",5
aku sangat senang,5
boleh lah,4
istimewa bagusnya,5
baik,5
ok,5
kenapa gak bisa transaksi beli pulsa dan token PLN,1
memberikan kemudahan,5
oke,5
bintang dikurang in dulu.selagi palayanan kurang giliran perlu ngk dibuka jelek.ini masanya bukan jeleknya klw ngk biss dibuka.justru.duit kita ilang tolong diperbaiki..,2
good,5
bagus,5
tiba 2saldo ku berkurang /hilang mengirim tagian pulsa ke no orang yg tidak di kenal. sangat merugikan,2
banyak manfaat nya selalu pake dana,4
"duit gw ketarik teruss padahal gada berlangganan sama sekali jangan dowload apk ini,bahaya duit kalian kalau di simpan di sini",1
aplikasi busuk sampah,1
josjis,5
pengajuan dana instan saya selalu gagal,5
sangat mbantu,4
tolong jelaskan kenapa limit dana cicil ga bisa di pakai padahal tagihan dibayar sebelum jatuh tempo,1
mantap,5
bagus sekali apk nya,5
loading terlalu lama dan banyak iklan,3
Bagus sangat mebantu,5
bagussssssss,4
"Muncul kan dana cicil nya, Dan aktifkan dana cicil nya",5
yang terbaik dana,5
good,5
penyimpanan dana terbaik,5
mantap,5
👍,4
Bagus,5
baru mau mencoba,4
mantap,5
sangat bagus,5
sangat membantu,5
mntab,5
oke,5
bagus,5
nuhun,5
sangat membantu,5
sangat baik,5
good job,5
mantap,5
pdahal transaksi lancar akun lama juga tapi tidak dapet dana cicil,5
apk bloon eror mulu,1
mantap👍👍👍👍,5
sangat bagus,4
sangat membantu,5
sangat berguna sekali dan aman untuk di gunakan 😊👍,5
sangat memuaskan,5
bagus,5
aplikasi the best andalan gue,5
okeh,5
bagus,4
"maaf kenapa dana cicil saya di bekukan, cicilan udh lunas semua.",1
i like,5
baguss,5
segala sesuatu menjadi mudah yg penting ada dananya,5
bagus,5
saya mau buka br alias daftar tp yg nongol masukan no HP terdaftar org py aj blm gmn bisa daftar klk kaya gini,1
sangat mudah,5
apk bagus tapi sayang dana cicil nya gk ada,4
dana cicil saya kok gak bisa aktif,5
dana cicil sya GK guna,2
sippp,5
sangat bagus,5
dana cicil,5
mantap,5
Sangat Membantu Dalam Berbelanja online..,5
lumayan membantu,5
TDK bisa terinstal,2
eror mulu nih apk.... udah isi saldo tapi saldo nya ga masuk masuk ... pas d reset ulang malah jaringan bernasalah... padahal jaringan wifi bagus,1
bagus banget,5
very good,5
"okey,,,",4
cepat matap,5
tolong di perbaiki lagi dana nya,5
Akun saya dibekukan hanya karna tidak ada transaksi selama setahun.. Sudah beberapa kali coba verifikasi tp gagal terus.. Sudah logout sesuai arahan dan login lagi tp masih dibekukan sehingga tidak bisa melakukan transaksi.. Dana yg mau masuk ke akun Dana saya selalu gagal.. Otw uninstal n logout selamanya ini mah.. Mending ganti aplikasi lain,2
sangat puas,5
baik dan membantu dalam pembayaran apapun,5
baik,5
good,5
sangat membantu ....,5
pakai dana mempermudah semua tagihan dan pembayaran,5
tidak muncul aplikasi dana pleter knpa yh,1
sangat bagus,5
"apk taiii, saldo berkurang buat transaksi yg ga sah, benci bgtttt pdhl itu uang terakhir gue",1
sangat bagus,5
👍🏻,5
"fitur dana bagus . tapi danacicil udh mau 4 bulan setelah lunas belum bisa di pakai lagi padah setiap buln selalu aktif transaksi hampir setiap hari, tolong dong akun dana saya di tinjau lagi sebagai pengguna danacicil karna saya udh 4 bulan lalu lunas tapi gak bisa digunakan limit full belum di pakai",5
saya ganti nomor dan mencoba log in lewat email namun ga bisa? uang saya terjebak disitu.,1
"kebantu bgt pake app dana , bisa tf kmna aj gak pake ribet .. eh bisa nabung emas juga loh di Dana 😊 cuma kdang suka lemot gitu ..",5
sangat cocok,5
Bagus sekali cepat koneksinya,5
"biasa aja kadang aplikasinya lag, trus klo misal update pasti aplikasinya ngelag",4
Bagus n Cepat,5
sangat membantu,5
baik,5
good,5
sangat membantu sekali ❤️❤️,5
bagus sekali,5
Baru pertama mau coba,4
bagus,5
"sangat puas,aplikasi membantu",5
bagusss bgtttttt suka sama aplikasi ny,5
sangat membantu,5
cukup puas,4
baik,5
"baru nyoba pake, jadi bintang empat dulu ya",4
aplikasi sangat membantu,5
dana saya hilang apa pertanggung jawaban anda tentang ini,2
mudah transaksi,5
"dana terbaru malah tambah buruk,aktivitas transaksi ga ada,mau chat ga ada,beli kuota qris lewat dana saldo kepotong padahal transaksi gagal",1
oke baik,5
sangat mudah dan mantap,5
terlalu lelet,4
"lebih cepat,lebih mudah soal transfer",5
trimakasih sudah bagus aplikasinya😘👍,5
"Dana sangat membantu ,sangat cepat ,anti ribet.",5
mantap,5
sangat bagus sekali,5
sangat membantu saya dalam melakukan transaksi,5
bagus tanpa biaya,5
kenapa dana ccil saya ga muncul,1
aplikasinya bagus sangat membantu,5
Bagus,2
sangat puas,5
ini kenapa tiba tiba akun ku sendiri tidak mengenal pemilik nya...,5
saya suka keren apk uang singkat,5
sangat puas dengan layanan nya,5
sangat bagus sekali,5
akhir2 ini sering down,1
Beee gacorr selalu dana kuu,5
ok,5
"hapus aja verifikasi wajah di dana bisnis, udah scan wajah masih aja gabisa padahal gada dana yang diproces, atau ga kasih pilihan verifikasi dengan pin/sidik jari, nyusahin orang mau ambil uang aja dipersulit, dimna kemudahannya?",1
coba yak kali aja berhasil #💌.,5
ok,5
mantepp keren baguss,5
good,5
mantasp,5
ok,5
mantap,5
fitur dana cicil,5
nomer sudah gak aktif tapi pembaruan ganti nomer saldo masih ada di akun lam,5
terbaik,5
bagus sekali enak nyaman,5
ok,5
Saya sangat senang,5
kenapa setelah updet dana cicil saya malah hilang,2
ok,5
bagus,5
bagus,5
baik dan bermanfaat,5
oke,5
lebih cepat dan aman,5
bgus,5
sangat bagusss,5
Terbaik,5
aku benci banget sama ni aplikasi kenapa gak pas isi saldo biaya adminya gratis kan sangat membantu isi saldo biaya admin transfer biaya admin ribet aku tuh pengguna baru loh kamu tahu gak kalau biaya biaya admi kaya gitu haram hukumnya di Islam kenapa kaya bunga/riba tahu gak sih pasti yg bikin hanya mau untung aja gak mau sedekah sekiranya terlalu kasar mohon di maaf kan aku hanya pengguna yg merasa tergangu dengan ini ☺ lagi pula aku masih smp gak paham2 bget tentang upgrade dana,1
tolong dong di percept cara doelotnya dimna sih 😠,2
ok,2
sangat bergunaa,5
"sangat cepat dan mudah utk bertransaksi sukses selalu DANA..,💪",5
masuk poll,5
mantap,4
bagus bgt,5
bagus,5
tarnsaksi makin mudah,5
akhir akhir ini sering eror lemot untuk buka hasil transaksi Transfer.,1
bagus skali pke apk inih,5
mantap,5
bagus,5
mantul,5
buruk,1
baik,5
tolong bsa dana cicil,5
bak dana nyaman di pakai nyah,5
baik,5
mantap,5
Sangat membantu tanpa bikin ribet untuk penggunaannya.,5
aplikasi sampah,1
bagus,5
Dengan adanya Dompet Digital ini sangat membantu memudahkan kami dalam transaksi,5
bagus,5
sangat baik dan membantu,5
bagus,4
sebenarnya saya dari dulu suka pakai dana pada ahirnya makin kesini kok makin ngga aman yah..masa saya topup 2 jt lebih bisa langsung kesedot hilang begitu saja sampai sekarang belum di kembalikan.tolong di amankan lagi ke depannya terimakasih,4
mantap,5
puas,5
sangat puas ❤️,5
cocok,5
kirim uang sangat cepat,5
mantap,5
aplikasi dana sekarang jdi gak jelas.dana cicil saya kenapa tidak bisa di gunakan...padahal cicilan sudah lama lunas hampir 2 bulan lunas.tpi kenapa tidak bisa di gunakan lagi padahal saldo dana cicil masih banyak.,1
sangat bagus,5
nggak bisa Qris lewat foto,1
sangat baik,5
oke,3
good,5
sangat bagus,4
mantap,5
"bagus sekali aplikasinya,",5
respon cepat,5
ok,5
sangat membantu,4
sanagt puas,5
sangat membantu buat ibu2 rumah tangga seperti saya,5
apk nya ko masih bisa d hack sama orang ya. duit gua tiba tiba ilang padahal bukan gua yang pake,1
transaksi jadi lebih mudah dengan menggunakan dana,5
knpaa akun dana saya blm ada dana cicil nya,3
good,5
bos daget bos ~king Aceng 🤴🏿,5
gd dana cicil,2
aman,5
bagus,5
sangat membantu,5
dana ini gimana sih kok gagal terus padahal udh top up 200.000😭😭,1
sangat membantu,5
Lumayanlah,3
tidak ada cicil di gua mah jelek,1
"akun ku ditangguhkan setelah ada transfer masuk sebesar 3juta, DANA Pencuri",1
bagusdd,5
ok,5
jos,5
bagus tapi gak bisa minjam,5
sangat baik,5
terbaik,5
mantap segala transaksi semudah .kedipan mata👀,5
sangat bagus,5
"dana, Coba Dana Bermitra dengan berbagai aplikasi,game,e commerce dan layanan jasa lain untuk memudahkan Transaksi dan Limit nya minimal 80jutaan,itu akan membuat Dana Sulit di Saingi, hilang kan saja yang seperti harus verivikasi lewat data diri karena itu ribet, hanya bikin saja, peringatan di Dana, jika dari dana tidak perlu verivikasi lewat data diri tapi jika ada kesalahan keamanan itu resiko nasabah, karena kunci (nomor yang di daftarkan)ada di genggaman nasabah, ajukan saja kepada bank",4
buset ... semingguan gabisa upgrade ke premium.. butuh tarik saldo ke rekening nih..😵‍💫,1
saldo dana bisnis tidak masuk padahal di Cust sudah berhasil dan sudah kepotong,1
"udah bertahun tahun pakai DANA, baru sekarang gangguan pada sistem emas.. berulang kali nyoba akses tetap tidak bisa",4
"kenapa tidak bisa mengunakan lagi dana cicil ,limit normal tapi tidak bisa di pakai",3
sangat bagus,5
nelayan lait,5
"karna enak dipakai , tapi sering ilang uang nya",3
baik,4
bagus,5
transaksi Ok,5
manstap terimakasih,5
"uang saya tiba"" hilang",3
ok,5
App yg praktis untuk kebutuhan keluarga,5
mantep,5
sangat membantu trmhksih yg suda ciptakan dana🙏🥰,5
dana cicil gw GK bisa di pake lagi pahal gw .. cuman baru lambat 1 Minggu dana dana GK bisa di percaya,1
mantap memudahkan,5
"keamanan dana kurang keren, masak saldo saya di ambil tiktok cecharge, tanpa ada transaksi dari saya",1
Oke laaaah,5
ok,5
sangat membantu,5
terjangkau,5
bagus pol bangett ini dana nya bisa dibuat premium the best 👍💯,5
tolong dong saya ga bisa login biasa nya cuma verivikasi wajah udah masuk ini harus ada wa atau SMS untuk otp aduh jadi ribet sedang kan nomor ga aktif ganti nomor ga bisa karna keamanan ga jelas bener mana punya cicilan,2
"top up dana gara"" kasir si merah salah input no. trs pas di cek no nya ke provider udah kaga aktif 2 tahun. DANA nih system aplikasinya gmna sih, NOMOR yang udah kaga aktif bertahun tahun aja kga di blokir loh sama pihak aplikator nya aneh banget. Mana gabisa bantu alihin UANGnya padahal bukti transaksi ada malah di bilang uangnya nnti bakal ngendap di NOMOR YG GA AKTIF TRSBT. NGENDAP APA DI AMBIL SAMA PIHAK APLIKATOR NIHHH ?! EDIT :KAN UDH GA AKTIF NO HPNYA KOCAK GMN MAU MENGHUBUNGI ORGNYA",1
baik,5
"saya top up lewat aplikasi Indomaret, dari Pihak Indomaret sudah konfirmasi berhasil eh di aplikasi Dana nya belum segera dikirim dong padahal cuman uang 200rb, tapi ya sudahlah ini saya sharing pengalaman aku aja, cuman dijanjikan 3 hari nanti mau dikirim kata AI Diana, tapi ya sudahlah nyatanya ga ada nih tapi gapapa aku uninstall sajaa",1
sangat mudah untuk transaksi,5
mantap dalam bertransaksi,5
selalu dihati,5
mantap betul,5
ok. bagus. pertahankan,5
mudah cepat,5
mantap,5
situs penipuan,1
"aplikasi busuk mau tf aja harus premium, mau upgrade premium harus pake ktp ini itu segala macam. terus ga bisa juga karna data lama masih aktif, mau dipindah gak bisa harus ini dan itu sedangkan nomor lama udah hilang ntah kemana. ga ada cara lain selain wa dan sms, 2026 masa gak bisa konfirmasi by email????",1
ok,5
sangat rekomendasi dan sangat aman di gunakan trimakasih dana sudah banyak membantu 🙏,5
sangat bagus,5
"Sangat puas, tapi kadang suka error tiba-tiba ga bisa transaksi",5
"AKUN BISNIS ILANG, UANG NYA IKUT ILANG, GK BISA DIBALIKIN. KALO AKUN BISNIS MAU DI CABUT, HARUSNYA UANGNYA OTOMATIS DIJADIKAN SALDO DANA PRIBADI BUKAN MALAH ILANG JUGA. DZOLIM!!!",1
sangat bagus,1
lelet,1
mantap dana trimakasih,5
ok,1
👍👍,5
bagus,5
aku kasih bintang 1 dlu karna dana cicil aku GK muncul,1
pake dana udah tahunan tpi fitue dana cicilnya gk keluar,1
dana kesedot terus . liat aktivitasi lemot ga bisa di buka cacat ini apk,1
mantap,5
luar biasa pelayananya,5
"sumpah aplikasi ini aplikasi yang paling bodo yang pernah gua download, uang gua udah hampir 700an rbu ilang di tarik google, aplikasi ini tidak aman buat simpan uang, jangan download aplikasi ini teman🙏",1
"mulai hari Rabu tanggal 5 Agustus 2026 saya Albi faisal ingin menghapus dana saya, tidak ada tagihan ataupun masalah. jika suatu saat ada tagihan ataupun masalah yang datang kepada saya, maka saya akan menuntut pihak dana. terimakasih",1
knpa slku tdk mnggnggpi dana erorr anjirr lemott pusing,2
Sangat lancar sekali,5
Mantap & Kereen bro'👍,5
percepat,5
mempermudah tran saksi online,5
mohon. bantu selesaikan akun dana saya tidak bisa transaksi,5
keren,4
saya sangat senang dengan aplikasi ini,5
paling simple cepat padat,5
good job,5
tidak bisa daftar premium,5
saya sangat puas dengan keamanang kerja aplikasi dana dompet Indonesia terimakasih,5
Excellent,5
transaksi jadi lebih mudah dan cepat terima kasih dana,5
sangat memudahkan❤️👍,5
bagus,4
parh nih apk g aman .tiba tiba saldo hilang setelqh mendapqt tlpon dri cs dana.untyk upgrade ya susah juga .sus nih dana ni .,1
upgrade dgn sim..kena biaya 5000...sudah 2 kali di bayar dan saldo terpotong tapi tetap gagal....dan saldo tidak bisa di kembalikan...ini sangat merugikan konsumen..jika upgrade gagal saldo harusnya balik...bintang satu paling layak sepertinya..untuk apanada opsi pakai sim& surat keterangan..jika hasilnya gagal upgrade ke premium...,1
sangat membantu 😊,4
sangat bermanfaat,5
cepett dan gx ribett gampang,5
good,5
isyik nyaman pakai dana,5
ok,5
"apk miskin, tau ada yg di tf, hapus lah fitur tu tiba tiba terkain ke akun google lah, tf sendiri, bodoh",1
sangat mudah dalam bertransaksi,5
dana cicil tak Ade,5
"DANA plisss lahh jangan suka tiba"" erorr, masa hp buat buka sosmed lain lancar, internet lancar, memori gak gak penuh tpi dana dibuka malah eror mana ada saldo yang nominalnya gak sedikitrr. plissslahhh woiii diperbaiki lagi ya aplikasinya, padahal enak loh buat tf ke bank/topup spy gratis tpi kadang suka kumat",4
💘,5
lama dowloadnya,1
"memasukkan uang tapi tidak masuk, malah berkurang uang saya yang di Dana, gimana ini",1
puas,5
sangat recommend untuk transfer ke semua bank,5
apk nya bagus,5
enak cepet GK ribet,5
agak ragu aja . karena pernah dislh gunakan oleh orang yang nggak moral,4
sangat bagus dan kalo bisa ditingkatkan lagi,5
"bagus aplikasinya, tapi kenapa setiap ada yang mau ngirim tulisannya nomor dana tidak terdaftar, saya mau ngirim lewat bank kadang tulisan nya juga ""nomor dana tidak terdaftar,"" nomor sudah benar kok bisa? saya tanya sama cs diana tapi dia tidak membantu sama sekali, tolong dong penjelasannya maksudnya gimana",3
bagus sekali,5
oke oke aja selama pemakaian. aplikasi yang mudah cepat nggak ribet.,5
terlalu lama untuk penyelesaian permasalahnya sampe lupa trus udah nunggu lama masih harus lengkapi dokumen lagi trs suruh nunggu lagi 3 hari,1
baik,3
sgt memuaskan mudah untuk transaksi di manapun,5
mantap,5
"di karenakan banyaknya no akun pelanggan yang kadang gak aktif lagi saat lupa paswod dan wajah yg punya akun sudah meninggal tlong pihak dana agar bisa akses merubah imail dan no hp baru yang nantinya otp bisa masuk ke sms dan imail 2. jika penjual ewalet salah krm atau salah no satu angka dan nama gak jelas/tanpa nama kami susah bikin laporan dan akhir nya di salahgunakann oleh pemilik akun saat kami minta transfer balik - dengan alasan no hp hilang, - gak paham loginnya - paswod salah - dll",1
mantap lebih praktis jadinta,5
"di minta perbaharui data hanya beberapa menit saja , ini udah 1 jam masih begitu malah muncul lagi perbaharui data . parah😡",1
oke,5
"semua transaksi mudah,ga ribet,ga pake lama.",5
dana aplikasi bagus,5
bagus tapi masih dua bln saya memakai aplikasi ini blum tau semuanya,4
👍👍👍👍,5
"email layanan pelanggan mana? cakap dengan bot, tentang masalah itu percuma, buat stres tau?",1
susah dapat fitur dana cicil apalagi dana instan,1
baik sekali,5
mantap,5
👍,5
kenpa dana ga bisa login koneksi internet terputus,5
baik,5
uang saya ilang .gak balek weee.. katanya aman ni aplikasi.. ilang duit say Wee . bolang aman . aman apanya.. bilang bisa bantu.. tauw ilang duit saya disini we... kacau Bene ini.. udah uang perlu buat biaya sekolah anak.. malah ilang di sedot sendiri.. Tampa transaksi apa-apa Lo.. aneh...,1
Istimewa,5
mantep,5
"coba buatkan aplikasi dana bisnis untuk bisnis min untuk mantau dan terima pemberitahuan bisnis di gaget ke2 dengan akun yg sama,",5
"sangat membantu, transaksi mudah",5
lelet,1
puas,5
baik,5
bagus,5
"aplikasi apa ini, uang saya kok bisa di jebol sebesar 200 RB,hilang dan raib sama pihak tak bertanggung jawab, gak aman sekali ini aplikasi,mudah di jebol...saya uninstala ja nanti kedepan nya,makasih.",1
bagus,4
melakukan transaksi tanpa persetujuan saya sendiri,1
saya mau cetak qris saya buat pembayaran di warung gimana caranya ya???,5
mantap,5
parah duit tiba2 ada yang ambil,1
bagus banget tolong d perketad,5
Bagus 👍👌🏻,5
sangat membantu,5
saldo dana cicil saya tidak bisa di gunakan,5
bagus,5
good,5
lumayan,4
okee udh,5
"josjis, bermanfaat sekali bolo",5
sangat puas,5
mantap pokoknya,4
cukup baik,5
🙏👍🏻,5
praktis banget pembayaran di dana,5
"Apk dana tdk bisa digunakan,,pas buka apk ada peringatan ""integrasi sistem dirusak"".",1
terimakasih,4
ngga berguna dana cicil sudah di lunasi tp tagihan nya masih ada tolong di perbaiki ini,5
"sejauh ini sudah cukup baik, uang yang sudah tersangkut bisa di kembalikan, next tolong untuk lebih baik lagi aplikasi dana ini 🙏🔥",5
sangat bermanfaat dan mempermudah dalam transaksi keuangan,5
sangat membantu,5
baik,5
"ini kenapa sihh dana? saya udah 2x di transfer tpi saldo ga nambah nambah, padahal notifikasi udah masuk, giliran di buka saldo ga nambah nambah dan aktifitas nya juga ga bisa di buka, saya udah uninstall aplikasi terus instal lagi tpi sekarang ga bisa masuk ke akun saya sendiri, terus ini harus gimna dana ini gimna dana?? saya butuh banget duitt itu dana",1
😎,5
Ko tidak bisa di buka ya apliksi dana,5
sangat membatu pembyran,5
keren.. Tapi knpa ya ko di punyaku gak ada dana cicilnya,5
ribet banget buat TF aja,1
bagus,5
baik,5
bagus,5
saya suka aplikasi begini,5
ok,5
sangat bagus berguna cepat dalam bertransaksi online,5
🔝,5
org org udh dpt dana instan kok aku blom ga pdhl sering transaksi lewat dana tiap bulan nya kaga kosong,4
mantap deh pokoknya,5
sangat membantu,5
utk pengamanan lbih ditingkatkan,4
kerennnn,4
baru ok,5
aplikasi yg sangat membantu,5
berguna sekali tapi bonus nya kurang besar,4
bagus dana luara biasa memuaskan,5
ok,3
sangat membantu,5
jangan pernah download aplikasi in.lebih baik download gopay atau aplikasi lain saja.karna saya sudah mencobanya sudah lama.dan saya jg GK dapat vitur dana cicil.walaupun rajin transaksi.walaupun sudah puluhan juta bertransaksi.tetep GK dpatfitur dana cicil,1
oke,5
bagus bisa di percaya,5
bismillah,5
"saldo di dana saya tiba tiba hilang setelah saya cek ternyata adanya transaksi tik tok coin recharge,tanpa pemberitahuan/tanpa memasukan pin ,saya merasa tidak pernah melakukan/menyetujui transaksi ini tapi saldo yang saya miliki sebesar 900 ribu terpotong sebesar 899,869 dan hilang begitu saja saya mohon ke pada pihak dana yang terkait saya ingin mengajukan, pengembalian dana yang saya miliki sebesar nominal tersebut,bukan 1/2 kali hal ini terjadi,adanya transaksi tanpa memasukan pin saya",1
"lindungilan keamanan yg super,tajam& transparan.....Bravo",3
bagus,5
sangat Baik,5
bagus,5
kurang ketat dana saya di ambil 20.000,1
sangat membantu transaksi. mantap,5
seneng banget bisa pake aplikasi dana serba ada,5
knp dana sy gk bisa ada dana cicil ny yh cb di jawab,3
bagus,5
pokoknya ok,5
InsyaAllah Amanah,5
sangat membantu,5
puas,5
"bagusnya pake dana, biar pun kita jalan kemana mana semua bisa",5
ok,5
penyimpanan setara kantor bank 🔥 sangat membantu cukup di genggaman bertransaksi.,5
sangat membantu,5
bagus 👍,5
"dana instan saya tidak bisa ditarik. sudah mengajukan ke help center,tetap saja penolakan gagal. aneh. padahal sudah lunas tidak ada tunggakan. tetap saja gagal penarikan!",1
baik,5
bagus tapi saya ingin mengscan kode QR dari stik aice tapi eror terus Saya sudah beberapa kali mengscan nya tetapi tetap eror Dan itu membuat saya marah Dan saya tidak suka aplikasi ini untuk selamanya,1
giman ini aplikasi di tf dri bank.gak msuk2..trus aplikasi di hapus di unduh ulang.di msuksn nomor gak bisa..,1
pas,5
"selama pakai aman Aman,, semoga kedepannya lebih baik",5
apknya enak sebenarnya tapi saya sering banget ilang duit di dana bisnis tolong dong di perhatikan lagi buat masalah kaya bgni,3
"tolong ini sya tf ke bank lain di suruh nunggu 24 jam gk masuk"" masalahnya ini darurat, benar"" darurat dan harus hari ini🙏",3
Mantap.. Luar biasa,5
save no. rek BCA gagal terus,4
mantap lah,5
👍👍👍,5
sekarang jadi enak mau transaksi ada aplikasi dana,5
saya dpt dana merchant 100 k TPI di saldo tidak bertambah dan apa gunanya bagi saya kalau cuma pemberitahuan tapi tak ada saldo masuk...mohon jawabannya makasih,4
sangat membantu,5
bagus,5
mantap,5
👍,5
sangat bagus,5
kebutuhan rumah tangva,5
bagus,5
terbaik dana,5
mantap,5
pokoknya mantap,5
ok playanan nya,5
baguz,5
sangat bermanfaat,5
good,4
"Bermanfaat, praktis dan dapat dipercaya, mempermudah urusan financial. Semoga dapat ditingkatkan lebih berfungsi dan bermanfaat bagi manusia di era digital ini.",5
kalo bisa tanpa ada biaya untuk TF ke bank atau yg lain,4
mantap,5
bayar otomatis langganan walaupun akun diblokir dan tidak dapat diakses,1
"oke sudah beres, tutorial nya ada di youtube",4
sangat bermanfaat,5
ok,5
Di butuhkan sekali untuk transaksi mantap,5
dompet pribadi,3
👍🏻👍🏻👍🏻👍🏻👍🏻,5
tolong aktifkan pitur DANA CICIL saya,5
kenapa dana cicil tidak bisa di gunakan padahal pinjaman sudah saya lunasi limit tersedia 150000 tapi gak bisa di pakai,5
bagus,5
aku udh verif wajah malah gagal coba aneh aneh,1
sangat memudahkan segala trx,4
sayang blum ada. dana cicil nya,5
mantap,5
"saat ada ny aplikasih dana ini,saya sangat gampang untuk transaksi,aplikasih dana ini sangat2 membatu,terbaik lh pokok ny",5
sampai saat ini belum ada kendala semoga aman aman saja kedepannya,3
"yang membuat saya kurang puas menggunakan aplikasi ini adalah saya tidak bisa menikmati layanan tambahan dari fitur DANA Cicil, selebihnya oke lah,",4
"sangat mengecewakan apk dana ini,, aku saya suda lebih puluhan juta tansaksinya, tapi fitur dana cicil nya ngga bisa di gunakan,, padahal fiturnya uda muncul, pas di pencet fitur nya, malah di suru tunggu lagi karnh fitur nya belum memenuhi syarat dan akan bertahap,, nyesal aku daftar di dana, alasannya ngga masuk akal",1
baik,5
sangat bagus,5
sangat bagus,5
sangat bermanfaat,5
"Customer service nya nge lempar semua keluhan pelanggan ke AI. dan masalah gak pernah kelar kalo dijawab sama AI nya, saya ga akan ubah rating nya selagi sistem kerja kalian terlalu nge hindari masalah kekgini.",1
CS hanya bot AI. tidak ada manusia real nya,2
"dibikin ribet pas mau cairkan saldo di dana bisnis. apalagi kalau jutaan,sampe harus isi formulir.",1
dana emang luar biasa,5
"tolong kenapa,dibuka malah ngebug nggak bisa dibuka atau tombolnya tak merespon,di hp redmi 12c,pas halaman login akun dana",1
saya ingin mengajukan dana instan,5
tolong upgrade versi yang terbaru min,3
Aku sih gara-gara pakai aplikasi itu jadi terbantu ya,5
mantap banget bisa membantu semua hal,5
dana paling top buat tef,5
Bagus,5
ok,5
keren,5
sangat memuaskan,5
mantap,5
top,5
mantap,5
👍,5
aplikasi keren mudah digunakan,5
sejauh ini.. Bagus,5
bagus,5
Excellent,5
sangat membantu oprasional,5
bagus,5
tolong developer kenapa setiap ada saldo di dana ..selalu terpotong...mana banyak lagi potongannya ..saya punya saldo 80 ehh dipotong 40 ..ini gimana ceritanya?,1
ok,5
APL dana sangat membantu saya,5
kenapa saldo saya terpotong gara gara gak jadi beli token tapi kan biasa gak terpotong Kenapaa sekarang terpotong tanpa masukkan sandi kok bisa. kecewa berat lah pokok nya,1
dana cicil tdk bsa dgunkn,5
Saya suka,5
sangat berguna,5
bagus,5
beres,5
mantap,5
apk yg recommended,5
👍,5
kasih bintang 🌟🌟🌟🌟🌟,5
lupa pin dana,5
ok,5
payah,1
bagus,5
semoga sistemnya tetap bagus,5
sangat puas,5
"user friendly sih, but limitnya bisa gak ditambahin kalo tarik tunai",5
security nya mantap banget.,5
respon lambat. pengembalian uang terkait kasus tiktok coin recharge belum di proses,1
"Tf saya 500ribu sampe sekarang ngak masuk masuk kejelasan nggak ada, kepada siapa kita harus mengadu, apk sangat tidak konsisten uang hilang begitu saja..ngak ada kabar berita",1
sangat baik,5
nyaman dan mudah bngt 😍,5
👍👍👍,5
aman da nyaman,5
Sangat bagus,5
sejauh ini cukup aman menggunakan DANA,2
"Dana, tolong perbaiki keamanan aplikasi anda, sebenarnya Zhanghui tech limited itu aplikasi apa, saldo saya kepotong 12.999 terus tiap bulan dan tdk bs dihentikan,sdh ganti pin jg, chat CS pun percuma, apa kalian sdh janjian buat maling saldo nasabahmu?krna sdh banyak aduan di medsos sdh banyak korban. th 2025 kmren, sy tf adek sy 1jt, ternyata kesedot otomatis akun terhubung,gk bs balik saldonya,,",1
bagus,5
"dana tolong lah , kalau mau potong potong saldo itu harus ad verifikasi dulu ish!! , muak kali Tiba tiba ada notif pembayaran , pdhal nggak ad aktifitas apapun. Tolong diperbaiki!!! jngn ad lagi kesalahan itu. walaupun saldo nya nggak banyak terpotong tapi kalau sering sering dipotong secara tiba tiba juga bikin kesal tau!!.",2
loding e suwi,3
aplikasi yg bagus,5
gimana caranya masuk ke akun yang nomornya gak aktif mana ada duitnya,5
voucher saldo dana dari event bola dunia sampe kadaluarsa gak bisa digunakan keterangan nya sedang validasi data. percuma dong punya voucher kalau gak bisa dipakai.,3
"terimakasih dana, sekarang terasfer jdi mudah, 🤗🤗🤗",5
oke,5
"bagaimana daptar dana cicil selalu ditolak gagal, padahal fiturnya sudah ada ,",5
mantap dan cepat murah lagi,5
pake dana bansos bisa exclude,1
bagus,5
tolong bantu menu layanan dan keterangan pada pesan tidak bisa dibuka,5
bagus,5
sangat bagus dan krennn 💪🏻,5
suka ngelag anjir,2
saya mau dana cicil,5
bagus 👍,4
tidak muncul dana cicil meskipun sudah premium,5
bagus,5
sangat membantu,5
apk tolol,1
good,5
"pakai aplikasi dana udah 5 tahun, udah dipakai buat transaksi sampai sering limit. tapi kenapa dana cicil belum keluar jugaa.. Padahal lagi butuh banget buat biaya berobat 😭😭😭",3
baik PT,5
ok,5
mantap,3
APLIKASI SAMPAH 💩💩💩,1
ok,5
transaksi cepat dan sangat2 membantu,5
oke,5
mantap,5
sangat akurat&terpecaya,5
oke,5
terbaik... sangat membantu,5
aplikasi ini mepermudah segala nya,5
baik,5
mantap,5
👍🏻,4
aman mudah,5
sangat berguna untuk mempermudah hidup,5
apa ini tiba tiba kepotong 76000 buat yt padahal GK masukin kode apa apa parah,1
Ok,5
mantap,5
"aplikasi simpel dan mudah di gunakan,syaangnya punya saya gak ada fitur dana cicil,udah bertahun² megang dana🤭",5
sangat amat membantu kirim uang dengan mudah trimakasih dana,5
ok,5
dana cicil saya gak bisa di aktifkan,4
terbaik,5
"saya tidak merasa membeli pulsa data tiba tiba kepotong,pengajuan refund di dana tidak ada gunanya nya , apk ini lama lama gk jelas. hati hati buat yg belum tau.",1
sangat puas,5
keren sekali mudah juga jadi satset simpel pokonya dana debest,5
"beli pulsa saja harus nunggu 5 menit,habis nunggu 5 menit disuruh nunggu 45 menit lagi.sampah banget masih enak pakai ovo dan gopay.dana lemot dan lelet.",1
kenapa dana cicil saya gak muncul iya tolong di bantu sih kak saya kasih bintang 1 lah soalnya pihak dana nggak mau bantu,1
dapat memudahkan,5
parah parah beli pulsa dari malem smpai pagi tidak masuk masuk,1
mudah bertrasaksi,5
bagus dan aman,5
trimaksih lebih cepat,5
Amazing,5
"tolong bantu saya ,saya sangat kesulitan untuk login DANA",4
"aplikasi tidak guna ga bisa upgrade premium, ktp asli dibilang tidak valid",1
apk ga guna kebanyakan bug sistem cacat saldo ilang ga ada pengembalian,1
puass pake dana,5
sangat bermanfaat,5
"Aplikasi ini Tidak jelas, kok bisa saldo saya hilang tanpa diketahui saya sebagai pemilik akun.",1
aplakisi yg sangat membantu,5
sangat penting untuk aplikasi ini,5
baguss banget,5
aplikasi kebanyakan error,1
mantap bagus dapat di percaya,5
terbaik,5
sangat membantu,5
cukup baik,5
saya minta login dana jangan pakai otp,5
luar biasa,5
tolong di perbaiki lg,5
mantap sangat membantu saat transaksi,5
knp yh dana saya ga bisa ambil dana cicil padahal limit yh ada,5
sangat membantu,5
keren,5
sangat membantu dompet,5
bagus,5
"setiap transaksi selalu pakai dana,.tapi menu dana cicil tak tersedia di aplikasi dana saya,.berapa tahun kita pakek aplikasi dana menunggu secara bertahap,.yg baru bikin aja dapat masa kita pelanggan lama dapat ny bertahap,.sudah di priksa setiap ada pembaruan tetap selalu kita perbarui",1
dana cicil,5
aneh udah bayar dana cicil nya gx muncul muncul,5
oke,5
Sudah 2 kali uangku ke sedot tp pihak Dana tidak bet tanggung jawab,1
oke,5
semangat,5
habis di apadet malah lemot semua tolong di perbaiki,3
saya mau ganti nomor karna kartu simcard nya hilang kok dipersulit min? harus login ke akun dulu sedangkan sim nya saja hilang mau dapet kode dari mana?,1
Lambat y untuk dapatetin dana instan padahal kriteria masuk tapi tetap saja blom dapat.😌,1
"lain kali, kalau ada kehilangan duit langsung di proses dan jangan di tunggu 🙏",5
keren!!!,5
mantaaap,5
kok dak bisa transaksi,5
bagus cuma aplikasi saya gak terkait dana cicil pqdahal saya gak pernah ada gendala,5
mantap,3
ok,5
mantap,5
"Udah hampir setahun sayang tungguin fitur dana cicil, padahal udah setiap hari saya ajukan. kecewa berat",2
saya senang menggunakan aplikasi ini,5
kenapa yah dana cicil tidak tersedia lagi padahal udah lunas,1
baik,5
Sangat baik,5
Top up 300000rb,5
👍,5
caranya dana cicilan gimana,5
nnice,5
buat beli token listrik g bisa padahal biasanya bisa,1
"KENAPA KENAPA UDAH PAKAI DANA DARI 2020, PENGELUARAN DI DANA SEBULAN LEBIH DARI 15 JUTA, TAPI MASIH GAK BISA PAKAI DANA CICIL",1
sangat membantu,5
bagus sekali,5
dana pengluaran besar dana cicil gak ada cuih 🤮,1
sangat baik sekali,4
bagus,4
sngt mmbntu,5
nice apk,5
aman,5
Semoga sukses selalu,5
saya minta muncul kan fitur dana cicil sayah,5
banyak fitur yg bagus dan membantu,5
apk nye enak banget,5
sangat bermanfaat,5
"tolong aktifkan dana cicil Uda bertahun"" make blum bisa"". pusat bantuan juga Enda nyambung",1
oke,5
ok lah,4
"gimana cara dapetin fitur dana instan , padahal udh di di update apk dana nya dan akun dana sudah premium dan sering bertransaksi",5
Tidak bisa kebuka,5
Lebih banyak eror nya..,2
bagus dn mudah,5
"ada tampilan DANA Cicil. tapi begitu dicoba, udah hampir 3 bulan selalu notif aktivasi gagal, silahkan cek berkala, anjiiirrr rutin transaksi pakai dana disuruh cek berkala trus 😪. udah chat ke menu bantuan, hasil nya gitu² aja, gak ada membantu sama sekali, mending gak usah ada aja sekalian DANA CICIL itu kalau memang gak membantu😪. anehh",3
bagus,5
biasa aja,5
Kenapa riwayat transaksi tidak muncul,1
ga ada pitur pinjaman,3
"aplikasi dana preniaum sekarang gakbisa kejamin keamanan dngan saldo kita,, udah berpa kali saldo di hilang begitu aja dengan adanya tiktok coin padahal sya gak perna transaksi mana pun,,harus teliti lagi bagi ada yg mensedot saldo kita harus nya pemberitahuan dlu sebelum saldo kita kesedot",1
apk maling.jgn mau simpan uang di apk ini jika tidak mau hilang uang kalian.udah lapor tetap tidak ada solusi nya .mending hapus aja apk ini.tolong Kominfo di blokir apk ini,2
bagus,4
baik,1
Kenapa akun dana saya tidak bisa di login,4
bagus,5
moho dana cicilan saya dapet dana cicilan segera,1
kecewa masa udah mau 4 tahun fitur dana cicil belum muncul jga udah sya perbarui udah chat Diana tetap aja ngga muncul fitur dana cicil nya,1
sangat membantu,5
Dana cicil,5
sayangnya punya ku gak ada dana cicil.nya,5
Layanan bags lengkap fasiltasnybisa until spa saja,5
dana cicil nya gak bisa kepakek percuma di buatin fitur cicilan gak berguna,3
Aplikasi bagus,5
gagal daftar dana cicil payah,1
sangat membantu bngt,5
dana cicil nya aktifkan lagi min,5
aplikasi GOOD,5
kenapa iya dana cicil saya belom muncul padahal Uda lama,5
baik,5
ok,5
"dana tai,",1
"woi adminya gimana ini,, saya top up saldo dari BCA 25.000 ke dan DANA tapi gamasuk,, saya konfirmasi ke admin malah gajelas",1
sangat memuaskan,5
sangat mudah,5
sangat bermanfaat,5
👍,5
sangat baik untuk segala kebutuhan belanja online makasih,5
Lumayan,4
sayamau dana baru,5
bagus,5
munculkan dana cicil saya kk,5
ok,5
sangat puasa,5
oke,5
sangat membantu dan bermampaat,5
sang membantu,5
percuma ada dana cicil tapi gagal terus aneh padahal udah lama pake dana aneh ..emang dana ngapain kluarin dana cicil tapi Gak bisa di gunakan .. ayo temen2 pindah ke gopay aja,1
semakin mudah berteransaksi,5
sangat membantu,5
dana cicil tidak muncul,4
baik,5
baik,5
Mantap dana cicil den lah dek apo ??,5
gausah pake promo cashback cashbackan kalo emang ga mau bakar duit. Dikasi catatan kecil cashback ganakal masuk kalo voucher habis halah. mending gausah aja sekalian. marketingnya ga jujur sialan,1
sangat membantu saya dalam proses pembayaran,4
aplikasi yang sangat baguss 👍🏻👍🏻,5
baik,5
bagus sekali,5
enak banget,5
sangat bagus tp sya pernH kehilangann uang 800000 dri dana ke brimo,5
saya baru menggunakan nya,5
bagus aplikasinya sangat memuaskan,5
bagus,4
"apk mmk tiba"" duit gua hilang jing padahal ga di pake samsek",1
gak pernah muncul fitur dana cicil. sering transaksi tetep gak ada ☹️,5
Kren,5
Semoga naik limit dana cicil nya,5
I Love dana,5
dana cicil saya blom keluar,5
baik,4
cocok,5
ok,5
"tgl 2 Agustus, uang saya hilang setelah di cek ada transaksi mengarah ke lazada indonesia dan sebelumnya juga ada percobaan transfer semua isi saldo. saya sudah lapor ke Diana, harusnya dana bisa memproses dan mengembalikan uang senilai transaksi tersebut",2
masih mencoba,3
hanya di akun saya yang tidak ada fitur DANA CICIL,1
Tolong aplikasinya dibenahi lagi..,5
dana instan saya gk ad tolong aktipkn,5
oke,4
"sangat bagus, tp sayang kenapa tidak bisa didownload di xiaomipad SE 8.7 ?",5
mantap,5
sangat membantu sekali,5
sangat membantu aplikasinya ini dn mudah,5
sangat luar biasa,5
mantap,5
keluhan saya cuma satu fitur dana instan nya gak muncul2 padahal akun dana saya sering banget transaksi dan akun udah lama juga pakenya yang lainnya masih oke,5
bagus,5
memuat ram terlalu besar untuk hp ram kecil.. tidak bersahabat buat rakyat kecil . payah,1
"jujur saya kecewa, saya sering tran saksi ntah itu banyak / dikit, tapi fitur dana cicil ga di kasih kasih, saya lagi butuh uang buat berobat adik saya, sudah memohon buat memberi kesempatan tapi tetep di suruh transaksi, kalo ada uang daripada transaksi mending saya beli obat nya langsung.",1
membantu bngt,5
Bagus Banget,5
Good,5
min mohon dana cicil saya di perbaikin soal nya tidak bisa digunakan,2
good yu Andesten,5
merugikan soalnya sering kebobolan transaksi tanpa izin pengguna dan tidak ada pengembalian dana,1
apakah jika menggunakan nomor hp.bisa juga digunakan untuk berkomunikasi dengan orang lain,4
kalo lagi lancar gak ada lowding,5
sangat membantu untuk transaksi,5
good,5
apk lemot sekarang trus fitur dana cicil tidak bisa di pake padahal tagihan sudah lunas jatuh tempo 1 2 Minggu ga PPh menurut saya tetep untung malah ga bisa di pake lgi,3
mantap,5
sangat singkat dan cepat,5
good job,5
Mantap,5
Bagus,5
kemana saya bisa menghubungi nomor dana,1
bagus,5
bagus,5
good,5
bagus,5
seruh juga kalo LG Gacorr saya sangat suka tapi sampai sekarang belum Gacorr - Gacorr BossQu 😊help my.,5
sangat bagus 👍👍,5
kenapa ya dana instan saya tidak bisa di pakai? padahal pembayaran lebih awal sebelum jatoh tempo. dan di lunasi semua.,1
sangat bagus,5
sangat puas,5
terlalu aman.,5
bagus,5
"dana instan tiba tiba ga bisa ditarik padahal ga pernah telat bayar, akun premium ,pengguna lama pula.. males dan kecewa...",1
siip,5
halo pihàk dana maaf toloñg dicek gak ada tagihan saya udah lunas smua trus ya limit ada 100 bisa dicek ada limit 100 walaupun gk ada kenaikan limit setidaknya berfungsilah yg normal klo anda bilang ada tagihan tunjukin mana tagihan saya,1
"apk sangat bermanfaat, bisa buat belanja",5
sangat membantu,5
"baru mau coba aplikasi ini, mudah2 an aman",3
jelek lama dowload,1
sangat bagus,5
oke,5
sangat baik👍,5
mantep,5
teryata benar dana saldo hilang tanpa persetujuan apapun langusung ke potong busuk app ini,1
sangat baik,5
ini gimana tf jm 2 siang blom masuk transaksi sukses hubungi kmn cuy,1
bagus,5
najis makin lama makin lemot mau tf aja susah,1
ter the best,5
RIBETTT MAU BAYAR TRANSAKSI GAME DIBILANG dana menolak transaksi karena melebihi batas transaksi!!!! Apaan uang uang saya kok dibatas batasi!!!,1
"sangat bagus, dan simpel",5
apa punya gw aja yang buat scan barkot gaada fitur ambil fotonya di gallery kalo memang ini bug tolong untuk segera diperbaiki,2
"susah d download, sdh d hapusin semua aplikasi, sampah cache, pengosongan file juga, tapi tetep aja ga bisa😕",1
dana cicil saya kenapa tba2 hilang begitu saja,5
ok,4
keren cepat dan memudahkan hidup,5
saya menggunakan dana sudah lama dah tahunan...ko ga ada dana cicilnya,5
"apk bangsattt transaksi gagal tapi ada tagihan di dana cicil,komplen tidak di tanggapi jgn salah kan saya jika saya tidak membayar semua tagihan saya..",1
bagus,5
fitur dana cicil/dana instan gk da di dana saya. padahal saya sering ngisi.,3
mohon aktifkan fitur dana cicil di akun saya,5
Bagus,5
fitur dana cicil tidak keluar . aplikasi dana pilih kasih.,5
susah Di download,5
fitur dana cicil saya sudah ada limit nya tapi pas mau dipake tidak tersedia trus aplikasi apaan,2
semoga DANA selalu dapat dipercaya,5
bagus,5
sangat bagus,5
ok lah,5
Sangat bagus,5
terbaik,5
bagus,5
sangat puas,5
sangat berguna,5
bagus,5
melakukan transaksi apapun cepat,5
tidak bisa di download,1
"aplikasi sedot duit, saldo hilang",1
dana keren gk ribet buat transaksi,5
semoga kedepannya bisa di tingkatkan lagi dalam segala hal,5
"aplikasi tanpa ribet dan mudah ,sangat membantu ,dengan biaya minimal bahkan gratis.",5
dana parah .udah bayar dana instan gak di acc lagi udah di bayar jg parah,5
top,5
sangat puas dengan seaman nya,5
sangat sangat thbest,5
kenapa suka gangguan jaringan ya,1
baguss membantu,5
bagus,5
"buat buka YouTube lancar, giliran buka dana koneksi terputus, gk jelas dana ini",4
"saya kirim saldo dari gopay ke dana tapi saldo nya tidak masuk ke akun dana, padahal di akun gopay nya transaksi berhasil",1
fitur dana cicil sudah ada cman tidak bisa di gunakan. tolong di bantu,5
saldo udah kepotong tapi merchant belum menerima pembayaran mau lapor masa harus premi dulu,2
sangat suka,5
mantap sekali,5
gimana cara menemukan pin dana yg lupa,2
karena saya tidak bisa meaktifkan dana cicil,1
ok,5
ok,5
"tidak ribet, transaksi jd lebih mudah",5
"fitur dana cicil sudah ada, tapi gabisa di pakai aneh sekali",2
bagus,5
sukses terus dana,5
kok enggak ada dana cicil,5
"APLIKASI rendahan ,operatornya nggak punya kompetensi ,dan curang ,fitu macet nberor TDK segera di benahin,lagian kemarin juga punya dana point 38,600 tahu tahu hilang keberadaanya ,ini namanya curang dan culas",1
"aplikasinya bagus, berguna juga, tapi sayang banget dana kalo udah kesambung sama app premium kaya YouTube, Netflix dll itu susah putusinnya jadi saldonya kesedot tiap kalo ada saldo masuk",4
"tolol gara gara muncul kata kata (.yah. banyak orang yang lagi bertransaksi. coba lagi dalam beberapa menit ya ), sampai hilang uang sejuta ku' emang ya ini aplikasi ngak bisaa di harapkan tolol padahal hampir sejam nunggu lo tetap saja ngak bisa transaksi 🤦🤦",1
mantap,5
pengiriman lancar,5
"saya tidak ada sama sekali melakukan transaksi ke mana pun , tetapi uang saya hilang begitu saja tolong ya DANA, saya jadi rugi karena DANA, makanya saya tidak percaya lagi gunakan aplikasi DANA",1
mantap,5
terbaik,5
saya tidk Bisa Berteransaksi sedikit Pun tolong di Bantu,5
halo saya berminat sekali dengan akun dana karan nyaman penyimpan uang dan pembayaran transaksi,4
Ok,5
aplikasi bagus bnrrr,5
b aja,1
oke,5
sangat aman,5
otomatis ke semuae wallet,5
Aplikasi Dana ko Kuras Uangnya orang transaksi uang orang sampai habis 700 lebih aplikasi taik sudah hubungi CS tapi malah ngelas tidak tau,1
ok,2
"pernah beli e tol di mandiri tapi belum masuk,tapi uangnya belum di kembalikan sama pihak dana 50 ribu",4
baik banget,5
gawe ft,3
kapan dana instan bisa di gunakan,5
OK,5
sangat membantu sekali top up nya juga gampang .. mudah mentransfer kesemua nya...,5
tolong aktifin dana cicil saya,5
wokeh,5
aplikasi dengan sistem keamanan sangat lemah!! jangan promosi berlebihan!! nasabah bakal takut utk percaya!! aplikasi trial!!,1
sangat membantu,5
baik,5
mantap,5
saya menggunakan dana udah lama baru saja uang saya kepotong pdl saya tidak merasa bertransaksi sama sekali mohon saya agak kecewa udah menggunakan dana tp tiba tiba ada kejadian kaya bgini,3
ber urusan sangattttt mantaaab👍👍👍👍👍,5
aman dan nyaman,5
mantap,5
"bagaimana kelanjutan atas laporan saya terakhir . tidak ada komunikasi . mana pakai dana cicil , sudah saya bayar juga",1
aplikasi rusak abal abal.,2
sangat baik,5
"sudah bertahun"" tidak ada fitur dana cicil, versi terbaru,sering pakai dana. sedangkan yang baru download sudah ada fitur dana cicil. permainan apa pilih"" ?",1
pengiriman cepat cm sayang dana cicil nga bisa ke pake,5
jangan daftar dana buat yang soal nya uang hilang tagihan ini itu pdhl tidak di otak atik,1
mantul,5
punya ku kok blom ada dana cicilnya ini ngabisin,5
"mau beli token susah, diluar tidak ada pilihan masuk ke lainnya malah putih",5
dana cicil sedang tidak tersedia,5
mantap kli mudah dan cepet,5
mantap banget sumpah tapi pulsa di diskon kan lah plis ya dana,5
top,4
sangat mudah tanpa adm,5
keren,5
aplikasi bagus buat transaksi,5
"di bagian scan qris, pas mau milih galeri kok tombolnya ke timbun jadi gak bisa dipencet, tolong diperbaiki",3
sangat membantu,5
apk jelek kaga ada solusi buat login kembali setelah 1tahun ga di gunakan,1
bagus sekali,5
sangat puas,5
"sekarang dana ga jelas akun gua tiba² ga premium yang tadi nya premium,mau d premium lagi malah g bisaa",1
dana instant gak bisa di pakai padahal pembayaran selalu lancar gak pernah telat sama sekali,1
gangguan,1
baik,5
baik,5
mantap,5
baik,5
puas,5
sudah lebih 5 thn pake dana aman saja dan bagus cuman sekarang dana cicil tidak bisa digunakan pdahal cicilan lunas semua,5
mantap,5
bekerja,5
mudah dan lancar,5
bagus.,5
bagus,5
sangat bagus,5
ok .. banget,5
ok bro,4
sangat puas,5
dana lbih cepet,5
ngirim jadi gampang ga ribet,5
mantap,5
oke,5
bagus,5
ok lah ..dana cicil blum muncul udah 2 tahun,5
oke transaksi mudah.gratis terus,5
mantap,5
sangat bagus,5
bagus,5
👍,5
sangat mudah membantu jadi josjis🤗🤗,5
Transaksi mudah,5
mempermudah bertransaksi sangan membantu sekali transaksi tanpa ribet pokok nya joss,5
bermanfaat,5
Tidak Dapat Membeli Token Listrik. tolong perbaiki sekarang,1
sangat suka,5
dana cicil aktif percuma tidak bisa di pakaii,1
👍,5
kenapa gak jelas begini smpe skrg aplikasi dana cicil nya tidak muncul padahal sudah bertahun-tahun menggunakan dan bertransaksi dengan aplikasi dana,3
kenapa saya tidak bisa download dana tolong perbaiki,5
cantiknya,5
lama gak sy pakai.. giliran dipakai gak bisa.. top up.. payah,2
tolong perbaiki lagi uplikasinya masa punya orng orng ada fitur dana cicil punya sya pengguna lma nggak muncul,1
baik,4
bagus lah sakiye mahh,5
mantap,5
aplikasi bagus banget. bisa hilangkan biaya admin jadi pas gw ingin transaksi uang ku tinggal 20 ribu takutnya ada biaya admin 2 ribu ternyata tidak tapi gak tau kalo kalian🌝,5
bagus,5
dana sangat membantu dan meringankan dana mantap keren banget,5
sangat bagus,5
gangguan terus sih,1
setiap simpen uang di dana suka banyak hilang uang nya,2
sering g bisa di buka,4
kecewa si pengguna lama sering transaksi tiap bulan berjuta juta tapi dana cicil nya tidak muncul sedangkan pengguna baru langsung muncul dana cicil nya pilih kasih akun sudah premium tidak pernah telat membayar dan selalu aktif transaksi...,2
good,5
dana cicil nya gak bisa pakai padahal ada limitnya,1
simple mudah cepat untuk transaksi.,5
kenapa aplikasi dana saya tidak bisa ngecek riwayat dan pesan,3
bagus,5
ya bermanfaat ajaa,5
top markotop,5
sangat baik,5
sangat baik dan membantu kami,5
sangat membantu dan mudah d gunakan 👍👍👍,5
MBnya makin naik ya,3
baik,1
ga jelas bngt udh tau pin dana bnr wajah bnr knp sih harus minta kode kan udh ga aktif loh no nya,2
sangat mudah digunakan membantu sekali,5
Apk dana di hp ram 2 ga tak bisa ke buka,5
sangat baik,5
top,5
terimakasih atas layanannya,5
susah pas verif wajah,1
saldo suka telat masuk kenapa ya,3
"pelayanan nya lambat, saya beli pulsa di apk dana 35gb yg masuk hanya 17gb",1
Sy Senag,5
praktis,3
mantap wis,5
"bagus aja,simpel",4
mantep,5
josss,5
mantap,5
sya edit ulasan sya karna di dengar keluhan nya maksih banyak sya sangat puas mengunakan apk ini. simpel untuk transaksi tidak ribet sama sekali yu yang belum download segera download,5
"saya kasih bintang 5saya lagi merantau, di luar Jawa, jadi mudah mengirim ke keluarga.",5
"I like this application, tapi kenapa isi saldonya tdk bsa di ATM kenapa pengiriman ke Rekening BRI harus pakai Admin",2
smoga beruntung,5
bgus,5
oke lah kalo begitu,5
sangat mudah digunakan,5
puas,4
sangat baik,4
"sudah lama akun premium,tapi tiba tiba menjadi tidak premium dan tidak bisa buat transaksi,saldo masih ada beberapa ratus ribu tapi tidak bisa dipakai,merugikan sekali",1
good,4
Mataabb,5
terbaiklah pokoknya,5
"mudah dan cepat untuk transaksi, harapan saya selalu gratis tanpa biaya admin untuk semua transaksi. agar pengguna apk dana makin banyak. 😁",5
gasken,5
luar Biasa Mantap👍🙂,5
Dana cicil ini aneh. cicilan sudah lunas malah tak bisa pake lagi memang ada telat karena bisnis zonk tapi kan tetap Saya bayar bukanya gak bayar payah,2
kecewa..tidak aman dana pembelian tidak sah di konfirmasi,1
bagus,5
mantep,5
mantapp,5
baik sagangt,1
baik,5
apa akun saya ajah gak ada dana cicil walaupun sudah premium dan sering transaksi Disni,5
seneng,5
bagus,5
oke makasih karena pelayanan anda menanggapi masalah dengan cepat akhir nya saya bisa transfer ke temen,5
bug jelek byak byak admin judol,1
puas sekali,4
mantap,5
baik,5
👍👍👍,5
bagus,5
sangat membantu,5
"kepada dana yg terhormat, ini kenapa error terus gua mau masuk ke akun gua sampe 3 hari proses masih error, dan lagi ada pemeliharaan sistem, sistem apa yg dipelihara sampai 3 hari, ok mohon diperbaiki, 😑",1
"untuk sementara sangat bagus,,,",5
transaksi jadi mudah,5
bagus,5
entot banget aplikasi nya,5
bagus,5
cepat,5
good luck verygood,5
bagus banget,5
"GK bisa di pake harus ningkatin ke peremium,gua mau top up game GK bisa",1
mantap,5
sangat baik,5
mantapp,5
sangat bagus,5
ok,5
playlater dana ada masalah,5
puas,5
bagus,5
"transaksi makin mudah dan aman, sangat membantu 🙏🏻",5
top one,5
karna bisa simpan uang ke dana dan aman,5
"aktifkan kembali DANA CICIL tagihan telah LUNAS dan limit pun TERSEDIA, mohon di bantu pihak yang bersangkutan.",3
bagus,5
baik,5
sangat membantu,5
kalau bisa tarik Tampa ada admin jika kalau uang tarik tunai kurang GK bisa di tarik,5
bagus ini dana nyh,1
baik,5
bagus cepet juga murah,5
sudah 2 kali saya di tol top up emoney ga masuk masuk ..,1
mengapa tidak bisa menggunakan dana untuk top up geme secara langsung dari geme nya alasan nya karna dana tidak pas atau tidak sama dengan nominal padahal punya ku lebih dari yang harus di bayar,5
mantap,5
bagus tapi kenapa ini sudah masuk,5
pengalaman saya kalok kita ngirim uang bisa jadi cepet pengirimannya,5
bagus bgt dana yg terbaik,5
sangat mudah untuk krim uang,5
bagus,5
mantap,5
luar biasa bagus dan dan sangat memuaskan 👍,5
mantab,5
nice,5
"bagus, kalau bisa transfer gratis terus",5
apakah QR yg ada di dana bisa diprint dan ditempel dikasir?,5
Tolong bantu membuka dana lebih cepat dan akurat,5
mantap,5
mempermudah dalam kita bertransaksi,5
"sayaa kecewa sama Dana.entah kenapa saldo dana syaa tidak bisa di pakai untuk top up game atau transaksi lainnya padahal dulu bisa pas mau bayar pake saldo dana tiba tiba muncul tulisan ""Dana menolak pembayaran menolak pembayaran karena jumlahnya melebihi batas transaksi. periksa kembali akun dana anda atau pilih metode pembayaran lain"" selalu begitu. Sudah tahu begitu bego nya saya dan tololnya saya pun tetap top up saldo dana padahal sudah tau kalau saldo dana nggak bisa di pakai transaksi.",1
Dana gak bisa login,5
saya sangat puas dengan aplikasi dana sangat membantu tidak ribet,5
semoga bermanfaat kedepannya lebih banyak yang memakai aplikasi ini,5
bagus,5
bagus,5
mantap,5
praktis pengiriman kemana aja gampang dan tidak sulit,5
"aplikasi paling buruk,masa DANA cicil sudah muncul tapi tidak bisa di gunakan,ini aplikasi paling buruk yang pernah saya gunakan",1
bagus,5
dana tukang nyolong duit,1
okebagus,5
baik sekali dan cepat,5
sangat puas,4
aku senang apk dananya melakukan transaksi jadi lebih mudah😍,5
sangat bagus,5
bagus uang ku hilang 720000,5
"admin fast responn, thankyou",5
sangat baik membuat banget,5
afk keren,5
pembayaran jadi mudah mohon untuk ditingkatkan lagi yah,5
duit tiba² ilang sndri ga aman bngt,1
sangat membantu,5
sering back eror dana kesedot juga,1
gratis 10 kali transaksi,5
aplikasinya bagus ☺️,5
sangat memuaskan,5
seeerrruuuuu dan bagus banget alur ceritanya🥰👍🫶👌🫰,5
sangat bagus,5
jos,5
"keamanannya lemah,mudah dibobol",1
mantap,5
sangat bagus,5
"dana saya sering kesedot sendiri, dan saya tidak merasah membeli apk premium",1
kenapa data cicil tidak tersedia padahal limit ada,1
apl kurang ajar .masa gara2 no udah GK aktif GK bisa login padahal pin udah ku masukkan bisa.knp harus pake kode OTP .di persulit payah dana.,1
sangat memuaskan,5
Kami butuh dana ini di hp kami apa saya punya hp oppo A37 kasiang mohon bantuan nya kaka,5
oke,3
cepat dan mudah,5
"tolong ini gimana pertanggung jawabannya dari pihak dana,uang saya kok bisa hilang,ada aktivitas tf padahal saya tidk pernah tf,uang baru saja top ups 500rb lebih hilang.. tolong pertanggungjawabannya",1
mantap,5
ini kenapa yah danany pas saya buka aplikasinya maaf koneksi internet anda terputus padahal sinya saya bagus dan kuota saya masih pul tapi gak bisa pake dananya gimana ini apakah ngebug kah,1
sangat baik,5
"sebelumnya dana cicil saya bisa digunakan.karna kebetulan saya kerja dipulau dan terkendala signal.saya telat bayar cicilan terakhir 1 hari dengan jumlah 26 ribu. besoknya pas ada signal sy dihubungi admin dan langsung sy bayar di jam itu jg. sejak saat itu dana cicil tidak bisa lagi,chat diana tidak bisa. akun mau diblokir dalam 120 hari. gila hanya gara² 26 ribu.itupun karna dipulau susah jaringan.",1
akun dana tidak bisa menerima dan isi saldo. karena di bekukan. setelah hubungi costumer care. tidak ada perbarui. pelayanan customer care juga sangat buruk. tidak memberikan solusi,1
mantap bosss ku.busa membantu orang susah,5
mantap,5
sangat mudah,5
terbantu,5
sangat bagus,5
knp dana saya tau tau diambil gogle pLay store hampir 300rb tp g ada konfirmasi.. tolonglah lebih diprotec,5
sangat puas,5
bagus,5
sangat membantu....👍👍👍,5
lumayan bgus meskipun bnyk ganguan,4
bagus,5
sangat puas,5
dana Kenapa tiap mau beli paket pasti habis terus stoknya heran akunya dibeli habis terus,4
bagus👍,5
dana cicil tidak bisa di gunakan,1
eror mulu,1
tolong dana cicil saya di aktifin lagi,5
sangat membantu 💗,5
mantab,5
mantap,5
pembayaran cepet,5
sangat mudah digunakan,5
sangat membantu sekali,5
bagus,5
👍,5
bagus😊👍,5
mantap,5
ok pokoknya,5
baik,4
dana lemot,2
terima kasih,5
sangatt bagus buat belanja n pengiriman,4
good,5
saya melakukan pemindahan dana dari akun dana yang lama ke akun dana yang baru. cuma premium doang yang pindah. SALDO nya tidak berpindah,1
sangat membantu memudahkan orang TF,5
dana instan nya ga bisa di pinjam,1
saya top up Brizzi lewat akun dana saya biasa nya masuk di menu aktif kan saldo tapi ini GK ada tolong lah ini cara ngatasi nya gimana udah mengikuti arahan pusat bantuan tapi GK ada titik terang nya,1
sangat bermanfaat sekali,5
saya ingin menghapus akun tapi tidak bisa saya sudah coba tanya ke CS nya tapi di suruh ke playstore buat hapus akun tapi di playstore saya tidak ada fitur keamanan data,1
sangat puas,5
semoga bisa pakai dana cicil yang tidak tersedia,5
senang,5
ga bisa dibuka setelah di upgrade....mana mau transaksi jadi terhambat.... kuota banyak sinyal bagus tapi di dana koneksi terputus terus... aneh...kumaha ieu teh heyyyyyyyy,1
saya hanya ingin meluruskan saja.bahwa verfikasi keamanan itu harusnya verifikasi wajah yang perlu kalian tanamkan jika mana user tersebut sudah pernah verifikasi Nik / Ktp nya tersebut.jangan dipersulit.ok toh nyatanya juga banyak yang kebobolan karena cenderungnya keamanan kalian yang tidak betul.selalu tingkatkan keamanan tapi hasilnya membiarkan para pelaku bekerja di dalam.itukan namanya ngeyel.paham😒,5
ok,5
viturnya mudah dan cepat. respony juga bguss..,5
keren,5
Terima kasih DANA..mempermudah buat bayar² apapun...,5
"Aku kasih Bintang 3 Karna GK Bisa Masukk akun aku,di karenakan tidak Dapat menerima Kode OTP Karena Opsi Pilihan Untuk Menerima Kode OTP tidak ada,Dan akun dana Saya Tidak Dapat Masuk.... Saya Mohon Untuk Dana Tolong Developer nya Bisa Memasukkan opsi Pilihan Untuk dapat Menerima Kode OTP melalui SMS Atau WhatsApp",3
bagus mantap tingkat kn lgi performanya,5
Nice😎,5
ubah ke dana cicil bisah?,5
baik,5
"sering gak bisa kebuka dagetnya, lelet banget bikin emosi",1
sangat bagus🙏🙏🙏,5
aplikasi bagus,5
sangat bguss,4
donlod dana masi muter tolong di perbaiki lagi cepat admin,1
"pengalaman transaksi sangat cepat,mudah dan terpercaya",5
apk dompet yang LEMOT,1
ok,5
luar biasa,5
sangat membantu,5
bagus dana gak akan hilang .paling tiba tiba kosong ?.4 kali hilang tinggal 300 perak 😐,4
mantap,5
"sangat membantu dlm bertransaksi. mudah,cepat no ribet",5
"sangat mudah, cepat dan aman.. terima kasih",5
bagus,5
murah meriah insyaallah aman,5
update BRIZZI tapi saldonya tak masuk kartu brizzi,1
𝐦𝐚𝐧𝐭𝐚𝐩,5
kenapa saya tidak bisa update ke versi terbarunya 2.109.2,4
good,5
bagus matapp,5
ok,5
siiip,5
"nongol di apk dana,ada instan trus bisa tarik 300 begitu coba tarik tapi gak bisa",5
oki,5
sangat membantu dalam segala hal pembayaran,5
"sangat membantu dan praktis ,mantapppppp",5
sangat baik,1
mengapa belum muncul fitur dana cicil ya? ada yg sama kah?,5
keren,5
bagus,5
bagus,5
sngt membantu,5
sangat membatu,5
aplikasi yang sangat membantu,5
mantap,5
untuk pengisian pulsa laporan ada tpi tidak masuk komplain ttp tdk masuk,4
👍,5
"pindah akun dana premium dari no lama ke baru kok dipersulit sampai 2 hari,pelayanan buruk",3
bagus,4
"pelayanan customer servicenya sampah, ada masalah ga ada solusi",1
sangat membantu,5
bagusss,4
bagus,5
bagus,5
manatap,5
"aplikasi ga jelas sumpah, kalo bisa pembayaran otomatis yang sudah di hapus jangan otomatis aktif kembali lah saldo gua jadi kepotong jadi ga aman banget mau simpen duit di aplikasi sini",1
"dana tolol saya udah susah kehilangan hp dan nmr hp nya dan di akun itu ada saldo saya satu juta tapi kok ribet mau ngambil nya data udah lengkap bahkan nominal top up Selvi vidio tanggal transaksi smua udah di kasih tapi masih gak bisa hati"" buat kalian yg ingin menggunakan dana lbih baik pake bank aja KLO ilang gak ribet ngurus nya tapi KLO dana nmr hp nya ilang slesai uang kalian hangus bagi gua dana itu tukang maling",1
cukup baik,5
sangat bermanfaat,4
mantap,5
selamat siang ijin bertanya saya barusan pengajuan di dana instan tapi tidak bisa hanya loding saja apakah dana yg saya ajukan aka d proses apa akan di batalkan terimakasih mohon jawaban nya🙏,5
Bagus,5
scan wajah g bisa anehhh,1
"bagus,cepat kilat",5
butuh fitur dana cicil,5
mntap,5
ok cuuui,5
sangat bagus untuk mentransfer,5
sangat membantu,5
bagus cepat dan tepat,5
apk dana ini bagusss,1
"kalo ga niat ngebagiin hadiah jangan apk scam orang udah ngumpulin point udah lama nunggu buat tukerin, malah voucher nya hangus hadiah gadapet, apk scam banyak kandala minta bantuan leeat apk nya ribet",1
memuaskan,5
mantul,5
sgt bagus👍,5
terbaik,5
"sy ada saldo di dana kok ke potong di tik tok ini apa"" an , pdhal sy gk otak' , atik apa"" ,bikin gk nyaman , kukira aman",1
dulu duit saya hilang. belum juga balik. maaf ya saya kasih bintang 1,1
cepat,5
"DANA CICIL GA MUNCUL MUNCUL PUNYA YANG LAIN SUDAH BISA DI PAKAI PUNYA SAYA MUNCUL AJA ENGGA, PADAHAL UDAH PREMIUM DAN SESUAI SYARAT",1
tolong dong mah komplain kok ini isi paket 60gb/30hr-2gb/hr malah ga bisa dipake padahal di im3 nya masi ada 57gb,1
ok terbaik,5
dana cicil sayah ga muncul sama dana instan.updet,5
aplikasi ini sangat cocok untuk saya,5
ok dan simple,5
DANA mangtapz,5
keren,5
baik,5
sangat membantu,5
saya senang menggunakan aplikasi dana transaksi jadi mudah,5
aktifkan dana instan min,5
"belum pernah pakai,baru mau coba",5
terlalu lama kalo ada masalah,3
jos jis..,5
woy yg bnr dong masa saya ganti no aja di persulit saya Mao ganti no sama Imel gak bisa bisa maksudnya apa coba. akhirnya no yg ini gak ke pake yg itu gak ke pake emangnya w gudang duit beli kartu baru lagi beli kartu baru lagi apaan coba kaya gini,1
josss,5
good job,5
bagus,5
"sangat membantu, dan bermanfaat semoga keamanan nya selalu terjamin",5
alternatif terbaik untuk menyimpan dan mentransfer uang. semoga tetap bertahan tanpa banyak embel-embel.,5
sangat bagus,5
"setiap mau lhat status pengiriman gk bisa di buka,padahal uda d update tetap aja gk bisa",1
mantap,5
"Account dana saya sudah premium,tidak bisa transaksi di bekukan lagi",1
saldo saya selalu ke potong sendiri olih tik tok coin tolong di kmbalikan lgii,1
saldo dana saya yaang hilang sendiri karna di ambil tiktok koin recager sampe sekarang beelum dikembalikan...paadahal sudah lama banget..saya jugaa gak pernaaah merasa membeli koin.tapi selalu terpotong,5
aplikasi bagus mudah sangat membantu,5
bagus,5
puas,5
"kirim uang gratis terus dong ,,,hehehhe",4
terbaik pokok e,5
lebih aman,3
bagus,5
sangat puas 🥰,5
dana saya ada yang membobol dan saldo saya hilang 539000 ga bisa dikembalikan,1
"permisi saya pas waktu main game dapat koin trs saya tuker ke akun dana tpi ngk ada notifnya tolong di jelaskan apakah ada Kendala atau gangguan soalnya saya bingung setiap saya main game trs koinnya udh bnyk pas tukar uangnya ke akun dana ngk nambah""🙏🤔",5
sangat baik terimakasih,5
mantap jos,5
baru mau coba,3
"apa sih sering banget drama gangguannya, orang lagi urgent malah gk bisa tf",1
good aplikasi,5
top,5
good job,5
sangat membantu bnget buat yimpen dan ngambil duit,5
pas mau berlangganan malah ngestuck di loading padahal sinyal serba bagus,1
"tidak bisa melampirkan file ke Diana, keamanan buruk. low respon banget. transaksi saldo gak masuk sudah 2 kali.",1
sangatt membantu,5
"dana cicil nya tidak tersedia lagi, bantu dong admin biar biasa pinjam cicilnya",5
oke,5
"sungguh ini mengganggu dan merugikan, saya melakukan transaksi, saldo sudah berkurang tapi transaksi tak di baca bahwa tak di terima oleh si penerima,",1
sangat membantu aplikasi ini,5
desain yg menarik,5
lebih mudah bertransaksi,5
sangat terbantu🫠,5
bagus,5
bgus Sekali,5
sangat baguss,5
"banyak bug, gabisa masuk",3
nggak ada cek in harian dapat duit,3
dana I LOVE U,5
min akun dana saya tidak bisa menggunakan fitur dana cicil,3
bagus,5
Sangat baik.. walaupun blom muncul fitur dana cicil atau paylater,5
"TAGIHAN DANA CICIL SUDAH LUNAS TAPI LIMIT MALAH DI 0 , PERCUMA PUNYA DANA CICIL GABISA DI PAKAI .",1
jos,5
alah duit saya suka hilang bagaimana ini,1
mantap... bisa tf kemanapun,5
👍👍👍🔥,5
bagus buat keseharian ga ribet ribet kali,4
suka muda2hn tdk akan prna terjdi yg nma nya uang tiba² hilang,5
ok,5
sangat membantu,5
baik,5
gagal mengirim,1
uang saya di ambil melalui langganan tanpa izin saya,3
mantap tempat kirim uang nya,4
good,4
mantap,5
aplikasi aneh. sudah menggunakan dana sejak lama tapi tidak bisa menggunakan dana cicil hanya untuk orang terpilih saja. GK jelas,2
"terlalu menyusahkan, kadang lelet gangguan, pengiriman macet lama diterima",1
sangat membantu,5
"simpel, praktis",5
ok,5
nice,5
simple,5
"makin hancur, dana instan gak bisa dipakai, hasil poin main game gak bisa ditukar",1
saya sangat puas dengan layanan ini,5
"pelayanan jelek bgt asli, harus bnyk ini itunya",1
Sangat membantu,5
baik,4
baguz👍,5
bermanfaat,5
super sekali,5
oke,5
tadi kirim uank salah no gmn cara ngebalikin,3
bagus,5
dana cicilan tidak ada,5
ok,5
"hilang 500,000 kacau dana ini",5
Sangat puas,5
bagus,5
bagus,5
baik,5
terbaik,5
ga jelas dana cicil gabisa dipakai,1
mantap,5
mantapkan,5
mantap dana,5
good,5
sangat memuaskan,5
bagus,5
puaaas,5
👍✌️,5
good,5
berguna banget apk nya,5
merugikan,1
butuh dana cicil,5
"GAGUNA, MAU KIRIM BUKTI SS UNTUK PELAPORAN MALAH TIDAK BISA. SELALU TERULANG KE TEMPAT AWAL, BODOH",1
"kenapa dna cicil sya TDK bisa terpakai pdahal sya mempunyai limit SDH ad brpa bulan ini TDK bsa,cs di chat TDK masuk akal",1
sangat membantu dalam.dunia bisnis,5
Yupz,5
ok,5
pernah ke tarik 400 kurang,3
bagusss dan betmanfaaat,4
apakah melakukan salah kirim ke akun dana orang lain bisa di kbalikan apabila orang itu akun dananya tidak aktif lagi,2
biarkan bintang yg berbicara,5
bagus membantu mudah jelas,5
Ter baik,5
sering melakukan transaksi tanpa sepengetahuan dan menyebabkan RUGI!!!! harap segera diperbaiki sistem tersebut supaya setiap transaksi harus sepengetahuan pemilik tersebut.,1
semoga muncul fitur dana cicil,5
keren,5
luar biasa aman,5
Alhamdulillah dana cicil saya sudah bisa digunakan lagi terimakasih dana,4
bagus,5
sangat membantu,5
gimana bisa mendapatkan fitur dana cicil padahal dana saya sudah premium,1
bagus,5
"dari dulu masalahnya sama mulu, ini gw mau bikin akun baru masalah jaringan masalah server APASIIII baru mau masuk aplikasi udah banyak drama aplikasi sampah",1
good tapi sering gangguan,5
membantu sekali,5
"gaada dana gratis,minimal ada ke tiap Minggu 200k",1
bagus,5
mantap,5
sangat puas,5
bagus,5
sangat membantu,5
tiba tiba terhenti ini aplikasi dana,5
solusi terbaik uninstall aplikasi sampah yang tidak berguna ini,5
"uang saya selalu berkurang,saya mengisi 100 besok nya berkurang 20 , padahal uang nya sama sekali tidak di pake",1
ketek pancen nyg dana cicile ora metu cekek duwuran mesti,5
"dana gajelas padahal ada fitur upgrade dana premium tanpa ktp , pas udh daftar malah gagal terus , saya kasih bintang lima karena agar bisa di respon , walaupun begitu saya kesal karna udh 4kali saya daftar malah gagal terus",5
oke,5
jos,5
ERORRRRR BOSSSSSS,1
sangat membantu,5
gak bs banyak x minta keamanan,5
aplikasi dana saya sangat bagus,5
mantap sangat membantu,5
Punya saya gak muncul dana cicil padahal sudah premium makin parah suruh transaksi trus hasilnya nihil haduh,1
sangat membatu disaat LG susah dan merantau jauh buat transfer uang lewat Dana buat kebutuhan rumah di kampung ☺️☺️,5
tapi keterangn nya akun anda terhubung ke paylater. ??itu maksut nya apa?,1
top,5
"lah 5 tahun pakai dana ,tapi dak dapat dapat dana cicil",1
dana emang luar biasa,5
sangat mantap,5
sangat mudah untuk bertransaksi 👍👍👍,5
tranfer ke seabank lancar dan cepat..😍🤩,5
sangat mudah buat transaksi,5
thanks dana,3
puas bisa dana cicil,5
sgt puas mengunakan aplikasi dana,5
ok,1
sangat bagus,5
"keren, sangat terbantu",5
dimohon untuk dari pihak dana di bagian cs kalau ada customer menanyakan masalah transaksi jangan terlalu template kalau mengasih jawabannya ini saya bingung untuk tindak lanjut dari pihak customer servicenya,1
kenapa dana cicil tidak bisa di nguna kn?,5
belum pengalaman,5
pelayanan bagus,5
nyaman pkai dana,5
sangat cocok untuk di gunakan,5
bara buka dana terkunsi,1
lebih enak simpel aman,5
saya sangat senang dengan aplikasi dana,5
cepat,5
"kepada pihak dana yang terhormat, kenapa disaat saya mau login ke akun dana saya malah di persulit, alasan keamananlah,, apalagi yang kalian inginkan, verifikasi wajah udah, nik KTP udah, pin udah bener, emang nomor HP saya sudah tidak aktif jadi ngak bisa dapatkan kode otp, ada fitur ganti nomor hape di halaman depan, ujung ujungnya minta otp nomor HP lama.. jadi kalian ini mau nya apa,, kalian ini emang sengaja ya mempersulit pemilik akun untuk login..",1
sangat baik dan mempermudah sukses terus!?!!,5
saya kecewa mengunakan dana karena bisa jadi ternsaksi tanpa sepengetahuan saya,2
Ngko ada pengaturan pusat bantuan di dana saya,1
prakris cepat,5
aplikasi y sangat mudah di gunakan,5
kasi bintang 2 dulu dana cicil gak muncul,2
bagus,5
aku suka apilkasi ini,5
pake aplikasi dana mantap,5
event piala bola dunia scam kah?masa saya dapat vocer saldo 20k sampai kedaluwarsa belum juga dikirim scamm ngk niat ngasih hadiah ngk usah membohongi gitu lah ba31,1
terlalu lambat...,3
dana cicil ga jelas limit dapet 1 th ga bisa di pakai buat apa ngasih limit lucu maaf kaya nya mau saya APUS apk nya,1
Terbaik,5
dana cicil,5
dana cicil,5
Uang saya di ambil dana apa bisa di kembalikan sampai skrg belom kembali,1
good job,5
kasih dana cicil,4
tidak muncul dana cicil kecewa biasanya banyak transaksi terima uang muncul dana cicilnya ini GK merasa kecewa,5
"sangat membantu, mempermudah keuangan dan keperluan. sayang dana cicilnya susah.",5
sangat membantu,5
jos,5
baguss,5
ok,5
bagus,5
"tolonggg ini kenapa sering gangguan mau kirim uang ga bisaa saldo ilang Mulu, ini ga bisa kirim uang dari jam 4 sampe jam 12 malem takut saldonya otomatis ilang lagi tolong dong sistem nya masa perbaikan Mulu 😭",3
sangat memuaskan,5
mantap,5
sangat baik,5
DANA ini bagaimana Sih saya 2 kali belanja Koin Tiktok kode verifikasi gak bisa Di buka. maksudnya apa ini ....!!!!,2
apk ini sangat menjamin,5
tolong dong fitur dana cicil,5
sangat bermanfaat,5
bagus,5
sy tidak bisa narik cuan dari melolo,5
maksimalkan,5
"saya jdi gak bisa log in kedana gara2 harus pake kode ferivikasi ulang,pdahal sdah ferivkasi wajah.harus nya gak usah masukan kode lagi klo udh ferivikasi wajah.",2
praktis bgt ni aplikasi,5
aplikasi dana emang mantep cepat girim👍👍👍👍👍,5
saya tidak bisa mentransfer ke BANK manapun kecuali ke e-wallet,3
sempurna,4
jadi serba mudah..,5
bagus,5
apk nya ini sangat bagus,5
"adimin kenapa dana cicil saya belum mucul padahal saya sudah sering bertansaksi,bahakan sering dan terus bertransaksi pake dana",4
"knpa setelah di update malah dana cicil tidak bisa di gunakan lagii,,,,tolong perbaiki lagi lahh sistemnya",3
kocak udh di bayarin dana instan ga pernah telat malah ga bisa di pakai lagi,1
👍👍,5
sangat membantu dan memudahkan semua keiginan.. 🙏 bismillah semogah amanah amin🤲,5
cukup,3
sangat memmudahkan transaksi tampa ribet,5
sangat baik,5
"sampai saat ini saya tidak ada fitur dana cicil, entah dari apanya, padahal di persyaratan perbanyak transaksi agar dapat fitur dana cicil, akan tetapi sampek sekarang belum ada di akun dana saya yang namanya fitur dana cicil, saya tidak respect di bagian ini, mohon bantuannya minn",1
cepat dan aman,4
apiiik,5
aplikasi ini sangat baik,5
Bagus..,5
Manatap,5
Karena sangat bagusss,5
sangat membantu,4
bagus sangat aman,5
mudah digunakan dan praktis,5
bagus,3
sangat baik,5
ok,5
baik,5
jos,5
terpercaya pakai dana,5
"Transaksi dari pelanggan tidak masuk saldo, masuk bantuan hanya dijawab mesin. tidak ada solusi by email juga tidak direspon",1
sangat patal bisa kena penipuan meskipun sudah paskey pin ttp masih kena,1
bagus,5
"simple,cuman makin kesini tambah berat ke pembawaan ponsel,tolong di perbaiki",5
sangat membantu dan nol rupiah 👍,5
bagus,5
"mohon kerjasamanya,,bantu kasih limit dana intan. dulu bisa pinjam sekarang gak bisa. ,,alasan telat bayar. karna tidak bisa login dana soalnya nomor hilang. dan sekarang ganti nomor. mohon bantuan nya. dana cicil di perbaiki dan juga dana instan toh saya lunasin walaupun telat juga",2
baguss cepat,5
loading nya lama,1
"ini apk dana ini ilegal atau apa sih, masa saya mau melakukan transaksi tpi tidak bisa, mau mengirim dana ke bank tidak bisa, kata nya anda sudah melakukan nya terlalu sering coba lagi nanti, apa lah coba, padahal no m banking nya bner",1
dana tidak bisa terbuka,2
best,5
top,5
biar bintang yg berbicara,5
tdk bisa mengirim,1
bagus,5
terbaik,5
ok,5
lumayan membantu dan sangat baik di gunakan,5
👍👍👍,5
sangat memudah kan semua transaksi,1
sangat memudahkan kan,5
good,5
ok,5
Ok,1
mempermudah transaksi,5
kenapa kalo transfer pakai dana premium segala repot tau ga????,1
"bagus, simpel",5
sangat membantu,5
terima kasih dompet digital semua jdi mudah,5
baik,5
mantP,2
sangat cocok untuk di gunakan,5
good,5
👍👍mantap sekali dengan ada nya apeka ini tanpa terlalu ribet 😘❤️,5
"Bagus,cuman sedikit kecewa kadang kalau kirim kadang otomatis tanpa masukin kata sandi kesal",5
okkkkkkkkkkkkk,5
lumayan,4
Tidak bisa dibuka dana,5
luar biasa,5
mantap,5
bagus,5
apk jelek,1
sangat bermanfaat dan membantu,5
"sangat terpercaya.beli apa saja.kirim,pembayaran apa saja mudah",5
sangat membantu,5
sangat Oke,5
mantap,5
sangat mudah digunakan,5
Sangat bagus tapi sayang nya dana Cicil saya belum muncul,5
percuma dana cicil ada tapi gak bisa digunakan,1
bagus cepat prosesnya,5
ok mantaapp,5
mantap,5
sangat membantu,5
"aplikasi macam apa ni sudah 4 hari tidak bisa kebuka aplikasi nya,bug nya prah sekali.buat pengaduan ke cs sampe skrng tidak ada perbaikan di aplikasi dana saya,dana cicil tidak bisa di buka kecewa sama aplikasi dana sekarang",1
woi apk mu noh perbaiki masa gw mau top up pulsa selalu gagal tiap verifikasi muka aneh bgt dah,2
"bagus di gunakan,",5
"saya mau ganti ktp gk bisa, padahal udah minta bantuan ke dana siap bantu. dan selama 5 hari ini gk ada pemberitahuan tolong di perbaiki dan saat ini minta bantuan malah tiba bisa ngirim foto ktp, tolong di perbaiki",3
tolong muncul kan dana cicil dan dana instan di aplikasi dana saya saya pengguna hampir tahunan namun dana cicil dan dana instan tidak ada di aplikasi dana saya mohon di bantu untuk di muncul kan seperti pengguna dana aplikasi lainya terimakasih atas nama : FATHURRAHMAN terdaftar sesuai ktp,5
ngeleg nya parah euyyyy lierrrr,1
penggunaan sangat mudah,4
👍👍👍👍👍,5
terbaik,5
bagus,5
dana kebanyakan eroro.mulu,1
suka error mau beli plsa ma token cma kluar putih gk ada pilihan apa2,1
"respon Dana Lama, Dana cicil saya Ada gangguan saja Sudah 3 minggu tidak Ada tanggapannya",1
bagus untuk kirim atau simpan,5
bagus dan cepat,5
njay,5
jaminan 100%uang amann,5
mantap,5
sangat bagus,5
sangat membantu,5
sangat membantu dan mampa terimakasih Dana,5
mn ini faktur dana instan ko ngk ada,5
sangat bagus,5
susah untuk cek transaksi nyah padahal udah update,1
"CS Dana no response. Pengajuan perubahan nomor telepon sudah mengajukan setahun lalu via email, hanya dijanjikan untuk diproses tapi nyatanya nihil. mengganti nomor tidak bisa meski dicoba berkali-kali. menghapus akun juga gaj bisa. beda dengan gopay, yg memudahkan dan fast response",1
dana cicil saya gk bisa,5
"harusnya fitur transaksi otomatis itu tidak tiba tiba aktif untuk pengguna baru, saya jadi kehilangan sebagian saldo karena ternyata fitur tersebut aktif sendiri, pengembalian saldonya pun super duper ribet dan tidak efisien",1
bagus sangat membantu,4
uang sering ketarik,1
puas,5
sangat bagus untuk menyimpan uang,5
mantap,5
sangat membantu,5
Transaksi apapun jadi lebih mudah dan simple,5
"mantap , tp fitur dana cicil ngk ad...",5
terimakasih,5
good,5
mantap,5
DANA sangat membantu,4
sangat membantu,4
mantap,5
transaksi mudah dan lancar,5
sangat bermanfaat,5
mantap 👍👍👍,5
bagus sangat membantu,5
good,5
kebanyakan bag nya skrg udh ga enak dana sekrg,1
bagus,5
baik,5
bagus mantap aku sangat suka,5
ok,3
ok,4
sangat cepat kirimnya,5
Sangat bagus,5
membantu,5
buruk tidak bisa upgrade ke premium jadi saya uninstall,1
bagus,5
keren,4
bagus,5
bagus sekali,5
"ok sih,. praktis en simpel",5
mantap,5
bagus,5
puas,5
lemot saat pengiriman,5
bagus,5
bagus,5
Kenapa tidak bisa di buka setelah update....,5
bgus skali,5
mudah cepat ringkas,5
ok,5
bagus sekali dan sangat membantu,5
sangat bagus,5
sangat membantu,5
banyak bug kadang pembayaran lama,1
ada apa dengan aplikasi dana saat ini??? transaksi transfer dari mobile banking Bank BCA tidak masuk padahal sudah sukses tertranfer sudah di chace sesuai arahan tapi sampai saat ini dana tidak masuk,5
"dana berulah lagi guys,saldo saya hilang lagi ke 3 kalinya",1
nice,5
UANG BISA TRANFER SENDIRI YANG BENAR SAJA LAH. UANG TINGGAL ITU BUAT HARIAN MALAHAN HILANG. INI AKU MAKAN APA... NGOTAK LAH TIDAK ADA PERSETUJUAN MALAH UANG DI APLIKASI DANA HILANG PARAH EMANG INI APLIKASI NYA PADAHAL UDAH DI PREMIUM MALAH GAK JELAS,1
ingin apdet aplikasi baru,5
mengapa dana Sekarang tidak bisa didownload...biasanya lancar2 Sekarang bnyak ngk enak nya,2
baik,4
sangat membantu,5
mantappp,5
info dana cicil,5
mantap,5
sangat membantu,5
sangat Oke dan membantu di kehidupan ini makasi untuk aplikasi dana Moga tambah jaya terus dan sukses selalu,5
memudarkan transaksi,5
dana tolol,1
"aplikasinya mantap, proses pengirimannya cepat",5
bagus,5
sangat baik,5
sangat puas dengan aplikasi dana +,5
"apk yg kurang , dan bertele tele mengembalokan dana sajah , seperti dan hrs memohon , kita dijadikan kaya pengemis banyak bacot",1
bagus,4
lemot,1
ok,5
bgus,5
mantap,5
good,5
bagus,5
PENDUKUNG JUDOL MANA SUARANYA HAHHAHA... SAMPAH,1
sangat baik,5
mantap,5
sangat cepat dan akurat,5
"lambat kirim ke bank..kalah sama aplikasi buat isi ulang pulsa seperti mitrashope..apalagi kadang kena biaya 2500..,lebih bagus lagi gopay gratis",2
puas,5
tidak muncul dana pinjam 🗿,4
"Bintang 2 dulu.. Karna apk dana saya tidak ada menu dana cicilnya.. Padahal sering transaksi pakai dana, apk sudah diperbarui.. Tetep aja hasilnya nol.. Tetep tidak ada menu dana cicilnya.. Kacau kacauu !!!",2
ok,5
sangat bagus,5
udah ngalamin 2 kali tiba² gak pernah bayar apa² bisa ada transaksi sendiri bayar sendiri sampai 500rb,1
sangat baik,5
ok,5
berguna,5
sangat memuaskan,5
"tolong perbaiki apk nya, soalnya notif nya suka lambat",5
yaaa sangat membatu,5
senang bisa menggunakan aplikasi dana sebagai metode pembayaran dan transaksi lainnya. sayangnya saya belum bisa aktivasi fitur dana cicil sebagai metode pembayaran.😮‍💨,5
nggak ada bunga cair 🗿,1
bagus,5
bagus,5
aplikasi ini sangat bagus dan sangat praktis,5
bagus berguna juga utk transaksi usaha dagang,5
baik,5
nggk ada fitur dana cicil pake dana dari 2019 sampe sekarang,1
ok,4
sangat membantu,3
mantap banget lah pokoknya,5
tolong dong min bagian dana instan kebanyakan gagal terus pas mau penarikan dana instan,3
aplikasi dana sangat mengecewakan uang saya tiba2 hilang 800 rb jadi 0 bagi semua jangan pakek aplikasi dana lagi kurang aman,1
sangat bagus,5
succes,5
bagus sekali,4
👍👍👍🥰,5
sangat bagus,5
bisa kirim dana ke anak anak yang sedang kuliah,5
ka saya sudah mengaktifkan kembali Nomr dana saya untuk masuk ke dana karna meminta kode otp.. kenapa setelah Sya sudah mengaktifkan kembali Nomr yang sesuai Nomr dana..tidak bisa menerima kode otp via Whatsap atw pun via SMS.. tolong dibantu ka.. tks,1
bagus,3
mantap,5
bagus,5
bagus,5
DANA gak bikin kecewa. trima kasih,5
bagus,5
good,5
"saya sudah menggunakan aplikasi ini lebih dari 3 tahun , tetapi saat saya mengajukan dana cicil udah satu tahun tidak pernah di acc , alasan nya tak masuk akal aplikasi kere",1
udah tidak jelas aplikasi ini transfer di pending terus udah beberapa hari masih pending refund malah tidak bisa nyesel saya download aplikasi dana transfer sudah berhasil tapi blom ad duit masuk d bank gimana dah,1
GO digital...,5
ini aplikasinya knp kok gua gak bisa buka layanan lain dan knp qris udah gak bisa ambil dari galeri lagi gua kira ngelek tapi pas gua coba coba kok gak bisa tolong di perbaiki secepatnya,2
"aplikasi goblo*. mau buat laporan ke cs disuruh lampirkan screenshot, giliran mau lampirkan screenshot malah ga ada opsi nya. transaksi juga sering gagal mulu",1
bintang lah yang nilai,5
bagus,5
kenapa sekarang ada biayanya kl top up🤭😀,3
keren,5
bismillah semoga bisa berkembang,5
"Kenapa saya harus upgrade ke premium untuk hanya kirim ke teman? Tidak ada pihak yang bisa dihubungi, tidak ada customer service. Sangat buruk! Saya tidak akan menggunakan aplikasi ini lagi!",1
good,5
bagus,5
love love Dana mempermudah transaksi,5
pas saya lagi mau pakai halodoc malah ga bisa padahal lagi di keadaan penting,2
"saya. ingin menghapus A+ reward tidak bisa.dana saya kena hack,mengganti no dana saya menjadi nomor orang lain,untung saudaraa saya tidak A Al transfer,akun terhubung hanyaa A+ reward itu pun tidak bisa di hapus manual,hadeuh dana,tolong perketat keamanan,juga beri kuasa yang punya dana untuk menghapuskan apapun akun yang terhubung",5
uang tiba tiba ilang aja,1
sangat Membantu dalam Bertransaksi,5
bagus banget.......,5
memudahkan bertransaksi dengan mudah dan cepat.,4
sangat bagus,5
aman,5
dana saya tiba² ke transfer ke google tanpa ijin saya!!!,1
oke bisa di pakai kapan ajak,5
sangat membantu transaksi apapun 👍,5
bgus,5
Saya menggunakan Dana memudahkan saya dalam bertransaksi terima kasih Dana👍,5
DANA semakin terbaik,5
masa uang nya tiba tiba bisa hilang gitu kalo kaya gini terus lama lama unistal pindah ke aplikasi lain,1
ga aman mending di gopay,1
baik banget,5
fitur dana cicil gak ada,3
sangat membantu,5
👍🏻,5
sangat puas pelayanand nya,5
bagus,5
lambat banget,5
kenapa di akun saya tidak ada fitur dana cicil.padahal setiap transaksi pake apk dana ???,4
kenapa punyaku setiap aku isi saldo pasti berkurang 1500,3
bagus,5
mantap,5
sangatr baguss,5
puassssssss,5
bagus,5
mantap sangat membantu,5
tidak bisa mengembalikan saldo yang hilang,1
sangat baik,5
sayang nya akun saya belum ada fitur dana cicil nya,2
"sangat membantu,tpi sayang fitur dana cicil sya gak bisa dipakai pas darurat.jadi percuma.",3
bagus,5
aku tidak bisa menarik uang ya,4
"susah buat jual emas, eror terus gimana sih",2
Saya suka Dana..ga ribet.mudah dan efektif.,5
apk yang sangat bagus,5
Aplikasi Scan Bgadain acara cuma Ga Cair malah Kadaluwarsa,1
jos,5
sangat membantu,5
puas,5
aku suka bagus,5
parah gak bisa di download mentok 85% padahal penyimpanan masih luas,5
proses cepat,5
baik,5
suka banget dengan apk ini,5
Dengan menggunakan DANA transaksi lebih mudah,5
"Jika Dana sudah mendapatkan keuntungan luar biasa jangan lupa Zakat tidak banyak cuma 2,5 % hak fakir miskin & anak yatim 🙏",5
"saldo saya di sedot pembayaran gogle play , tanpa persetujuan saya , tiba² hilang saldo saya , gimana ini",1
1 bintang aja soal nya ga dapat saldo gratis🗿🗿,1
woi dana gw eror,1
bagus,5
sangat bagusss,5
gk usa download ni apk gk bisa narik saldo,2
ok,5
akun saya gak bisa login saldo ada 1jt nomor aktif pin lupa tapi sama sekali gak ada opsi verifikasi melalui nomor hp. di mintak verifikasi wajah terus tapi gak bisa wajah saya karna akun blum premium waktu buat nama nya juga gak ada tapi aneh nya login lewat verifikasi wajah.di tanya info nama pengguna ajah masak gak mau kasi pihak dana nya .?? sedangkan kita mau transfer ajh perlu tau atas nama siapa tujuan.terasa di curi/di tipu sama pihak dana nya aplikasi busuk,1
bagus,5
terima kasih ke pihak dana saya jadi gampang transfer dan tarik tunai gak pake ribet dan juga bisa beli pulsa sama token listrik juga dari aplikasi dana.,5
dana cicil ku tidak bisa ambil uang,5
pengen ada bukti tf untuk di bagikan,5
ok,5
"Tolong admin,di update terbaru ini di hape saya Infinix hot 50 4G ketika membuka aplikasi dana terus menerus crash,tidak bisa masuk login.. tolong solusinya",3
"kenapa dana cicil tidak bisa digunakan, padahal limit tersedia",5
semoga aplikasinya aman terkendali langsung di kasih bintang 🌟 5 nih,2
kok aku enggak terima kode otp padahal udah bener kok enggak masuk masuk kode otp ya,1
mantap,5
Lebih bagus kl pesannya bisa di hapus biar gak berat ke hp,5
sangat membantu dalam transaksi,5
gausah ngadain event berhadiah kalo hadiahnya ga cair cair gw dapet hadiah saldo dana ampek acaranya abis ga dikirim kirim saldo dananya ampek abis masa berlakunya padahal ada tulisan tertera paling lambat pengiriman hadiah 2 Minggu pasca festival selesai tapi udh 2 Minggu lebih festival selesai belum ada juga saldo yang gw terima,1
mantap dan bagus,5
ok mantap,5
kok tidak bisa diperbarui,4
dana cicil sdh lunas tp limitnya g bisa di gunkan,1
makin ksni makin GK jelas dana,1
keren bnget apk ny,5
"sumpah najis banget,kenapa sih dana suka banget bayar langganan tanpa konfirmasi dulu? paling sebel kalo mau ngajuin pengembalian dana, keterangan berlangganan nya ga muncuk di google play!!!! bisa ga sih di update lagi!!????? udah bertahun tahun loh,ga evaluasi apa ni aplikasi???? jelek.",1
aktipin lagi dong dana cicil sayah gak bisa di pakai limit tambain lah bertaun taun pake dana trus sayah tran saksi,5
sangat membantu sekali ..bisa bayar apa za dengan mudah praktis ..dan banyak lagi pitur pitur yg sangat bagus ..,5
keren,5
sangat puas,5
Dana transaksi apapun lancar.,5
Dana bagus sekali,5
memuaskan,5
"saya puas dan senang menggunakan dana,...",5
mntap,5
"tidak bisa klaim voucher, sudah hubungi cs bukannya di bantu malah di biarkan. burik kali csnya.",1
"aplikasi dana makin GK jelas .. saya punya limit dana cicil 400rb ,tapi tidak bisa di gunakan .sama ja bohong ..hapus akun dana",1
top,5
👍,5
nilai beli di game jauh dari aslinya,1
sangat baik,5
Lancarkan jalanya bosku,5
cepat dan tepat,5
aplikasi ini banyak membantu dalam bertransaksi. terimakasih,5
sangat bagus,5
oke selalu. . . .,5
bagus,5
sangat membantu . tidak ada potongan admin.,5
layanan yang optimal,5
mantap,5
ok sip,5
kenapa dana cicil saya tidak bisa di gunakan??? tolong di perbaiki dan di respon,4
bagus,1
"error mulu si alan, uda gitu force close aneh bgttt",5
ok sanget mmbatuuy,5
mantap,5
"ko saya ngelapor masalah traksasi masa jawabnya puter"" aja ujung""nya begitu begitu jga malah gk ad info lg buat balikin dana hadeh",1
dana sekarang tidak aman saldo mengurang/tranafer sendiri bosok,1
dana cepat,5
sangat membantu,5
"jika ingin mengupgrade di buat terlalu menyusahkan, berbelit-belit, banyak syarat",1
"jangan pake dana lagi dehh duhh uang gue ilang 600rb gatau juntrungan nya kemana, minta bantuan dari dana nya malah kaya gitu uang gue dibilang udh berhasil ke transfer ke Tiktok coin kan aneh sedangkan gue cek di tiktok coin gue semua gada transaksi apa"" huhh, tolong ddeh nih pihak dana tsnggung jawab ny",1
good,5
"maaf saya minta maaf sebesar-besarnya tolong kasih tambahan fitur tidak bisa verifikasi wajah atau kamera depan, gk semua headphone orang punya kamera depan,ribet tau mau transfer atau mau kirim uang tuh susah ,udh tau premium tapi segala verifikasi wajah",3
"Sudah melakukan pemindahan akun,Tapi Saldo nya Tidak Ikut pindah,sudah melakukan cara cara dari Bantuan Diana,Permohonan Pemindahan Saldo Sudah di Setujui,Tinggal Menunggu pemindahan,Sampe sekarang Blom Pindah juga saldo nya, Senilai Rp.4.050.000,padahal lagi perlu Duit kali ini,Masalah hanya karna Hp kereset,Truss mau masuk ke dana minta kode otp kartu sudah tidak aktif lagi.Kecewa banget lahh.",1
amanah,1
Mantap Sistem-nya NYAMAN pakai APLIKASI-nya,5
sangat menyenangkan nemake app DANA,5
masa isi saldo dipotonggg,2
Praktis,5
jangan kasih iklan dong,5
bagus,5
maaf ya aku kasar aku suka sekali dana makasih ya sistem,5
apk yg sangat bagus,5
sangat baik dan lebih mudah,5
good app,5
fitur dana cicil saya belom muncul² aneh loh pdhal udh lma mkai ni,2
bagus sekali,5
top,5
mantap,5
👍,5
bagus,5
"applikasi yg bagus banget, dengan applikasi ini bisa memudahkan untuk bertransaksi.... rekomen bgt",5
"Dana Goblok , masa saya top up di akun kecil malah saldonya pundah ke akun besar , goblok dana",1
okey,5
"saya tidak bisa melakukan transfer lewat kirim,katanya di suruh minta bantuan diana pas saya minta bantuan malahan ttp aja sama saya tetap tidak bisa melakukan transfer QRIS mohon dibantu untuk bisa saya melakukan transfer QRIS udhh 1 minggu lebih tidak bisa",2
pake dana simple mudah gak ribet ternyata,5
next proses upgrade nya lebih d peringkat lg ya... terimakasih..,3
bismillh mudah2 n aman terpercaya🫰🫰,5
mau liat riwayat transper aja susah nya minta ampun,1
keren bagus banget,5
makin praktis transfer lewat dana makin mudah utk pembayaran sukses dan jaya sllu,5
"cukup baik perlu di tingkat kan lagi ,",4
sangat bagus lancar amab,5
ok,5
sangat mempermudah 👍👍,5
bagus,5
👍👍👍,5
dompet digital yang sangat membantu transaksi online,5
mntap,4
mudah dan peraktis,4
dana sya yg skrng no TLP Bru data pribadi lma tp knp tdk bsa dana premium y,2
mantab.. sangat membantu,5
ok,5
keamanannya terjamin,5
aku sangat puas,5
harusnya ada simpan pinjamnya,5
"pakai aplikasi ini udh bertahun2,trs sudah tipe akun dana premium,tp.sampai sekarang fitur Dana cicil dan dana instan tidak ada kunjung,SEMOGA PARA NASABAH DANA PADA GALBAY SEMUA ,AAMIIN.",4
saya top up saldo kenapa masuknya lama banget padahal nonor bnr tolong perbaiki,2
event gajelas,1
saya tidak bisa menemukan menu dana instan di aplikasi Dana saya,5
ok,5
"sangat membantu sekali untuk saat ini,,",5
ok,5
makin gak jelas dana ini dana instan gak bisa di pake lagi,2
tolong pihak dana pemabayaran PBB kab Deli Serdang atas nama Togi nst sampai saat ini blm berhasil ..masih di proses,4
sangat membantu.,5
"saya beli paket internet Telkomsel bayar qris tapi paket nya gagal uang saya gak di balikkan padahal sudah minta refund dan buat laporan juga, kecewa berat sih, karena saya tiap transaksi pake aplikasi ini",1
akun saya ga ada pitur dana cicil nya,5
apk sangat membantu untuk transaksi,5
"apk tidak bisa di percaya , setiap hack atau dana yang hilang tidak tanggung jawab, Bahkan ketika verifikasi di aktifkan",1
kalau mau membership atau beli yang lain pembayaran selalu ditolak,1
Dana cicil saya sudah ada tapi tidak bisa di gunakan dengan alasan transaksi kurang. jadi tolong aktifin dana cicil di akun saya,1
sangat bagus,5
pernah nge bug ga bisa transaksi sama sekali,1
"Aplikasi dengan pelayanan customer service (Diana) terburuk. Saya melakukan transaksi top up e-money brizzi senilai Rp 50.000 tidak kunjung masuk setelah saya update saldo. Kemudian saya melakukan pengaduan me cs Diana tetapi pihak dana merasa transaksi itu telah berhasil. Saya coba hubungi cs Diana kembali untuk menanyakan kembali tentang saldo e-money saya. Tetapi tidak ada ""RESPON"" dari pihak Dana. Seolah olah saya customer tidak dihargai sama sekali. DAN BELUM ADA RESPON DARI DM IG DANA...",1
mantap,5
sangat membantu dan memudahkan,5
saya ingin jdi penguji Beta,5
sangat bagus,5
puas,5
ko blum bisa pke dana cicula,5
masa Allah keren,5
sangat baik 👍👍,5
aneh nih lama lama DANA masa saldo gabisa dipakai,5
bagus,5
keren,5
ga ada fitur dana cicil yg lain aja ada,1
dana masuk cepat,5
puas,5
ok,4
sangat bagus,5
tetep aja ga bisa tolong di bantu harus ada otp kartu SIM hilang,1
bagus,5
mntap,5
"pemindahan akun dana premium gagal ,dan menunggu 90hari . tidak ada penjelasan yang memuaskan . ingin berbicara dengan customer service tidak bisa , selalu system digitak yang menjawab . sangat tidak membantu . prosedur yang rumit .",1
"ngisi pulsa,pulsanya belum masuk,dananya dah kepotong pke fitur bantuan diana,dikasi arahan 2 nomor,telpon sma wa tapi dua duanya ga kedaftar",1
dana saya raib 300 rb,2
aplikasi terbaik,5
mantap lancar2 aja tolong ditambahkan poin dan hadiah2 lainnya. tq,5
memuaskan,5
bagus,5
dana cicil nya dong kasih aktif,5
baik,5
blum ada dana cicilan,5
maunya ada gratis langsung berupa uang Min,5
good,5
"disini kenapa login akun yang udah ga ad no hp nya tidak bisa saya kecewa ,padahal pin nya udah bener tapi malah disuruh verifikasi no hp , sayang bngt saldo saya ga bisa diambil karna fitur ini",2
"danapun jangsn sampai menyusahkan rakyat kecil, karena yg pake aplikasi dana adalah rakyat kecil. kalo masih ada admin menyusahkan.mending hapus saja aplikasi ini. karena yg merugikan yg serupa sudah terlalu banyak.paham kan !!",5
saya top gopay 50k biaya adminnya.Rp999 rupiah tapi yang masuk di saldo gopay 49k..yg bener aja padahal udah kepotong di saldo dana Rp999 di awal ...jadi klo dihitung 2x adminya ... gk beresss ini dana..,1
senang bnget bisa mnggunakan aplikasi dana .. aman dan trpercaya,4
bagus dan membaun sesuai keinginan dan harapan,5
"aplikasi jahanam, mempersulit hapus akun padahal tidak ada sangkutan , sdh klik hapus akun, sudah di kasi alasan masih belum di hapus.",1
bagus,4
Cukup bagus karena semuanya lancar untuk transaksi hanya tambahkan dompet atau fitur tabungannya untuk memisahkan. antara uang umum dan tabungan.,4
Bagus,5
"aplikasi e wallet yg sangat mudah praktis dan aman untuk bertransaksi belanja maupun transfer, saya suka",5
gua ngirim kode ga masuk masuk pas akun di batasi buat ngirim kode nya besok baru masuk kode nya tolol bet,1
mksih dah membatu,5
knph yah dana cicil saya ga bisa di akses padahal transaksi hampir tiap hari tapi tetep ga bisa padahal udah premium trus ruti update aplikasi,1
hp opoa37 gak bisa buka,5
"puas saya menggunakan dana ini, mantap",5
"Untuk aplikasi Dana saya mohon bantuannya saya sudah coba melalui gmail, Chat di aplikasi Dana dan instagram yang sesuai dengan perintah Diana/CS Dana. Baru tahun sekarang bulan mulai bulan Juni hingga saat ini uang saya anda potong secara langsung dengan alasan ada cicilan yang harus saya lunasi padahal saya tidak pernah mencicil apapun. Tolong bantu selesaikan ini. Karena saya sudah bingung sampai bulan Agustus 2026 belum ada solusi dan bunga yang makin membesar.",1
sangat membantu untuk bersedekah ke saudara kita yg membutuhkan,5
Udah MANTAP,5
dana instan saya tidak bisa di pakai padahal transaksi lancar dan normal mohon bantuanya,2
"saya sangat kecewa sekarang aplikasi logout sendiri,dan mau masuk lagi gak bisa karna harus verifikasi wajah,sedangkan kamera depan lagi bermasalah,seharusnya ada verifikasi selain verifikasi wajah,",2
Bosok tidak dapt d akses,1
dana instan tidak bisa digunakan..menunggu verifikasinya lama gak kelar2..,5
eMas nya tidak bisa di akses,2
Akun saya kenapa masih tidak bisa di gunakan semua jenis transaksi?,2
bgusss dan efektif,5
aplikasi ini suda mengelapkan uang saya . saya sudah mengajukan pengaduan tetapi sampai sekarang tidak ada penjelasan ya. giliran di tanya pura2 begok semua dan sistem ya pada eror semua,1
bagus dan sangat membantu,4
suka,5
ntap,5
sangat membantu bertransaksi,5
mantap banget,5
sangat baik,5
SANGAT MEMBANTU,5
nice,5
"Selain ada fitur dana instan dan dana cicil, tolong adakan lagi fitur pinjaman.",5
dana sekarang gk protek kyk yng dulu masak yng lain dana cicil keluar saya gk keluar,1
bagus tapi uang saya hilang 8rb dan ada notif berhasil beli capcut template,2
bermanfaat,5
bagus,5
tolong dong admin kenapa ga bisa transaksi padahal udah premium tapi kalau tranfer harus upgrade lagi,2
woi bro.gw mau akif in dana akun lama.gw udah pencet lupa pin.suruh ganti nomor yang akif.gw disuruh masukin otp.lah mana gw bisa dapat otpnya.nomor kagak aktf/sudah hangus. trus gw tanya ke diana lu tu.petujuknya cuma muter muter doang kagak bisa jelasin. gw mau tanya ke cs.gimana caranaya? bukan ke diana laknat yang elu buat.,1
"ternyata dana tdk aman, google mengambil uang tanpa persetujuan di layani, kecewa karna sudah 2x uang habis tanpa persetujuan pemilik 👎",1
baik,5
mohon keamanan nya di tingkat kan 🙏,2
bagus,5
"membantu SE x, ada dana cicil, buat kebutuhan mendesak",5
good,5
"aman, praktis & cepat 👍",5
dgn ada aplikasi DNA sanggar membantu 🫶,5
"dana aplikasi buruk , masak saldo tiba2 ketarik lazada tanpa persetujuan yang punya akun",1
kok dana saya ngak ada dana cicil nya sih padahal saya udah lama make dana,2
iya,4
baik,5
kenapa ya punya saya tidak bisa tarik saldo kaya leg begitu padahal jaringan saya bagus,2
Bagus sangat membantu....,5
"gak jelas ni aplikasi, saldo bisa hilang tanpa masukan pin",1
mantap,5
mantap,5
tiba² aja nggk bisa transaksi.. cs nggk bisa memberikan jawban.. telpon dana care tidak bisa di hubungi.. saldo saya tertahan dan tidak dapat di gunakan untuk kebutuhan!,1
mantap,5
bagus sekali,5
dana instan tidak muncul di aplikasi,5
terimakasih dana 🙏semua kebutuhan apapun bisa lancar,5
"ambil cicilan aja kayak orang kelaparan,giliran pindahin saldo di akun yang lama ke yang baru gak becus.. gak kayak tarik cicilan....ciuh",1
"kalau ada masalah dan CS virtual gabisa ngasih solusi, inbox aja Instagram DANA, kemaren saya begitu, Alhamdulillah direspon 👍",5
"beli pulsa ga bisa, cek transaksi ga bisa. suka lama nambah saldo nya klo top up. sekarang tambah lelet, suka ga bisa transaksi. tolong dong min benerin, jangan mengecewakan para pengguna.",2
sangat good,5
oke banget,5
terbaik dana memang,5
apk pepek ngadain iven selalu scam,1
baik,5
ok,5
mantap..dan saya sangat senang memakai apk dana.,5
lumayan lah,3
Terima kasih atas perhatiannya,5
"voucher dari event piala Dunia gak masuk, padahal udah dapet voucher 25 ribu",1
"hampir 4 bulan qris saya ga jadi jadi, apala di suruh chet tapi kaga di balas2",1
ok,5
klo komplain selain ke Diana ada yg lain gak ya soalnya dana saya gak bisa upgrade,5
bagus,5
Selalu transaksi pakai dana..aku sukaa...mudah dan gak ribet. tapi knapa untuk menggunakan dana aku harus terkoneksi ke wifi padahal kuota tersedia? tolong bantu,5
"saya kecewa dengan sistem dana ini, sudah pemakaian lama dan premium transaksi hampir setiap hari, tapi tidak pernah muncul fitur dana cicil nya,",1
mantap membantu sekali,5
"saya sudah lama menggunakan aplikasi dana, sudah premium juga, transaksi hampir di setiap hari, namun tidak pernah muncul fitur dana cicil nya,",2
Hati-hati untuk kawan yg mau pakai aplikasi dana jangan menyimpan uang karena baru saja saya kehilangan saldo dan pihak dari dana tidak bertanggungjawab,2
sangat mantul...,5
kenapa DANA CICIL di akun DANA saya tidak ada,5
"gangguan mulu, ga bisa bayar tagihan air PDAM",1
aplikasi nya bagus,5
bagus sekali,5
ok,5
kenapa gk bisa masuk,5
bagus simple buat di gunakan membantu banget,5
dana cicil tidak bisa digunakan,1
baik,5
ok si,5
gimana ini teh gak bisa masuk aplikasi dan selalu ada tulisan koneksi terputus padahal jaringan baik tolong di perbaiki,5
Jos,5
bagus,5
𝒃𝒂𝒈𝒖𝒔,5
proses transaksinya cepat,5
update aplikasi 2025 ke atas ada beberapa kontak yang gak kebaca,1
mantaaapp,5
maaf saya beri bintang 1 pasca Saldo sy hilang di curi tuyul digital lewat transaksi ilegal,1
sangat membantu sekali,5
"ada yang tahu tidak , kenapa saya tidak bisa menggunakan dana cicil ? sedangkan saldo tersedia 500.000 tapi tidak bisa di gunakan",2
mkaih sudah memudahkan segala urusan,5
"kecewa banget sama dana, semenjak buat qris di dana setiap ada uang konsumen yang masuk harus ditangguhkan terlebih dahulu baru bisa ditarik di kemudian hari, padahal itu uang berapapun nilainya sangat berarti bagi kami pedagang kaki lima yang lagi merintis untuk memutarkan modal, kalau di tangguhkan gimana kami mau jualan di kemudian hari? lucu bgt wkwk",1
sangat membantu dalam transaksi,5
PLN mobile untuk pasang baru dan tambah daya. bisa di gunakan di mana saja.. dan mudah ok,5
Ada Aplikasi Dana Transaksi lancar,5
halo dana cicil saya gak bisa di pake KA. mohon di oeriksa,3
jujur sukak,5
semenjak update atau apalah tidak bisa scan qris jika dpi nya 500an padahal dulu bisa tolong dong perbaikin، ribet jadinya harus turun dpi dulu,1
"terbaik fitur dana cicil ga bisa di gunakan padahal udah lama ada bisa kebuka tapi ga bisa di gunakan mulu aneh tapi saya sudah dua kali kehilangan saldo tanpa melakukam transaksi dan tidak bisa kembali,walaupun sudah mengajukan pengembalian uang ttp hangus dan selalu ada indikasi mengalami penipuan pqdahal saya tidak pernah mengasih kode ot p ke orang lain dan tidak pernah meng klik link yang mengatas namakan dana agar bisa mengakses fitur yg belum bisa di gunakan",1
mantap,5
saya sudah dana,5
mantap,5
"saya transaksi malah gak masuk, padahal saldo di aplikasi DANA saya sudah berkurang, dan cs juga pengerjaannya sangat sangat lama",1
Sangat bagus skali,5
"Alhamdullilah selalu pakai dana hari demi hari walau score lagi turunnya ttp di acc gak kayak wallet sebelah medit padahal itu di kredit koran atas nama bapak saya bukan saya aslinya kredit saya normal positif vibes. sangat membantu sekali dikala nganggur disetujuinya cepet tahu prioritas&minoritas, bangga pakai dana👍👍👍🥰🥰",5
cepat,5
sebagai asisten keuangan,5
dengan dana sangat mudah tidak ribet,5
"3 juli 2026. Tolong diperbaiki, makin diupdate koq malah makin parah. Buka aplikasi lama, buka fitur aplikasi kadang tidak respon.",3
besty,5
baik,5
sangat bagus,5
bagus,5
bagus,5
sangat memuaskan,5
sangat membantu...,5
kecewa aku sama aplikasi dana yang sekarang jika akun yang sebelum nya udah mati lalu daftar lagi KTP sama sudah gak bisa sunggu kecewa sekali. lh ap ngak terpikir oh mungkin nomor nya mati atau ap nya mati ganti hp gitu kok sekarang malah di buat akun ganti sudah gak bisa di daftar kan atau di buat premium mohon di perbaiki jika mau penggunanya nyaman keamanan keamanan tapi ya tolong kerja sama nya biar yang pakai nyaman kalau sudah kayak gini yang sudah akun nya ganti gak bisa daftar kan?,3
ok,5
ok,5
cepat respon... proses kilat.... mantappppp,5
cepat dan simple,5
sangat bagus,5
mantapp,5
aplikasi ini apa benar bagusy,5
mantap,4
enak poll,5
ok,5
membantu banget memudahkan untuk mengirim uang,5
"aplikasi dana tolong diperbaiki lagi ka saya sudah tf ke orng.. dan orng minta bukti tf nya saya buka aktifitas transaksi saya gk bisa gambar putih nge bug, bahkan buka inbok aja susah lemot banget, buka inbok uang keluar masuk juga susah di bukanya gambar putih di ss aja gk bisa pembatasan.. .sampai gk percaya kalo sudah saya tf karna bukti transaksi nya gak bisa di kirim apa lagi di buka",3
sangat membantu,5
". thanks,, sangat sangat membantu",5
sangat membantu,5
aktifkan dana instan,4
Alhamdulillah bisa terbantu untuk belanja .. manfaat dana .mksh bnget,5
menu lengkap,5
transaksi cepat dan mudah,5
mudah dlm bertransaksi,5
adminya kecil mantap,4
"puas,bagus,cepat",5
sangat bermanfaat sekali..👍,5
mantap,5
good,5
bagus,5
aku kasih bintang 3 dlu krna dana cicil nya ga bisa di gunakan,3
puas,4
sngat baik,5
dancil gakelas,4
sangat baik,5
baik sekali,5
bagus,5
mantap,5
"sangat mempermudah transaksi apapun, bayar tagihan, trnsferan dll.. terimakasih DANA, sudah sangat membantu mempermudah segala transaksi saya.. 🙏🙏 semoga semakin meningkat dan maju pelayanan nya🙏🙏",5
Trimaksih,5
"hati2 pakai DANA, tidak aman dan tidak bertanggungjawab, sampai sekarang pihak dana tidak mau bertanggung jawab atas hilang nya saldo nasabah,,, untuk kalian yang akan menggunakan DANA, sebaiknya jangan, ada permainan di DANA, uang bisa hilang, dan pihak DANA tidak mau bertanggung jawab,sudah banyak yang kenak,,,hati2,,,",1
good,5
"ih worth it untuk kebutuhan sehari hari menurutku hehe,ak suka❤️",4
mantap,5
sangat membantu untuk bertransaksi🤩👍,5
knapa akun saya saja GK di kasih dana cicilan,1
bagus,5
bintang yg bicara,5
mantap,5
cepat dan bagus tf nya,5
lancar transaksi,5
OK,5
👍🤓,5
dana cicil saya tidak bisa digunakan,5
"sudah 2x transaksi, tapi tidak ada uang yang masuk. pembayaran sudah berhasil, nomor yg dituju sesuai, nama penerima juga sesuai dan transaksi sudah berhasil, tetap tidak ada dana yg masuk. segininya cari uang...👎👎👎 by dana...wellcome seabank",1
sangat baik aplikasi dana terus tingkatkan ya pengamanan nya,5
Aduh gimana ya cara mau masuk dana saya,4
bagus,4
Duit saya kan ada 40-an tiba tiba kesedot dan sisanya jadi cuma 20-an padahal saya tidak melakukan transaksi apapun!!!,1
sangat membantu transfer semua aktivitas,5
sangat bagus,5
"sy kecewa sm Dana knp sy TDK lengkap fitur dana cicil tmn"" Pd punya semua padahal sy pengguna lama dr pada tmn"" sy gak masuk akal caranya",1
DANA memang oke punya,5
sanggat memuaskan,5
aplikasinya sangat membantu mks Dana.,5
the best pokoknya,5
👍👍,5
jadi terbantu,4
sangat membantu,5
ka kenpa ya dana nya mental trus udah mau 2 hari,1
Memberikan kemudahan dalam teransaksi,5
menarik,5
sngt baik 👍,5
baik,4
"sangat mempermudah dalam segala transaksi dari bayar belanja, transfer ke bank Dan bayar kegiatan lainnya",5
baik,4
Sangat bagus aplikasi ini 💖,5
kok diambil sih uang ku dari.29 ribu menjadi 10 ribu yang tertinggal,3
transaksi gercep,5
trima kasih udh hadir dalam hidupku,5
pokonya the best,5
mantap,5
puasa,5
bagussssss,5
sangat bagus,5
aman,5
apk jelek ga guna error,1
good,5
ga ada paylitr,5
dana keren,5
baik,5
bikin riwayat transaksi reksadana yang bagus seperti bibit jangan dicampur,5
Terbaik!,5
Dana terbaik sepanjang masa,5
saldo cicilan,1
sangat mudah dan aman,5
dana cicil nya di tambah,5
tolong dong dana saldo saya hilang 150.000 padahal uang itu mau buat bayar sekolah tanggung jawab ya kayak aman ini untuk anggota dana bisa kah di bantu,2
enak buat nabung,5
dana cicil sama dana instan ku kok ga muncul punya orang-orang pada ada semua padahal kalo transaksi di dana terus. di update udah masih aja,3
sangat bagus,5
cara supaya bisa pake dana cicil gimana ya?? di akun ku ga ada dana cicil soalnya.,1
baik banget,5
iya,5
gak ad fitur dana cicil pdhal transaksi gede terus dan gapunya cicilan di apk manapun aneh,2
"untuk sekarang saya kasi bintang 3 dlu la,,soal ya saya udh menunggu selama 30 hari ,,tapi piktur dana cicil nya belum juga muncul,,tolong di perbaiki dlu la bosku untuk akun dana saya knpa fitur dana cicil nya knpa blm muncul juga ,persaratan yg di beri udh saya penuhi semua",3
bagus,5
ok..tapi dana cicilan y belum ada punya saya buat ajukan keridit,5
mantap,5
bagus,5
kenapa saya selalu gagal memindahkan akun dana premium ya,1
dana cicil saya gk bisa di pakai beli pls knp dgn dana cicil limit ad gak bisa dpakai mending hapus aj klu gk bisa limit di paki,4
sangat membantu,5
saya mau hapus akan DANA tolong dibantu,1
lumayan,5
"belum pernah minjam tapi fitur dana cicil tidak tersedia pdhal baru di aktifkan, sedangkan kawan saya baru aktifkan dan cicil langsung bisa di pakai gimna dah ?",3
mantap,1
mantap,5
bagus ja,3
yng kurang nyh akun saya GK ada danacicil nyhka,5
apk nya sangat bagus tapi syg dana cicil sy ngk ad muncul makanya aku beri 3 bintang aj,3
ok,5
ga bisa di pake dana cicil nya bos,1
apk luar biasa sangat mudah di gunakan untuk transaksi sehari hari,5
tidak ada konfirmasi transaksi pembelian,1
gak asik dana cicil sy tidak bisa di gunakan padahal limit nya ada,4
Gw.kaga bisa masuk.setiap mau masukin.no hp kaga bisa mulu.kenapa ya,5
aplikasi terbaik,5
tolong dong fitur dana cicil dan dana instan nya jangan di persulit,5
👍👍,5
"fitur dana cicil tidak muncul padahal limit saldo hampir 10jt,dana sudah di pake 2 tahun",1
mohon aktif kan dana cicilan pada akun dana ini,4
mantap,5
dana saya tidak pernah muncul fitur baru,1
bagus,5
bisa,5
bantu dong dana cicil saya gak bisa di gunakan padahal limit masih ada,5
sangat membantu,5
baik,5
sangat mudah untuk dilakukan,5
aku kasih 5 bintang baut aplikasi ini,5
bgus,5
sangat cocok,5
Bagus,5
"Parah aplikasi Dana ini, operator pelayananya trllu mencekik biaya nya buat TF ke bank - bank lainnya,biaya admin nya besar bngt tolong diperbaiki layanan operatornya",1
bagus,5
jam 1.11 parah,1
bagus berguna,5
bayar listrik ko ga bisa,5
"dana kyk kurang aman gitu, selalu ada notif akun lain mau masuk keakun ku. cek lagi dong keamanan nya, apa banget coba",1
keren,5
sangat puas Dan bermang paat pula,5
Walaupun fitur Dana Cicil belum ada tapi saya semangat ber-transaksi Di aplikasi ini !! Rating nya mantep deh saya kasih bintang 5,5
kenapa aplikasi dana ku gak ada dana instan nya ya.,4
Alhmdllah bagus tapi sayang dana cicil nya dapet kecil,5
oke banget,5
bagus,5
"tranfer uang cepat, aman dan terpercaya",5
bintang lima AJ iya min iy,5
mantap,5
Kenapa saya di persulit buat daptar premium ....Sya ganti nomor.soal nya nomor lama hilang terus saya mau scan ngga bisa katanya premium dulu trus saya premium kan malah kalian telak trus udah brp ktp ....saya mau ambil uang syaa kalian persulit ..dasar maling kalian,4
sedikit lumayan ok saya suka,4
lumayan,5
mantap,5
sangat bermanfaat,1
sangat membantu saya,4
sangat ok,5
sangat membanti,5
"fitur dana cicil tidak jelas, masa bayar tidak pernah telat, dan cicilnya tidak bisa digunakan lgi",4
terbaik,5
kanapa gak keluar ya dana cicil nya,2
kok gk bisa di buka,5
pokok nya buat APLIKASI DANA mantap👍👍👍,5
"mudah2an bisa gunakan dana cicil nya,kok punya ku aktivitas gagal terus",5
tidak pernah gangungan,5
kenapa sih pas masukin id PLN harus d sensor nama pemilik id PLN nya. kan kami jadi susah verifikasi ke pembeli. kalo hanya kluar inisial aja.,3
Sangat baik,5
mantappp,5
e wallet pling tidak aman dri yg lain,1
"hilang saldo saya & saya kapok pake ewalet dana karna saldo hilang atau tidak sampai saat tranper ke rek dana saya,saya punya bukti bukti kalo saldo saya hilang serta tranper tidak masuk akal saya ser kesemua pengguna dana agar menutup ewalet dana karna saldo hilang dan saya akan kasih tau semua pengguna dana lain nya agar tidak nabung Inves di aplikasi dana banyak kejadian saldo hilang",1
sangat membantu,5
aplikasi nya mantappp.. tpi dmenu dana cicil punyaku ga ada minn,5
Dana cicil saya tidak tampil,5
ok,5
oke,5
"saya sudah bertahun"" Makai ni akun dana kok gak ada fitur dana cicil nya?",1
kenapa saya tidak dapat tiktur dana cicil padahal udah bertahun2 pakai buat transakasi pakai dana,1
kenapa dana bisa melakukan transaksi mengeluarkan saldo tanpa sepengetahuan saya dan kenapa saat saya komplain uang saya tidak dapat dikembalikan,1
"Diana adalah fitur Dana tak berguna , makanya namanya ""Diana""",1
sangat membantu,5
sangat membantu saya senang dan suka,5
sekrg dana parah masuk GK bisa,1
ok,5
good,5
kadang dana cicil ga bisa di gunakan,4
baik la,5
lumayan membantu,4
mantap,5
luar biasa,5
apk mantap,5
puas,5
ok,5
maaf udah aman LG sy ksh bintang 5 mau ksh bintang 7 TDK ada,5
sangat cocok digunakan,5
sangat membantu,5
mantap,5
ok,5
dana cicil tk bisa di pakai lagi,5
aplikasi Dana emang the best..,5
Top,5
Bagus Banget❤,5
makin bagus mantap,5
sangat mmbantu sekali👍👍👍,5
aplikasi eror,1
memang bagus apk ini,5
sangat bagus sekalih,5
"fitur dana cicil tidak bisa digunakan padahal semua tagihan sudah dilunasi, hal tersebut sangat membuat saya kecewa",1
"The entire application process was incredibly easy, the interface was simple, the approval process was fast, and the funds arrived promptly. The entire experience gave me peace of mind and I sincerely recommend it to anyone in need of funding.",5
apk terbaik,5
knpa gda dana ccil,2
mntap,5
aplikasi mantap betul,5
👍👍👍,5
"apk scam,banyak nipu,skrng² saldo suka ilang sendiri,mending pindah ke pay orenge",1
sangat bagus,4
Bagus,5
dana cicil,4
bguss polll,5
keren,5
baru memulai,5
Sangat simpel menggunakan aplikasi dana 👍👍,5
"sangat membantu,aman dan terpercaya",5
sangat bagus sekali,5
saldo saya tiba2 dipotong 100rb...entah kemana hilangnya.udah lapor cs lewat gmail.udah chat diana.udah hubungi no tlp cs.tapi tetap tidak ada tanggapan apapun.hanya di suruh nunggu dan uang pun tidak pernah kembali.sistemnya jelek.....,1
lebih aman dan bisa menyimpan sampe 37jt,5
top,5
aplikasi judol,1
sangat bermanfaat makasi dana 🥰🥰,5
"MEMANG BENAR APLIKASI DANA , SANGAT MEMBANTU SY UTK SEGALAHAL TRANSAKSI , GRATIS GRATIS GRATIS , BOS KU",5
aplikasi nya bagus buat transaksi harian dan aman,4
sangat bagus,5
dana cicl saya tidak tersedia,3
istimewa,5
best of the best,5
sangat memuaskan,5
saya maau updet ke dana premium kok ga bisa terus ya.mhn di bantu ya agar proses nya mudah,1
belom coba,5
mantap,5
"saya tidak punya tagihan knapa dana cicil saya tidak bisa digunakan, sedangkan transaksi saya sudah melebihi limit. jngn gunakan aplikasi dana, saya tidak punya tagihan dan selalu transaksi satu bulan bisa 7 juta paling tinggi 32 jta, tpi dana cicil tidak bisa digunakan. masalah sudah ditanyakan tpi ribet, harus ke gmail, gmail di oper ke Diana.. lempar pertanyaan, trus saya mengadu kesiapa, kalau dua2 nya lempar pertanyaan.. aplikasi aneh. semua persyaratan udah saya lakukan tpi masih tidk bisa",1
sangat membantu bertransaksi,5
sangat bagus,5
Lemoootttttt BGT,5
Perfect is PARIPURNA79 poin JNS & 3JLB guys..!!!,5
oke terima kasih,5
bagus,5
ngga bisa di unduh,1
mantap membantu,5
kenapa ya dana saya nggak bisa d bukak malam ini,1
tiba tiba beli koin tiktok tiba tiba transaksi sendiri tau tau kepotong semua 2 kali saya gitu dana sekarang kacau,1
sangat membantu,5
bagus,5
saya sngt puas dengan dana. TPI top up bsar juga potongannya 🤦,5
mantap,5
apk dana sangat membantu,5
jangan instal apk ini..kita uda nasabah lama tapi disusahkan untuk memakai kemudahan..tolong admin akun saya di hapuskan..tolong data2 saya dihapus..kata temen2 ini apk tidak aman,1
saya pengin dana cicil,5
Tidak bisa tarik dana cicil. Kenapa?????,5
perbaik Iki dulu apk dana nya ini...kok makin ke depan makin bobrok,3
akun nya bagus,5
mantap,5
"Sangat kecewa dengan layanan DANA Bisnis. Bagaimana cara mengubah nama bisnis? Saya sudah mengajukan perubahan nama selama berbulan-bulan. Setiap bulan saya mencoba sesuai batas pengajuan yang tersedia (2 kali), tetapi sampai sekarang tidak pernah ada respons atau kejelasan mengenai status pengajuan. Yang lebih mengecewakan, sangat sulit bahkan hampir tidak bisa menghubungi customer service untuk meminta bantuan. Akibatnya, masalah ini tidak kunjung selesai. Semoga DANA segera memperbai",3
jos dg apl ini,5
"kenapa aplikasi dana punya ku gak bisa di buka ya, tolong bantuan nya kak",5
"ini tampilan dana gmana, buka qris ngebug, gak bisa buka galeri, susah banget tolong benerin lagi dah",1
jaringan lancar tpi gk bisa login dengan notifikasi jaringan kurang setabil sudah clear cacahe tetap saja susah,1
DANA CICIL GAK BISA DIPAKAI!!!,5
"aneh tiba2 ada tagiahan dana cicilan mau transaksi beli token,uang ada di dana tiba2 pindah halaman cicilan,dan tagihan,dah mah lg butuh buat token,kacau breee",1
sangat membantu sekali terimakasih banyak pokoknya,5
payah nggak muncul muncul dana cicilnya,1
kekurangan nya gak ada dana cicilnya di apk dana saya ni,2
mantap,5
sangat memuaskan,5
siip,5
bagus,5
ok,5
Instan,5
wow bgt suka,5
bagus pake dana jadi ngga ribet,5
sangat memuaskan,5
kalo mau lakukan pembayar itu harus nyah konfirmasi dulu lah udah berapa kali kaya gini apk ga jelas lagi gada uang ada ada ajah ga jelas sumpah lama lama pindah ke gopay,1
puasass,5
tidak bisa login,5
kenapa saya tidak bisa download dana padahal sudah sering download tapi kali ini tidak bisa,5
fitur dana cicil belum ada tempat saya,5
aplikasi ini sangat membantu buat saya,3
jos,5
Terbaik♥️♥️♥️♥️,5
sdh penguna tapi blm tersedia dana cicil,1
ok,5
baik sekali,5
dana cicil saya tidak bisa di gunakan,4
dana saya eror gak bisa buka buat bli pulsa smua nya gak bisa slain ngirim uang aja yg bisa yg lain gk bisa gi mna solusinya,1
udah bertahun2 gunakan dana dan sering melakukan transaksi ..tapi dana cicil tetap ga bisa di gunakan (aktivasi gagal) terus live chat minta bantuan juga ga bisa di bantu ...malah di suru coba lagi tapi tetap ga bisa.... sangat buruk dan pelayanan live chat nya juga percuma ga membantu,1
terbaik,5
mantap baget dana makin cepat dan aman buat tranfer nyaman,5
luarbiasa,5
"kenapa tidak ada fitur dana cicil, padahal udab sering transaksi",4
aangat membantu,5
dana cicil tak bisa dipakai,1
jg donlowod dana kalaw kaga mau seperti sayah saldo sayah hilang terus pihak app gamau tagung jawab buat kalian kalaw mau taro duit jg di dana penipuan mending di ATM bank ajah jg di app dana ntar seperti sayah kaga mau tagung jawab buat kalian seruruh indonesia sayah kasih tau ajah biar sayah ajah yg kena tipu di app dana iah kalaw bisa jg dehhhh kasih sama kalian,1
bagaimana cara mendapatkan fitur dana instan,5
"tolong untuk pembayaran nontaglis nya bos, sudah beberapa bulan perbaikan terus",3
manataaaap,5
sangat puas,5
"aplikasinya mudah dibobol!!!!.. ibu saya kehilangan uang padahal tidak melakukan transaksi apapun. dn ketika menelfon ke Callcenter nya jawabannya berbelit, sma sekali tidak membantu",1
baik,5
saya cmn mau kasih info bahwa aplikasi dana sudah tidak aman untuk di gunakan.. bukan saya mau menjatuhkan tpi saya sdh mengalami hal yang sama berulang kali.. saya pernah topup dana sebesar 500rb dan saya gunakan hanya 100rb besok nya dana saya habis saat saya cek aktivitas rupanya ada yg belanja mengunakan aku atau dana saya.. tpi saya masih sbr di karnakan saya berfikir jgn karna kesalahan saya.. tpi rupanya bukan kesalahan saya.. karna baru hari ini terjadi lgi.. kepada saya.. saya kecewa,5
sangat bagus dan Baik goood dana,5
baik,5
mempermudahtransaksi,5
baik,5
sangat membatu,5
bagus,1
simple dan mudah pake dana,5
sangat bagus,5
semoga makin berkembang .. jangan sampe bug terus terulang ...,5
mantap,5
oke banget secara transaksi dan keamanannya. almost perfect so far. minusnya di UI nya aja kadang lama atau ga ke load dengan baik,5
ok baik cepat dan mudah ber transaksi,5
sesuai harapn,2
bayar paket ribet,4
bagus bagus,5
bagus,5
"saya buat laporan tentang saldo yang tidak bertambah waktu top up padahal transaksi nya berhasil tapi saldo dana tidak bertambah, waktu pengajuan laporan lagi sering di berikan pertanyaan yang sama tapi tidak ada tindakan",1
nice,5
"saya baru baru kehilangan uang dan ada di inbox transaksi yang sama sekali saya tidak lakukan padahal itu uang saya simpan dri hasil parkir dan yah hilang begitu saja, dari sore saya melaporkan dan jawabannya itu ktu aaja!! saya kecewa dengan aplikasi yang tidak ada pergerakan cepat untuk kliennya yg kehilangan saldo!!! saya ikhlas dan saya tidak akan pernah mau pake ini apk , bukti bukti pun saya foto untuk simpan dan beritahu ke tetangga lainnya bahwa apk dana kni sungguh sangat mengecewakan",1
"ini gimna sih, top up 4,9 jt belum masuk, tolong lihat ulasan saya ini",1
"gak bisa isi token woii, bacaan 'Lainya' gak ada fiturnya",2
oke,5
bagus banget jadi gampang mau transaksi teh,5
tolong terlalu lama eror nya mohon segera di perbaiki biar transaksi lancar lancar,5
Jozz jizzzz aplikasinya,5
sangatvbagus,5
sangat puas,5
sangat Tidak rekomen di download semalam tanggal 1 Agustus 2026 uang saya hilang secara tiba tiba sekitar 190 ribu rupiah di aplikasi dana ini terjadi transaksi secara tiba tiba untuk TENET APPS dari google bahkan tanpa sepengetahuan saya. untuk aplikasi dana ini sangat tidak rekomendasi untuk menyimpan uang di sini bahaya.,1
bagus,5
sangat bagus,5
"wowwwww perbaiki cepat soalnya kita pe nona claudiaaa danaa kong ngo lama mo beking, kesellll",1
sangat baik,5
saya heran sama manajemen dana sebagian apk dana ada pitur dana cicil dan ada juga yg gx ada,1
mantap josjis,5
kenapa pas sudah kasih masuk nomor lama banget masuk di akun kita ya,1
"aplikasi tolol,aku sebenarnya mau dapat dana kaget 20.000+data aku lancar bet tapi malah stuck di loading,aplikasi idiot",1
eror saat pay,1
Banyak error,1
mantap,5
3 dulu kalo bagus tambah lagi,3
mudah dan praktis,5
proses mudah dan terpercaya,5
Tiba.tiba nggak bisa kebuka tiba tiba eror tiba tiba gangguan aplikasi eror,1
mantapp,5
baik,4
baik,3
dikit dikit eror bikin malas aja,4
kenapa yah sekarang mah jd lelet,5
knp akun dana sayah mengurang saldo nyh tolong dong pihak dana,2
apk tolol,1
ssngat bagus,5
bagus banget,5
ok,5
bagus,5
pelayanan.. selalu Ter update.,5
kenapa ini apk dana tidak bisa pakai eror lagi kah,1
mantap proses epat,5
Aplikasi dana nhi tambah bguss 🥰,5
SARAN SAYA JANGAN PERNAH PAKE APLIKASI INI DEH TIDAK AMANAH UANG SAYA YANG TERSIMPAN DI SINI SEBESAR 1JT 500 HILANG TANPA SEBAB DAN TIDAK ADA PENJELASAN APLIKASI JUGA TIDAK MAU BERTANGGUNG JAWAB MENDING KALIAN SEMUA JANGAN PAKE APLIKASI INI!!!!!!!!!!!!!!!!!,1
Alhamdulillah membantu,5
Bagus,5
mantap,5
selalu error transaksi saldo tidak masuk masuk,3
Alhamdulillah dana mempermudah setiap transaksi..tp kdang2 lemot jg😁😁😁😁,5
sangat membantu,5
"Saya mentranfer ke rekening tiba-tiba tanpa alasan menunggu sampai 1x24 , sudah lebih 1x24 jam masih tetap seperti itu , saldo dana berkurang ,saldo rekening tidak masuk , helpdesk dana tidak berguna, diana juha tidak berguna , semua layanan sistem tidak berguna sama sekali",1
sangat membantu transaksi,5
aplikasi sekelas in masi banyak kendala GAK JELAS,1
saya sudh ke 2kalinya eror terus dan susah TF selalu bermasalah,4
baik,5
suka eror saat membuka,5
3 dulu kalo bersahabat nanti ditambah lagi starnya,3
oke baik,1
saya gak ada fitur dana cicil,1
bgus bnget,5
tambah ribet login na goblog!!!,1
ok,5
aktifin fitur dana instanya dong min. dana instan belum aktif atau belum ada fitur ya,5
bagus sekali,5
lebih enak di gunakan,5
"tidak bisa melakukan transfer ke ewallet ataupun bank. sudah 3 hari ini. sudah saya coba yang kalian katakan,tidak bisa juga.jaringan saya 200MBPS",1
"danaaaa tolongggg dehhhh malu"" in lagi makan pas mau bayar gabisa errorr hufttt 😤😤",1
keren,5
mantapp...,5
bermanfaat,5
ok,5
sangat bgus,5
gk bsa nginstal dana,2
"apk bagus aman, tapi sering ada kendala transaksi gagal, dan itu nunggunya lama banget,",3
sangat bagus,5
sangat membantu dan mempermudah transaksi.,5
Saya senang karena banyak kemudahan,5
ok,5
kenapa lagi ini min danaku nggk bisa di buka,1
mantap apkny,5
Bagus,5
"sering eror gak bisa bertransaksi padahal darurat banget udah hapus instal lagi tetap sama saja tolong di perbaiki lagi,kalo gopay g pernah ada kendala apapun dana malah sering banget",1
sangat memuaskan,5
mantap,5
sangat brmanfaat,2
Lumayan sangat bagus Aplikasinya.. pihak pengelola aplikasi dompet digital DANA : mehon diperbaiki lagi sistem proses deposit.. karna selalu mengalami kendala keterlambatan masuknya saldo ke DANA. mohon diperhatikan dengan baik agar semua pengguna nyaman dalam menggunakan dompet digital DANA.,5
mantap emng,5
aplikasi nya bgus,5
pemotongan saldo kok tidak ada pemberitahuan dulu tiba2 lngsung dipotong aja..... keamanan aplikasi sangat kurang banget dan sangt mengecewakan,1
pakai dana lebih cepat untuk bertransaksi pada semua jenis apa pun dalam metode pembayaran,5
sangat membantu masyarakat,5
mantap,5
ok baik,5
bgus,5
bintang 1,1
bagus banget,5
"aplikasi gaje top up udah masuk,pas hp ditinggal cas,terus di buka lagi lihat² ada transaksi gajelas padahal g ada transaksi apa²",1
saya kecewa tiba tiba DANA gak bisa dibuka terus mesti masukan PIN lagi tapi PIN nya salah padahal itu PIN yg sering saya masukan Rugi saldo DANA saya masih ada Gimana ini aplikasi kok jadi kaya gini padahal saya tidak melakukan kesalahan,3
rekomendasi buat transaksi ga perlu ribet,5
good job,5
mantep,5
mantap cepat prosesnya,5
"jangan pernah kalian install apk ini saya tidak bisa TF meski sudah melakukan upgrade,apknya mempersulit,uang saya tidak bisa diapa'kan dalam aplikasinya 👎🏻👎🏻👎🏻",1
sangat membantu,5
sangat baik sekali,5
bagus,5
siiipp,5
eror,1
gaje,1
"okelah, cuma sekarang dana cicil saya tidak bisa digunakan",3
butut,2
mudah dan cepat,5
bagus,5
mantap sangat membantu,5
masa saya tidak bisa menggunakan dana cicil lagi padahal sudah saya lunasi semua cicilan nya dan juga fitur pusat Resolusi tidak ada bahkan dana instan juga tidak ada padahal dana saya sering di update setiap ada update baru mohon perbaiki lagi dana saya,1
.ok,5
sangat membantu dan coba pas isi pulsa di kasi murah,5
Mempermudah hidup.......,5
sangat puas,5
bagus banget,5
bagus,5
lebih praktis,5
"cepat dan mudah, aman lagi",5
tingkatkan,3
saya suka aplikasi ini sangat membantu,5
aga kecewa udah tahunan pake dana tapi ga ada dana cicil atau dana paylater,5
"oke banget si dana, lebih banyak promonya yaa",4
"aplikasi paling bagus menuurut gw, krna akun gw aja bsa ke bobol, sedangkan hp di gw terus,",3
baik,5
lumayan,5
"kepada pihak dana mau tanya kenapa pitur dana cicil tida ada di akun dana semua orang punya saya ngga ada padahal transaksi pake dana udah lama bahkan suka sampe berjuta""",4
nice,4
bagus,5
sangat membantu dn mudah pakai dana,5
saya sudah hampir 2thn pakai apk dana dan saya aktip bertransaksi pakai dana kenapa setiap saya mengajukan dana cicil tidak ada respon saya sudah menunggu beberapa bulan dan saya sudah memenuhi persyaratan.,5
aplikasi dana sangat tidak bisa dipercaya saya kehilangan saldo di dana dan sampai sekarang responnya hanya bertele tele,1
ok,5
terlalu lama untuk transfer dari dana ke bank,1
sangat membantu terimakasih min,5
"saldo saya tiba"" hilang katanya,bisa kembali ternyata nggk balik saldo saya",2
"aplikasinya sangat baik tapi sayang tidak bisa offline...itu aja sih keluhannya,.terimakasih 🙏🥰",5
kren,5
sangat membantu,5
"pitur dana cicil gak jelas, di bayar lebih awal malah gak bisa di gunakan.. lucu sekali",1
bagus,5
"kecewa sekali TF ke BRI briva, sampai 20 jam nunggu sampai sekarang gak masuk2, keterangan nya hanya suruh nunggu dan nunggu... aplikasi sebelah,TF paling lama 5 menit terkirim...😌",1
sangat bagus,5
"sangat puas,dan sangat membantu",5
Dana sekarang banyang ganguan kalo gini trus sya ganti ewalet lain mentang2 penguna udah banyak trus kwalitas jauh menurun,1
cukup bermanfaat buat transaksi dan transfer,5
nyaman,4
mantap,5
"saya telah membayar tagihan dana cicil kok tidak bisa dipakai ya kalau habis melunasi, mohon petunjuknya min.",5
mantep,5
sangat puas,5
"ganguan mulu heran gw,notif telat transaksi error frustasi",1
buat apa ada dana cicil kalo tidak bisa d pakai percuma ada limit tapi ga bisa d gunakan,3
"hampir selalu error sampe udah hapus cache, udah update versj terbaru, udah restart hp tetap gabisa. tolong dong diperbaiki, otw pindah e-wallet lain sih ini kalo gini terus keselllllll sumpahhhh",1
"aplikasi lelet notifikasi tidak masuk, buka aktifitas lama sekali muculnya bug parah. menambahkan fitur yg tidak penting, tapi tidak upgrade fitur pentingnya",1
bagus,5
top,5
gajelas tiba tiba ga premium dan mau premiumin lagi gabisa lol. sekarang make seabank lebih aman dan ga ribet,1
cepat dan akun sangat aman,5
mulai bagus,5
bagus tapi saya setiap isi saldo seringkali berkurang saldo saya emang gara-gara kenapa ya saya,2
ok,5
"di aplikasi dana saya, tidak ada fitur input gambar, tapi di perangkat lain ada, kenapa di saya ga ada?!",2
Bagus 🙏👍,4
ok,5
mantap,5
muadah banget,5
"gak ada notif gak ada ap boro"" saldo hilang",1
ada dramadana itu betulan bisa di tarik gk uangnya yg 50rb. soalnya sering ketipu apl drama² gituan,5
sangat mudah,5
"Mau top up gk bisa, mau di kirimi saldo juga gk bisa, entahlah, sudah clear chace, log out lalu login lagi juga masih tetep sama. sudah uninstal dan install aplikasi lagi juga tetep sama..",1
mantap maksih ya,5
"semoga ga tiba2 jadi ga permium lagi, kaya dulu..",5
"sangat baik,",5
Mantap,5
"kenapa dan premium saya ngga bisa kebuaka yah,masalahnya saya baru to up nih ko bisa ke bug begini.aga kecewa trus uang saya bagaimana donk.",5
seneng bgt aku pake dana,5
"Ngajak kawan buat bikin QRIS, untuk klaim bonusnya ribet. harus nyiapin bukti keaktifan. kalau misal ngajak orang kan belum tentu itu jaraknya dekat ya. lagian kayaknya yang diajak g dapat reward, jadi g enak kalau mau minta SS riwayat transaksi. 🫱🏿‍🫲🏻",4
ok banget,5
kenapa aplikasi dana nya eror,5
jangan mau pakek aplikasi dana lagi soalnya saldo saya habis di sedot 1950jt pihak dana tidak mau bertanggung jawab,1
sangat membantu,5
👍,5
sangat membantu,5
kirim uang lebih mudah dan gratis,5
sangat membantu,5
bagus,5
sangat memuaskan top mar ko top 👍👍,5
"sangat mudah transaksi nya n ADM nya rendah , sukses selalu",5
enak buat topup,5
ok banget,5
tarik dana tunay,5
bagaimana cara mengaktifkan fitur Dana Cicil?,5
lumayan la applikasi ini membantu,5
sangat praktis,5
terimakasih,5
woy dana ni kenapa ngk bisa kirim uang ke rekening orng setiap kali aku coba kirim selalu dia bilang banyak bertranhsaksi mksutnya apa,1
bagus,5
"aplikasi jelek, saldo gua tiba tiba hilang... jangan di download apk jelek",1
matap pakay dana solusi terbaik👍💯,4
"saya mau hapus data saya, kenapa susah sekali. data saya digunakan bukan nomor saya. tolong dibantu. diblokir permanen saja kalau bisa",2
bagus sangat membantu,5
ada apa dengan Dana ini.... semua gak bisa di pake... TF gak bisa,3
mantap,5
aplikasi yang sangat membantu untuk mengatur keuangan,5
tolong fitur dana instanya di munculkan di akun aplikasi dana ya,5
sangat membantu,5
is the best,5
bagus,5
"dana gjls, payah, tbtb uang ketarik, mau mnta tlng untuk bekukan uang nya atau blokir akun orng itu aja gbisa, suruh hati' doang kentut, udh ga trdftar ojk, uang tbtb ke tf sndiri, ilang, bahaya nyimpen disini suka ilang dan klo mnta pertolongan susah, dan gabisa nanganin.",1
tiba tiba uang terbayar sendiri kepada google. trx tdk bisa di refund,1
sangat Baik,5
"setelah update skrg bisa tranfer luar negeri ewaled dana ini tolong update new versi. buat bisa pinjaman Dana dan satu lagi bisa Qr mana saja semua internalsional,seluruh asia dolar mau pun Euro",4
jangan mau pakek fitur dana cicil wo saya awalnya iseng pakek dana cicil awalnya cicilan 20k perbulan saya ambil 3 periode awalnya masih aman 20k eh pas mau bayar jdi 35k padahal belom jatoh tempo masih jauh kan gila ini dana uninstall aja 35×3= 105 sedangakan pijaman cuma 50k gak gjls ini,2
"Buruk aplikasi error uang sudah di transfer tapi tidak masuk, tambah jaringan bagus tidak bisa login",1
Simpel dan praktis banyak gratisan klo tf lagi. satu lagi klo bisa buat atm dong kayaknya lebih keren lagi nantik tks😊👍,5
"tolong dong diperbaiki, udah update juga tapi fitur E-mas nya ga bisa diakses",4
sangat mudah dan efisien,5
baik,5
memudahkan semua urusan,5
mantap dan keren banget reward dari DANA,5
sangatber manfaat,5
sangat bagus,4
bagus,5
bagus terjaga,4
"apk sampahh, gw ada saldo di nomor yang udah mati malah gabisa login padahal ingat pin harus bnget pake otp. apk korupsi sii cuihh",1
oke,5
"Sudah update Aplikasi, tapi Sistem Update Transaksi lama, sampai tidak bisa buat transaksi",1
"Dear Dana, ini gimana ya kok aplikasi dana saya kaya gini terus dari kemarin layarnya cuma putih doang padahal tadi pagi mau ambil uang tapi gabisa karena layarnya putih doang kok bisa ya dari kemarin malem sampai hari ini sama aja layarnya cuma putih padahal kalau dibranda lancar sinyalnya juga lancar tapi kok malah gabisa dan layarnya putih doang tolong dong solusinya gimana ini lagi butuh uang banget soalnya.",1
"dana cicil ny GK bisa di pakai, padahal GK ada hutang!! payah!! ngapain suruh pake sidik jari segala!! GK ada urusannya soal GK bisa pakai dana cicil. GK ada tunggakan sama sekali kok di awasi bgtu akunnya!! kalau GK percaya ya GK usah di kasih dana cicil lah!! PHP doank",1
sangat membantu,5
mantaplah,5
kenapa dana cicil saya gak bisa ya...?,5
baik,5
bagus,5
dengan dana semua semakin mudah untuk membayar tanpa menggunakan cash,5
ini kenapa dana gk bisa masuk aplikasi...error' melulu,4
"keamanan buruk,baru saja saldo saya hilang",1
suka lemot apk sampah,1
sangat membatu untuk aktipitas,5
munculin dana cicil saya kak,5
baik,1
ok,5
baguss sangat membantu,5
mantap,5
sangat baik di guna kan,5
terbaik,5
layanan sangat cepat,5
baik,1
pengiriman cpt,4
saya sangat puas dengan ada nya aplikasi dana segala urusan ja mudah,5
udah gabisa tarik tunai yaa? kalau gitu sih mending pindah ke apk sebelah Dann.,4
Baik,5
bagian qris nya ngebug gk ada akses galeri,1
mantap,5
Bagus memudahkan transaksi,5
sangat cocok untuk saya,5
pokoknya bijak dalam memakai aplikasi dana,5
ga bisa buka dana game sekarang mh susah,3
sangat bagus,5
bagus👍,5
Aku gak bisa masuk ke akun gue. karna no tlpnnya uda gak aktif. gimana ini. hilang sudah duit gue di situ. nyikutin arahan dan jawab pertanyaan malah di persulit,2
sangat baik,5
masa dana saya ada yang bajak.,1
👍👍👍,5
Aku udah lama pakai dana dan sejauh ini Alhamdulillah tidak ada masalah semoga kedepannya lebih di tingkatkan keamanan nya,5
aman,5
tolong perbaiki layanan nya jangan ngebug terus saya mau beli listrik malah putih aja layarnya padahal jaringan saya stabil,3
saya tidak bisa masuk karna kode otp nya di kirim ke email lama saya secara otomatis dan saya tidak bisa buka email lama tolong bantu saya,4
hy info dong kenapa mau kirim uang gangguan Mulu apk dana saya sudah premium,4
saya GK pernah pinjam sama sekali tapi punya riwayat pembayaran yg blum dibayar .tolong beri tau cara gimana tau punya riwayat pinjaman supaya dana cicil saya bisa dipakai,2
sangat puas,1
sangat baik,5
gampang dan peraktis,5
sangat baik pelayanannya dan cepat buat transaksi,5
sangat bagus,5
sangat bagus dan sangat membantu,5
dana saya tidak ada dana cicil nya padahal sudah premium,5
kok GK ad dana cicil nya punya aku,5
"sangat mudah dan membantu sekali, kirim uang tidak kena admin ..... terimakasih 🙏",5
ko gada dana cicil dan dana instan,5
luar biasa,5
Bagus.,5
praktis dan lebih murah,5
sedikit ngadep tapi aman ...,5
Sangat membantu dengan cepat🙏😇,5
pengiriman cepat,5
bantu buka dana cicil,5
"Saya sudah menggunakan DANA lebih dari 2 tahun, tapi sampai saat ini belum mendapatkan akses DANA CICIL, padahal akun sudah premium",4
ayo aku bisa,5
sangat puas sekali,5
sip dah pokonya,5
"sangat kecewa dengan aplikasi dana yg tiba-tiba saldo kesedot, padahal tidak melakukan transaksi berlangganan atau mencoba promo trial di google tapi saldo bisa kesedot tanpa pertanggungjawaban apapun",1
gk bisa belanja dan isi saldo,1
good,5
"mohon maaf sekali nih ya admin/pemilik nya, saya minta tolong sekali, ini mentang² update dana kok makin sering lemot, error, udh 4 hari saya mau buka buat beli kuota/pulsa malah gabisa, terus untuk semua fitur juga, tolong jangan terlalu di jaringan²kan, soalnya jaringan saya bagus tapi malah gabisa buka, tolong bgt ya, juga yg adain fitur dana cicil gausah aja, soalnya waktu itu saya bayar pake saldo biasa nh tapi dana cicilnya kayak ada notif merah, tapi pas di klik gabisa, tolong perbaiki",2
mantap,5
baru aja kehilangan uang di aplikasi DANA,5
cara menonaktifkan dana cicil tolong dibantu KA,1
sangat membantu,5
kenapa dana cicil tidak bisaa di ajukan?,1
mantapp,5
"sejauh ini aman,dan. transaksi cepat",4
bagus,5
"buat transaksi kenapa susah banget sih? padahal ga aktifin dana cicil tapi malah setiap mau pembayaran malah bisanya pake dana cicil, ini kenapa sih ribet bener",1
bagus,5
luar biasa,5
bagus sekali,5
baik,5
ok,5
Sangat membantu,5
mantap nih aplikasi untuk dagan,5
kenapa dana saya GK bisa di buka dan pin nya juga udah bbrapa langkah mencoba TPI ttp tidak bisa,5
"sangat bermanfaat, membantu, juga berguna pokoknya 👍👍👍",5
"saya sudah lama menggunakan aplikasi DANA semua sangat baik dan tidak bermasalah👍🏻👍🏻 TAPI KOK DI APLIKASI DANA SAYA BELUM ADA DANA CICIL NYA?? PADAHAL SUDAH SAYA UPDATE YANG TERBARU, TOLONG DONG BANTU DANA SAYA BELUM ADA DANA CICIL",5
Karana tidak bisa menggunakan dana cicil,1
mantap jossh 👍,5
Selalu error kalo mo bayar,1
recomend banget,5
goog,5
"sialan kenapa dana susah banget buat bayar e-commerce, makin ngadi2 lo sekarang gak kayak dulu gw copot juga nih aplikasi",1
ini aplikasi jangan di pakai dya potong duit suka2 ati saja sial aplikasi ini,1
parah banget saya sudah isi dana 100rb malah gk masuk padahal udah ad suara tf nya ke dana aku tapi malah gk masuk terus ketika saya cat butuh bantuan udah 2 hari gk ad balasan hingga skrng,1
transaksi lebih aman,5
ok,5
sangat baik,5
sangat puas,1
apk nya keren,5
mantap,5
lebih muda gampang untuk bertransaksi,5
mantap,5
mntap,5
The Best,5
mantap,5
sangat baik,5
akun saya d proteksi trus gabisa masuk sama sekali,1
like,5
untuk keamanan lainnya udh bagus dana aman terpercaya,4
sangat bagus,5
tp dana semakin ruwet masak mau tf dr bca ke dana tidak bisa gara dinomor dana ganti nomor baru ruwet,3
"mau pembayaran tulisannya sukses pas dicek detail transaksi malah pembayaran dibatalkan, tolong dibenarkan",1
muga bisa upgrade ke dana cicil,5
bagus bgt dan CPT,5
baguss🥰,5
bagus,5
sangat baik,4
siiip,5
"Saya ganti perangkat, nomor masih aktif dan sy ingat password, yg saya lupa hanya email.. haruskah kode otp dikirimkan ke email? apa tidak bisa dikirim via wa atau sms?",2
sangat baik,5
saya ingin login akun dana saya yang lama nomor nya sudah tidak aktif saya ingin menggantikan nomor akun dana saya yang lama dengan nomor yang baru,4
"terimakasih aplikasi DANA ini sangat membantu sekali. apa lagi ada DANA CICIL top deh membantu di saat saldo kosong 🤭 tapi kenapa sekarang gak bisa di gunain ya DANA CICIL nya? aneh, padahal limit nya masih pas 🤔. Tolong dong perbaiki",5
jos aplikasi y,5
tidak bisa isi brizi manual dan cek mutasi,3
"saya salah tranfer dana ke nomor yang salah, dan sekaranf noe gak aktif lagi",1
Dana tidak bisa verifikasi wajah,5
sangat bijaksana,4
bAgus,5
sangat baik,5
mantap jiwa,5
mohon klo mengadakan event itu benar-benar hadiah untuk pengguna dana.... sering gagal hampir kebanyakan pengguna dana....apa event itu khusus karyawan dana sendiri....d akun saya juga sekarang dana instan nya susah cair tidak seperti awal muncul dana instan yang memang bisa d cairkan kapan saja... mohon d perbaiki sistem d dana instan... terima kasih...,5
mantap dan aman,5
bagus bagatt,5
dana cicilan sudah tidak bisa gunakan udh hampir 6bulan padahal semua cicilan sudah lunas kalo bisa rating tanpa kasih bintang bakalan saya kasih bintang 0,1
biar bintang yg berbicara,5
mantap,5
"Mengerikan sekali aplikasi Dana lepas tangguang jawab setelah tidak mengkonfirmaai terkait penarikan saldo,,dan tidak bisa di kembalikan. ngeriiiiiii",1
"admin, aku bener-bener kecewa deh karena saldo aku kesedot cuma gara-gara bayar premium roblok. awalnya tulisannya gratis/uji coba yang berarti harus coba. kalo misalnya bagus aku bakal beli, tapi ini giliran aku ga butuh malah dipaksa bayar buat bayar premium padahal ga tertarik. tolong min itu saldo untuk kebutuhan aku😭💔",1
oke,5
mantap,4
"kenapa ga bisa masuk atau login dana udah di install,trs download lagii mau daftar tetep gabisa gimana sihh",1
bgus,5
apk nya bagus dan cantik seperti aku 🤗😀💜,5
Alhmdllh apk bgus bnget,4
gua GK di kasih dana cicil,2
dana ngak bisa kebuka . hp ke root saya butuh banget nih . gimana caranya Diana ? sudah tukar hp juga masih ngak bisa buka dana,4
lebih mudah bertransaksi,5
agak lola,4
"dari semua dompet digital, dana sangat sulit digunakan, top up juga bertele tele, bila digunakan pun sangat rumit dan tidak praktis",1
sangat bagus,5
sangat membantu,5
ok,5
sangat membantu dan praktis,5
pastikan di aplikasi DANA ada TEMPAT PENGADIAN atau live chat untuk permasalahan di penyimpanan uang di DANA.,3
oke,5
oke,5
good,5
tidak disediakan di aplikasi saya dana cicil,1
juar,5
sangat bgs,5
Alhamdulillah syaang membantu dan memuaskan kebutuhan hidup sehari hari. trimakasih dana..🙏😇,5
mantap,5
"saya sangat menyukai aplikasi ini,karna saya jadi bisa top up game serta berbelanja ketika saya tidak membawa cash,sekali lagi saya mengucapkan trimakasih",5
Jing gw gak transaksi apapun tiba tiba uang ku pada hilang giliran di suruh cek bilangnya tidak bisa awas aja Ku spam rating bintang 1,1
bagus banget buat trx #zsn,5
bagus bat,5
sangat bgus,5
bagus.. mudah di gunakan,4
jos,5
"fitur dana cicil muncul, tapi engga bisa digunakan 😌🤔",4
"sangat mudah digunakan,dan sangat membantu",5
lebih mempermudah,5
"puasss banget pakai dana, transfer ke semua rekening ajibb beneerrr😊😁😁",5
OK,1
ok,5
"download dari td ga bisa bisa, katanya suruh hapus apk yang di saranin udah terlanjur di hapus data nya juga hilang MASI TETEP GA BISA😔",1
apakah dari team DANA bertanggung jawab jika ada kecolongan uang yg ada di DANA.....???? Ini aj pertanyaan saya trimakasih karna disini kita saling percaya dan menjaga keamanan baik dari pihak DANA maupun costumer knapa saya bicara seperti ini....??? saya sudah menjadi korban kecolongan Uang saya di DANA Anehnya ko sampe bisa uang saya di curi dengan mudah bukankah kalo transaksi itu kita harus pake PIN PASWORD SIDIK JARI DAN VERMUK knapa ko bisa dengan mudah uang saya bisa dicuri,1
sangat baik dan puas,5
sekarang parah gak bisa isi pulsa lewat dana,1
bgus,5
sangat bagus,4
puas,5
sangat tebantu. semoga dana jaya selalu,5
gimana caranya mengubah nomor DANA Yg tidak aktif lagi,5
fitur beli pulsa di aplikasi dana sudah tidak berfungsi..mohon untuk di perbaiki lagi,4
"aplikasi dana sedang tidak baikbaik saja,, buat beli token listrik gk bisa,, beli pulsa gk bisa, lihat mutasi gk bisa sampai kapan ini,, gak bisa kerja klo kayak gini terus,, udahada semingguan erornya",2
Aplikasi Yg Sangat Keren Dan Berguna Banget,5
"mau claim dana reward udah bisa,tapi abis itu ada keterangan solahkan verifikasi ulang akunmu. sudah tanya cs,tapi jawaban tidak sesuai",4
gw mau bayar Qris tapii Qris nya di galeri sedangkan di Dananya ga ada opsi yg ke Galeri gmn sih??,1
Bagus,5
bagus,5
sangat gampang di gunakan.,5
mantap,5
bagus,5
dana membantu pengiriman dan cepat,5
susah sekali regitrasi gagal2 mulu,1
🤩,5
siiiiiip,5
tidak bisa digunakan uang nya gajelass intiny,1
keren,5
sangat baik,5
sangat mudah untuk digunakan,5
gak ad dana cicil,3
kenapa kalau buka untuk pulsa&data hanya layar putih gk ada tulisannya,4
semoga fitur dana cicil saya terbuka,5
sangat aman,5
memuaskan,5
makasih,5
transaksi cepat,5
sangat baik,4
bagus si tapi sering ngelag,4
sangat mendukung,5
Mantap,5
sangat memuaskan,5
Terima kasih,5
kurang satu aja dana cicil ga ada limit nya,5
bagus,5
keren banget sekarang dana ada dana+ yang bisa berkurang sendiri saldonyaa,1
bagus,5
"jelek, masa waktu mau up ke dana premium ga bisa padahal wajah sudah sesuai dengan ktp.",1
sangat membantu sekalii,5
semakin kagak jelas..untuk fitur dacil limit ada tapi ga bisa dipakai..mending ga usah ada fitur dacilnya..udah aplikasi semakin berat..login lemot..mending aplikasi sebelah..,1
Josss mantap,5
sangat sangat kecewa sama aplikasi dana ini,1
sangat membantu sekali,5
ga jelas,1
sering kehilangan uang,1
kepotong mulu gajls coin tiktok apalah punya tiktok aja ngga,1
"Akun apk DANA ini.... Sangat membantu saya dalam hal transaksi keuangan saya sehari-hari, 👍👍👍👍👍 pokoknya DANA is the best 👍👍👍👍👍",5
sangat bagus untuk pembayaran apapun,5
cukup bagus dan tidak ribet. makasih dana .. yang telah menjadi teman yang baik.,5
mantap,5
"dana cicil saya sudah ada limit 100rb tetapi tidak bisa di gunakan sama sekali,buat beli token ngk bisa beli pulsa juga ngk bisa",1
sangat membantu,5
sangat terbantu dgn adanya aplikasi DANA ini 🙏,5
mantepp,5
puas,5
mantap pokoknya 👍👍,4
knapa dana cicil saya gak muncul,4
"Tolong atasi fitur dana cicil saya, gak pernah dapat,padahal saya sudah premium dan aktif transaksi",5
apk busuk lelet nya minta ampun apk bego,1
sangat ga rekomendasi sih ini aplikasi ga aman banget karna dana saya setiap mengisi saat saya ga memakai untuk transper tiba² ke kirim sendiri habis itu uang saya di dana ini hilang mana 2 kali dh hilangnya,1
mantap,5
aplikasi yg sangat membantuu baguss,5
"overall semua bagus,tapi untuk menghapus akun premium itu ribet mau ganti nomer harus kosongin dana gimana mau kosongin dana itu ada uangnya dan belum premium otomatis gak bisa diambil🙏",5
"HATI2 MENGGUNAKAN APK INI, KEAMANAN KURANG BANGET, SALDO TIBA2 HILANG PEMBAYARAN GAK JELAS, KELIHATANNYA PAKAI PIN, TAPI CUMA BUAT FORMALITAS, BANYAK KASUS SALDO HILANG",1
dana bisa membantu masyarakat indonesi untuk mengatasi masalah apapun,5
"voucher saldo yang gua dapet dari event piala dunia ga masuk masuk, padahal besok udah hangus voucher nya, di tulisan voucher bakal masuk otomatis tapi mana ga masuk masuk besok udah mau hangus",1
OK,1
knapa aplikasi ini eror,5
saya sudah premiun dan sudah lama pkek dana. tp fitur dana cicil tidak ada,1
dana memang ok,5
sangat bagus dan simpel untuk kirim uang dan ambil uang,5
pertahan kan jangan sampai kebobol pihak yang merusak dan merugikan nama baik,5
baikkk,5
aplikasi transaksi paling bagus menurut ku.,5
mudah di gunakann,5
sangat membantu,5
sangat memuaskan menjaga keamanan akun dan alat bayar yg sangat mudah,5
bgus,4
bagus sekali,5
benar² memudahkan kita untuk melakukan transaksi,5
mantap,5
sangat suka dengan aplikasi ini sangat membatu sekali....,5
"aplikasi ini pas saya beli paket data, paket data nya gamasuk pembohong ini namanya",1
mantap,5
"sdh berp hari mau cek layanan nda ada yg muncul, mau cek tarif listrik sm air nda bisa tolomg dong apanya yg slh",5
Bagus banget,5
sangan membantu dan berguna dalam teransaksi,5
Sangat bagus. Transfer dan menerima pembayaran sangan cepat,5
baik,5
knp dana cicil saya tidak bisa digunakan setelah saya lunasi.,5
"uang nya sering kali ilang gak tau kemana padahal blm di pake apa""udah ilang ""aja",3
saya sangat suka dana,5
cukup membantu,3
ok,5
"aplikasi ga jelas banyak bug nya, masa saya sudah TF terus ada tulisan transfer gagal, nah kok tiba tiba uang saya jadi berkurang, memang aplikasi gajelas",1
Gratis 10x Biaya TF ke Rekening apa aja 🥰🥰,5
lancar dan aman,5
ok tapi akun saya tidak ada fitur dana cicil,5
sangat baik,5
sangat membantu sekali buat transaksi apapun,5
dana ku ilang,1
BagusMbatu,5
saya baru download jadi belum bisa memberikan deskripsi,3
oke baik,5
sangat membantu transaksi digital,5
Aplikasi berbahaya.. tidak aman.. saya sdah 2 x saldo tiba2 hilang transfer k bank atau akun yang gak jelas... keamanan lemah.. sampai sekarang blm ada kejelasan saldo kembali apa tidak..,1
sangat baik,5
cukup membantu,5
kenapa dana Cicil saya tidak muncul bagi mana nimbul dana Cicil,5
baik,5
Good.,4
sngat 👌,5
sangatt berguna,5
g bisa di buka.,5
mempermudah dalam segala transaksi di semua kebutuhan,5
sering eroor makin lama.makin jelek,3
aplikasi yang cukup banyak membantu dalam setiap transaksi,5
samembatu bagus bisa byar bayar apk nya peraktis serbaguna bisa buat baya apa saja pake dana lebih hemat cepat dan simpel,5
baik,5
ok,5
terimakasih dana.. terus berkembang👍,5
"belanja mudah, duit aman",5
"The best digital wallet, keep innovating, keep moving forward",5
kka mau tanya kenap no dana saya klu orang lain mau tf ko tidk bisa ya,5
jangan pernahh pakai danaa asli duit guwe abis hilang teruss uadahh 5kali,1
sangat membantu,5
"Dari tadi siang udah topup, notifikasi masuk tapi setelah cek saldo gak bertambah. Aneh Dana sekarang",5
"sangat membantu, dan bermanfa'at👍👍👍👍👍",5
apa bisa saldo yg tau tau hilang bisa kembali,2
sangat membantu dgn dana,4
OKE POKOKE,5
semakin Bagus,5
bagus,5
fitur DANA cicil tidak Ada,5
mantap,5
sangat bagus,5
"tolong dong dana nya ada fitur hapus akun permanen buat mempermudah supaya tidak punya akun Doble karna sayang banget ada akun dana aku yg tidak terpakai tapi susah buat di hilangkan udah coba minta untuk pembekuan akun malah susah penjelasannya berbelit pas udah di bagian suruh lampirkan dokumen untuk proses pembekuan akunnya malah gak bisa di kirimkan lampiran dokumennya berulang kali tetep gak bisa ribet banget, tolong ya di perbaiki agar mempermudah. tambahin fitur hapus akun permanen.",3
membantu di saat yg tidak tepat,5
emang enak banget transaksi pake dana,5
BURUK LODING LAMA BISA 2HR GAMPAK DIHACCER PERETAS OPRASIONAL SUSAH TRANSFER LEMOOOT,1
good,5
ok,5
alhmdulillah amanah,5
cepat amanah,5
"ya dana ini lebih bagus dari pada ATM,",5
"maaf kak...ngasih sedikit saran....aplikasi DANA sudah bagus dan baik....klo boleh ngasih tambahan...klo bisa di Aplikasi DANA ditambahkan dompet dompet atau beda beda simpan uangnya...misal di dompet buat bayar listrik,kontrakan,jajan,bensin,Tabungan,DLL agar bisa bijak pemakaian uangnya...tidak di jadikan 1 dompet.....",5
Buat dana instan tlng di hapus saja min..g ada guna itu..Limit ada 500..tagihan tidak ada..dulu dpt 1 kali agustus 2025..dah selesai di bln oktober.2025 dan tidak ada hutang lagi agustus2025..sampai sekarang mau bln agustus 2026..dah 1 tahun pun pula g bs bs di pakai..cm jadi pajangan limit ny min..jadi klo emg tidak bs di pakai min mending hapus saja tu program dana instan nya..dan di buat di Riwayat Tagihan 1 Januari 1970..kan lucu itu min..maksud ny apa coba di buat seperti itu..,4
mantap,5
terbaik,5
mantap,5
memudahkan transaksi 😊,5
dana bisa ga Klw buka aplikasi jgan keluar dgn sendri y,5
bagus sih tapi kadang kalk pembayaran sering eror,5
sangat berguna,5
mantap,5
Bagus,5
sangat membatu,5
"Bgus, sangat membantu",4
kenapa top up nya sekarang dibatasi 450 ribu saja?,4
sangat membantu,5
"Saya sangat kecewa dengan pelayanan cs dana yang sangat lambat untuk proses pemindahan akun premium, sehingga dana di akun dana saya yang baru saldonya tidak bisa dipakai sama sekali untuk transaksi",2
good,5
keren,4
bantu aku untuk ganti no hp kerna no sudah tidak aktif,1
sangt bermanfat,5
terbaik pokoknya,5
mantap,5
sangat bagus,5
ok dech,5
oke banget,5
bagus banget dan kurang nya saja saya tidak ada dana cicilan tolong di aktifkan dana cicilan nya kak,5
lebih mudah TF dgn dana,5
jos,5
sangat bermanfaat,5
Keluar sendiri,2
bagus,5
👍,5
saya kan semalem top up dana 12rb (gdipake samsek). tpi waktu saya cek besoknya ko cuma ada 6rb doang?? tak kirainkan dari penjualnya tapi pas saya cek riwayat tfnya tuh bener 12rb msknya. kalo kaya gitu itu kenapayaaaaaa?? ini udah yg ke 3kalinyaaa😭😭💔,1
trbaik,5
pulong aktifkan aktifasi dana pinjam nya,3
sangat bagus,5
aplikasi apa ini ngk ada internet kok bisa kekuras dana nya aneh,1
"checkin harian di dana deals error, tolong perbaiki segera. maaf saya turunin dulu bintangnya. terus checkin harian di A+reward max cuma dapat 110 perak gak sesuai sama iklannya",1
apaan makin kesini makin lemot,1
Aplikasi Ini Pilih Kasih Untuk Buka Fitur Baru Nya,1
rekomendit,5
"Alhamdulillah bisa bertransaksi muda, semoga aman dan amanah",5
baik,4
"Diana masa gw login ke akun dana gw kaga bisa malah ada tulisan. UPS, sedang ada kendala",5
Sekalipun belum Premium tetapi bisa transfer ke Dana dll,5
males pakai dana. dana instan saya sudah satu bulan lebih mengalami gagal penarikan. dan tidak ada pesan atau notif penyebabnya. sangat di sayangkan dan kecewa.,1
bagus. mudah dipakai,5
terrrrrr baiiiiiikkk,5
good,5
sangat memuaskan,5
sangat bagus,5
terima kasih dana atas aplikasi ya,5
bagus,5
"masih ada yang kurang,saya belum ada fitur dana cicil",5
👍👍👍👍👍,5
"uangku di dana sering hilang, padahal saya tidak melakukan transaksi itu, saya sudah mengajukan laporan tapi belom direspon respon",1
saya update malah gak bisa kirim atau terima dana,5
bagus,5
aplikasi baru,5
sangat membantu semua keseruan ini dan itu mudah,5
bagus sangat membantu,5
hebatt,5
download nya lama stuk di 85 persen,1
Tiba-tiba ada transaksi yang saya tidak ketahui dan uang terambil untuk pembayaran aplikasi. mohon bagaimana caranya agar uang saya dapat kembali,1
perfect,5
aplikasi nya sangat bagus,5
bagus,5
"parah fitur dana bisnis, transaksi saldo harus tertahan! buat usaha mikro dengan modal terbatas itu sangat merugikan buat kami! heran koq dana orang di tahan2! nggk benar ini!",1
terlalu bagus,5
ok,5
dana the best pokoknya saya suka🥰🥰,5
dana semakin kesini semakin aneh banyak saldo orang yg ilang dan ga dipertanggung jawabkan,1
transfer sangat cepat dan bebas biaya admin,5
"apk ini bagus,tapi ada beberapa yang harus diperbaiki,akun saya di Apk ini tidak bisa dibuka setelah diisi saldo",3
gimana sih dana aku udh upgrade dana premium tapi fiturnya Balum kebuka padahal aku pengen pake buat Investasi jangka panjang kayak dana emas Malah di persulit sama dana. tolong lah min benerin akun ku,1
Bagus z,5
mantap sekali,5
beli emas saldo emas nya ga nambah nambah udah 3 hari ga ada perubahan juga ..buruk . kapok,1
bagus,5
sangat bagus,5
mantapp,5
terbaik,5
Bagus,5
jelek,3
aplksi nya sangat bagus GK ribet mau bayar apa pun bisa,5
sangat bagus,5
"sejauh ini bagus,",5
sangat baik,5
mudah dan praktis,5
"tolong di rubah sistem dana bisnis, uangnya udah mau di pakai tapi masih dalam proses dan tidak bisa di tarik",2
Gimana nih kok GK ada dana cicil di dana aku,5
sangat baik,5
Keren,5
oke,5
saya ko gaada muncul dana cicil nya sih,2
dana payah,1
"Belum ada dana cicil nya, padahal pengguna lama jadi saya kasih bintang 1",1
mantep dan bermanfaat,5
dana cicil mantap banget bisa membantu kita,5
apk bagus,5
tolong lh dana cicilnya,5
𝙢𝙖𝙣𝙩𝙖𝙥,5
jos jos joss,5
kurang puas,2
semenjak pakai aplikasi DANA sy sangat bahagia sekali..dan mudah untuk..berbagi ke sesama.,5
bagus,5
bagus,5
aplikasinya bagus bahkan bisa pinjam dana melalui fitur dana cicil👍,5
Bagus,5
baguss,5
dananya suka eror padah aku udah masuk ke dananya ko ke logut sediri dah akun dana nya lebih parahnya lagi aku gak bisa masuk pake akun dana yg sudah masuk.kebapa aku kasi bintang liam buar pada tau kalau sring eror,5
bagus,5
I like it,5
"Mudah dibobol duit w ilang 1,2jt, tp malah diblokir, TLP cuma ngabisin pulsa smpe ratusan ribu,no.sampe skrg diblokir GK vs digunakn,,udh pke ktp susah ngaktifin lg",1
OKE,5
berguna,5
sangat puas,5
alhamdulilah ada nya dana cicil sangat membantu buat keperluan saya,5
Saya suka,5
saya bayar makan di warung transfer ke bank lama bgt proses nya. udh nunggu 4 menit masih belum berhasil juga malah di suru nunggu 24jam. harusnya klo lg maintenance dari awal dong jgn ini saldo udh kepotong. bikin ribet aja,2
sanggar bagus,5
"setelah update,dana cicil limit nya tidak bisa di gunakan lagi",1
min limit bulanan bikin jadi 100jt/bulan dong,5
transaksi Tarik saldo bisnis sering eror menu tarik saldo gak bisa diklik.. sudah sering sekali seperti itu..,4
udah satu tahun pakai dana tapi gaada pitur dana cicil nyah😭😭😭,5
bagus,5
semoga kedepannya tambah bagus dan berkembang lbih baik LG.,4
sangat membantu,5
berguna juga sih,4
saya sering pakai dana kenapa di dana saya belum pernah ada danapayleter nya,5
sangat bermanfaat,5
bagus,5
"Gimana ini, top up saldo malah saldo saya hilang.. tiba² minta di update, setelah di update, saldo yg baru saya top up hilang begitu saja😡😡😡😡😡😡 Di chat pihak dana, jawabannya ngawur, ini aplikasi udh bertahun² saya pakai.. Kenapa berulah setelah di update di bln agustus thn 2026 ini... Pokoknya, kembaliin saldo saya..",1
Sangat bermanfaat,5
belum bsaogin,5
bagus,5
sangat bagus dan sangat membantu dalam bertransaksi,5
aplikasi ini sangat bagus,5
ko jadi gak bisa diinstal applikasinya,4
bagus sekali mudah,5
mantap bos ku bagus x😍😍,2
mantap,5
awal awal ok..lma kelamaan kayak nya semakin lelet,2
toppp bgt,5
the best,5
𝒕𝒐𝒍𝒐𝒏𝒈 𝒅𝒊 𝒑𝒆𝒓𝒃𝒂𝒊𝒌𝒊 𝒌𝒂𝒈𝒊 𝒔𝒖𝒌𝒂 𝒂𝒅𝒂 𝒃𝒖𝒈,5
terimakasih,5
mantap,5
"banyak bug, mau lihat riwayat saja gak bisa, mau chat diana gk bisa stuck di loading",1
praktis,5
ok,5
lumayan membantu,3
bagus,5
sayang punyaku GK ada fitur dana cicilnya,5
ok,5
mantap,5
mkasih sngt membantu untk transaksi,5
saya kehilangan saldo dana disini dan tidak ada sama sekali pertanggungjawaban saya udah berusaha untuk meminta bantuan di Coustemer servis dan jawaban nya muter muter disitu aja. bukan apk yang aman buat menyimpan dana saran saya berhati-hati lah,1
mantap,5
saya heran aja ya dengan apk dana ini apa coba dari fitur box dan card setiap diundi pasti dapatnya yang paling receh saya rasa sampe kiamat gak bakal dikasih hadiah yang cash prize nya kalau cuma bikin semak mending hapus aja fitur yang itu satu fitur jump ngotak dikit sama skornya ada tambahan kenapa mau upgrade premium GK bisa,3
mudah cepat dan praktis,5
penarikan dana instan ke bang mandiri gagal padahal sudah lunas. tidak nunggak,1
Ppp bagus,5
"aplikasi ini lemot, setiap kali saya ingin menganti nomor selalu saja tidak bisa dengan mereka menyatakan ada kendala pada fitur saat ini, hampir satu kali seminggu saya coba da tetap saja seperti itu, apa tidak di perbaiki?",1
"kok saldo hilang 705rb...padahal itu gaji yang baru saya terima,untuk keamanan nya bagaimana",5
"kenapa dana cicil saya tidak bisa di pakai kembali pada sudah perlunasann seluruh nya. ,gara gara telat",5
sangat bagus sekali,5
masa malem² mau bayar pake qris di Madura malah error buat bayar pake qris nya,1
"kenapaa pemeliharaan saat ubah nomer lama ke nomer baru ,malah akun ga di verifikasi kenomer baru, malah tidak bisa di buka",4
kenapa dana cicil saya gak bisa di gunakan... sdangkan limit tersedia 200,5
saya lupa nomer hp yang lama dikarenakan hp saya hilang tolong dibantu kaka 🙏😫😪,2
sangat membantu👍👍👍,5
mantap,5
bobol terus akun nya,1
bagus,5
bagus,4
ok,5
gada dana cicil,1
bgus tpi GK lengkap dna sya GK ada dna cicil ny,5
"aplikasi ga bagus saldo gw ilang ntah kmna tau tau liat riwayat ada transaksi google tanpa sepengetahuannya saya gimna ini dong dana saya sebesar 23,000 rb ilang udh minta pengajuan pengembalian dana malah tidak kembali dana saya,tolong aplikasih nya di benerin jgn ngerugiin orang lain!",1
"apa apaan ni aplikasi masa saldo saya hilang, baru isi saldo eh 8mnt kemudian hilang, trus ada transaksi ga di kenal",1
sangat bagus,5
"tagihan saya didana instan sudah saya bayar lunas kk sblm jtu tempo saya sudah lunas kan 2 bulan pas mau penarikan yg kedua gagal terus,,kecewa saya kk",1
"tong aktif kan kembi akun dana cicil saya, karena saya sudah melunasi nya",5
"tolong ya dana saya pake dana bisnis gimana bsa notif orang yang bayar pake qris sudah masuk tapi bisa di batalkan dan otomatis uang yang harusnya stay di dana bisnis aku ke refund ke dia , gimana bisa ini terjadi tolong perbaiki kejanggalan ini",4
aplikasi yang sangat membantu per ekonomian makasih banyak atas semua'nya aku akan ajak temen temen,5
dana cicil saya aktifin dongg,2
membantu,5
smoga aman trus dan percaya satu sama lain,5
kenapa yaa di hp sya pas pengen masuk ke aplikasi malah keluar sendiri,5
sangat membantu ke uang an saya,5
ini kenapa saldo dana bisnis saya status nya masih proses,1
"beli paket data di keterangannya 73 GB harga Rp.105.900 pas masuk cuma 46 GB kaga jelas nih apk jgn beli paket data disini teman""",1
sangat baik membantu meningkatkan ekonomi keuangan saya jadi sangat lancar tanpa kendala apa pun.,5
bagus,5
5 bintang,5
baik,5
oke,5
aplikasi keren,5
bug,1
Nyaman dan mudah,5
ok,5
trima kasih.. sudah mempermudah..saya puas,5
sangat membantu,5
sangat mudah di gunakan,5
jelek,1
"parah bgt, ini gua bayar angsuran adira pending sampe berjam jam, kalo berhari hari pending nya yg ada angsuran gua jadi nunggak!!!!!, perbaiki lah ni dana sering eror alesan nya sistem sedang ramai digunakan mulu",2
buat fitur dana cicil nya ga bisa d gunain buat apa d timbulin ga ada gunanya,1
gmna lah mentang2 nomor sudah tidak aktif gak bisa login,1
tolong min dana cicilnya jangan di persulit,5
saya suka,5
dana jelek sekarang mah kata nya anti pending masa kouta saya masih ada kok gk bisa beli data di dana yg ada gambar putih mulu kayak loading hoax tipu yg siaran nya tolong lah diperbaiki lgi,1
sangat baik,5
Assalamualaikum ..alhamdulillah Alhamdulillah .Dana best mantaba .bisa di terimaaa masyarakat ..,4
dana cicil nya gk guna sering top up banyak tpi gk bisa ke pake dana cicil nya,1
buruk sekali sering ngelag,1
"knp skrg dana bnyak mslh ny sih?, ini tb"" top up google one, pdhl gua gd nge iyain, ini lgsg kebayar aja",1
sangat bagus,5
Sangat bagus pelayanannya,5
mantap,4
matap,5
mantap,5
oh gitu cara main lu poin yang udh cape cape gw kumpulin sampe 50rb malah Angus ok ok,1
"hilang saldoku 70 rb nda tau kemana, di riwayat gak ada juga pengeluaran",5
bagus,5
oke,5
"dana cicil saya ko kagak bisa dipake yah,padahal sudah terdaftar dan limid tersedia🤣",2
"udh ajukan premiu. kepotong 5000 gagal lagi, kecewa bgt. mau kirim uang urgent malah kepotong udh gitu gagal lagi",1
lancar tidak cepat dan Responsif 🙏👍,5
tolong ini saya kenapa gada dana cicilnya pakai dana udh lama bget gada dana cicilnya saya butuh dana cicil ko viftur ya ga lengkap gada dana cicil padahal kan udah premium 😭,5
"tolong perbaiki lagi ke untungan dana points nya,malah di riset""",5
mau coba lagi mudah mudahan bisa premium,5
vitur dana cicil,1
manatap,5
"dana cicil sudah lumas, tapi tidak bisa dipakai",1
bagus,5
masukan aja sih mending smartpay outo di hilangin. kalo hp hilang orang bisa nguras saldo yg ada.,4
bagus,5
ngaco,1
"mau buka semua fitur tiba tiba error, pas bayar atau beli kadang susah gara fitur ga bisa dibuka padahal sinyal bagus",3
aplikasi ini sangat membantu,5
bagus,4
mantap,5
sangat bagus,4
"gak jelas, minta pemindahan akun gak bisa padahalkan bisa verifikasi email. Pas daftar baru, disuru milih provinsi tapi provinsinya cuma yang ada di Jawa. Nanya2 Agama lagi, freak Aplikasinya.",1
saya sangat puas menggunakan Dana..,5
OKE,5
untuk dana cicilan saya mohon di ACC bosku sudah 4 bulan dapat dana cicilan tapi verifikasi gagal terus,5
good,5
tidak bisa cek aktivitas sama topup di Indomart tidak bisa digunakan untuk beli pulsa,1
mantap,5
lebih gampang,5
bagus,5
sangat puas,5
kenapa di aplikasi dana sya tidak ada fitur dana instan?,5
premium,5
suka,5
aplikasi keren,2
kurang bagus untuk menghapus data aktivitas transaksi tidak bisa di lakukan semoga di perbaiki karena kebanyakan menumpuk saat membuka aplkasi tersebut terasa berat lambat lodingnya bagi hp yang ramnya besar mungkin enteng tapi bagi hp yang ram kecil akan terasa sperti gangguan jaringan.,3
good,5
Beberapa bulan yang lalu semua tagihan dana cicil sudah saya lunasi tapi kenapa sampai sekarang limit dana cicil yang ada di akun saya tida bisa saya gunakan,1
Dana cicil Saya kok ngak aktif yaa,2
mantap,5
dana waduhh ganguan pembayaran nya gak bisa di schan ganguan Mulu kacau,1
Makin parah dana skrng banyak yang bug eror lah kode otp enggk masuk hadeh 🤦🏻‍♂️ tolong developer nya,4
aplikasi aneh saya yang melaporkan akun saya pulak d blacklist jangan percaya aplikasi ini uang saya banyak di dalam nya udah nggak bisa d ambil malah akun saya d tutup,1
kenapa koneksi terputus. harus pakai wifi,1
bagus,5
sangat baguss,5
sangat membantu,5
"mantap, Terbantukan.",5
Saya suka app ini😎!!!,5
bagus,5
matap,5
sangat praktis,5
baik,4
kebanyaan gangguan,1
intinya kapok nggak mau pkek dana lagi hbis ketipu dari pihak dana,1
Sangat membantu masyarakat,5
sangat puas,4
ok,5
dompet digital terbaik Indonesia,5
paporit,5
ok,5
"Aplikasi bodong, Kurang privasi, aplikasi sampah jangan mau Nyimpen uang disini saldo saya Tiba² kesedot",1
dana emasnya ga bisa di buka,1
alhamdulillh...semuax berjalan lancar dengan adax dana.,5
"aplikasi ga jelas menyusahkan, saat mau transfer ke dana org lain harus upgrade ke premium, waktu mau di upgrade malah bermasalah berulang dicoba ga bisa² padahal jaringan bagus, keterangannya ktp bermasalah padahal foto KTP nya jelas dan bagus, bikin ribet, terpaksa pake dana karna temen² yg lain pake apk ini buat TF, ujung² nya uang yg masuk ga bisa di TF ke rek utama, makin upgrade bukannya makin maju malah makin ribet ni apk, sangat tidak layak digunakan, menyusahkan semoga bangkrut aja deh.",1
bagus,5
"parahh banget apk dana,saldo 75,277 di tf bukti berhasil tapi liat mutasi nga bisa,dan saldo belom masul katanha,jadi kecantol dimana duit iti parah betulll,orang lagi butuh buat dikampung ini malahan hilang",1
"digunakan, ......,,sannggat untuk keperluan.",5
oke,5
buat apa dikasih limit dana cicil kalo gak bisa dipake,1
bagus,5
sangat berguna dan membantu,5
bagus,5
membantu,5
ok banget,5
bisakah ungku masuk saldo mudah digunakan,5
"hei admin ini ada apa, kenapa setelah di perbarui kok malah tidak bisa masuk/dibuka? tolong penjelasannya min. uang saya bagaimana ini, jadi nyangkut didalam dong. waduh mohon penjelasanya yg sejelas jelasnya! terima kasih",1
"Menggunakan aplikasi Dana terbaik, terbantu, cepat dan nyaman",5
kak kenapa saya mau bayar ke sopy pake barkot ke galeri TPI tidak bisa kak gimana ini aplikasi dana nya ada masalah apa kak,5
"Saya tidak ada pitur dana cicil,padahal saya pengguna dana sudah lama",4
bagus dan sangat membantu,5
ok,5
karena utang ku banyak saya download aplikasi ini,5
mantap,5
bagus,5
terbaik suhu,5
disini mantap aplikasinya menjamin jangan lupa dowload yah,5
maer pancen,5
sangat puas,1
mantap,5
kalau pake wifi mntog 85% gk bisa masuk,4
bagus,5
sangat cepat dan mudah,5
saya buat usaha kecil keciilan,5
baik sekali,5
bagus,4
terbaik,5
lupa sandi,5
buka yg lain oke kenapa buka dana sinyal ngak ada di up date sampe berkali tetep error,2
"min ini gimana ko dalam perbaikan nya lama banget, saya mau transfer saldo ke gopayy gabisa bisaaaaa",5
bagus,5
pada tim dana bisakah di aktipkan dana digital atao payleter,5
sangat membantu dn praktis,5
good,5
nice,5
"tolong ya dana kalau ada transaksi tunggu gue konfirmasi dulu jangan langsung lanjut sendiri loh, habis dah saldo dana gue yang gak seberapa gitu tanpa gue sadari kesel bet gue",5
"data saya bocor dari dana, ngomong sama diana ribet. sekarang KTP saya disalahgunakan banyak notif pinjol",1
taikin babi limitenya,1
bagus,5
mantap,5
aplikasinya bagus tapi ada kendala kenapa saldo saya tdk ada pemasukan padahal saya sering login dan bermain permainan dalam game thxx.,4
dana cicil saya tidak tersedia min padahal saya sudah memenuhi syarat,5
baguss,5
sangat membantu,5
Bagus,5
bagus,5
ok,5
mantap,5
sangat membantu,5
bagus,5
ok,5
bgs sagat membantu buat kirim uang ke sesama,3
Tak pernah bermasalah bertransaksi... top,5
"kurang ajar, kalau mau aktif in smart pay itu wajib ada izin dan v2l nya kocak, kalau kayak gini kayak app ga bermutu. pantes org' ga trust ke dana ini ya soalnya sistem nya aja bobrok",1
aplikasi ini terpercaya dan aman,5
sangat baik,5
mntap GK bisa berkata-kata lagi☺️,5
mantap,5
bagus,5
aman terpercaya,5
ok,5
baguss,5
bgus,5
aplikasinya sangatlah keren karna bisa membantu kta menyimpan uang dengan nominal tinggi tampa harus repot mengeluarkan uang cash,5
sangat bagus,5
baguss,5
selama aman digunakan akan tetap bintang 5,5
mantap,5
aplikasi yg sangat membantu,5
bagus juga aplikasinya bisa terbantu,5
ok,5
ok,5
keamanan harus ditingkatkan,4
good,5
bantu instal dana,5
sangat bagus,5
terbaik dan terpercaya ternyata itu bukan cuma slogan tp komitmen yang nyata,5
sering eror dari dulu selalu masalah mulu!!!!,1
sangat membantu sekali,5
baik,5
lemot loding,3
bagus akunya tapi aku Uda 5 tahun pakek dana gak ada dana cicil atau dana paylater tolong admin di bantu,5
kadang kadang gk bisa TF ke gopay,4
bagus sekali,5
gimana iki daftar dana gagal teros sulusine piye kang,1
"gak ada angin gak ada hujan akun dana saya di tangguhkan, apa kesalahannya di jelasin dong buruk sekali aplikasi dana",1
mantap,5
puas,5
sering eror.. klw transaksi skrensut ketuk tampilan fotonya ga mau Nyamber . langsung hilang kembali k awal,1
tf cepat tanpa kendala,5
langsung bintang 5 biar muncul dana cicil di atas,5
sangat puas,5
bagus,4
saya sangat suka dengan aplikasi in,5
bagus,5
"jangan pake akun dana kapok sudah hilang duit , bang dana tidak bisa membantu setelah akun dana anak saya di bobol oleh maling bang dana membocorkan akun dan sandi kita , buktinya sudah banyak orang terbobol oleh maling",1
mantap,5
mantap,5
ok,5
mantap,5
transaksi lebih mudah tanpa admin yang besar,5
bagus,5
kenapa stiap klik e-wallet trus pulsa dan data selalu loding terus,3
sangat membantu,1
mantappppp pisannnn,5
oke,4
ok,4
"nyaman untuk di gunakan, simple dan aman",5
pakai limit dana nya..,5
baik,5
oke kali,4
OK,5
jaya jaya jaya,5
Sering gangguan buat ngirim,5
makin lama makin lemot sering ngebug mau beli pulsa gk bisa cuma muncul layar putih,1
makasih tuk dana,5
Good,5
good,5
rusak ga bisa TF pake qr foto,3
nyaman chan💜,5
oke,5
puas,5
ok,5
sangat bagus,5
tolong dana cicil saya perbaiki yh,4
permisi ka saya top up dari apk shopeepay sampe 2 kali kenapa belum masuk ya...apakah sedang ada kendala atau gmna,5
mantaaaaaaapp,5
mantap,5
"SERING LAG, GIMANA SII, gajelasss",3
ok lah,5
bagus,5
aplikasi selalu error,1
mua bli papet data dn pulsa listrik gk bisa kecewa tolong di perbaiki,1
saya puasss,4
mudah penggunaannya dan gak lelet 👍,5
sesuan,5
Baguss,5
Amanah,5
inih kenapa saya kirim udah berhasil kok gak muncul saldonya,1
the best,5
sangat bagus mudah untuk di gunakan,5
"sudah lama menggunakan apk dana tapi dana cicil dan dana instan belum tersedia, tolong bantu agar fiturnya tersedia di apk dan bisa digunakan.",5
"menyesal instal dan top up.... uang mau dipake malah minta Upgrade tunggu 2 hari, sedangkan uang butuhkan saat ini, SANGAT MENYESAL, Beda dengan Wallet lain yang tidak Ribet",1
baik,5
"apa apaan kali dana ni, saldo di dana ku 561 ribu hilang gitu aja karna transaksi tiktok coin padahal ga ada lakuin transaksi. udh melapor juga ga ada tanggapan kalau uangnya bisa dikembaliin. Udhlah gausah pake dana, org ak aja ga ada lakuin transaksi malah hilang aja tu duit karna transaksi yang ga di ketahui.",1
kirim uang cepat,5
"apaan pas mau masuk slalu ada kendala ,aplikasi janco",1
bagus,5
"sangat"" membatu saya",5
aman,5
sangat bagus,5
cukup bermanfaat,5
Good Job,5
jos,5
dana saya knp tidak bisa kirim ke rekening,3
memudahkan segalanya,5
sangat membantu,5
oke,5
ok,5
bagus sekali,5
sgt baik,5
cukup bagus dan GK ribet,5
sangat mempermudah keuangan saya,5
tidak bisa bukak aktivitas,3
"ini dana knapa sih , mau masuk akun harus verifikasi muka dan ga bisa bisa udah di coba trus , chat cs malah dsruh lampirin dokumen akte kematian lah kan gw masih hidup",1
aplikasi bagus sangat membantu. Tapi saya agak kecewa setiap naro uang gak lama tiba tiba kepotong ko bisa kepotong tanpa ada konfirmasi dari penggunanya gitu apa kah setidak aman itukah keamanan aplikasi ini? Saya tahu itu ada sebabnya karna langganan google tapi kan semua hak pengeluaran ada di si pengguna aplikasi nya ini sama aja mengambil hak orang lain tanpa sepengetahuan si pengguna aplikasi. Saya tunggu balesan dari pihak Aplikasi ini. Semoga kedepannya ada pembaharuan.,1
mantap dan bermanfaat 👍👍👍,5
dompet online terpercaya,5
puas sekali,5
saya sangat puas😉🙂😉🙂😉,5
sangat baik,5
goood,5
bagus,5
sangat puas pokoknya,5
jos,5
"pakek dana tu gak ribet,,semua JD gampang,,lope"" deh Ama apl inii🤩🤩",5
knpa GK bisa,1
terbaik lh,5
cepat tepat tangkas ⭐⭐⭐⭐⭐,5
sangat membantu aplikasi ini...,5
jozzz,5
mudah sekalih,4
enggak bisa bukak notifikasi pesan maaf cuma kmi kasih bintang 2,2
top,5
mantap proses cepat juga,5
ok,5
sangat memuaskan,5
terimakasih aplikasi dana memang selalu amanah,5
amanah,3
mantaaaap,5
sangat memuaskan,5
sangat bermanfaat,5
semoga tidak lemot karena banyak pengguna,5
dana emng mantap...,5
sangat membantu🙏,5
baik,5
mantap,5
kenapa apk ini tidak dapat di instal di hp infinix smart 6 plus padahal dulu bisa dan sudah saya isi uang di dalam dana malahn tidak dapat di instal lucu apk penipu,1
Dana Is The Best,5
sangat bagus sekali,5
sungguh bermanfaat dana ini,5
tidak pernah transaksi transfer pulsa.. tiba2 hilang saldoku..sudah beberapa kali seperti ini.. dana protection gak ada gunanya.. bintang 1..,1
simpel,5
menyukai,5
amanah boskuh,5
👍👍👍👍👍,5
sangat baik,5
sanggat puaas,5
mantap,5
"sangat di sayangkan saya pengguna lama dana namun ketika ada kendala tidak ada jalan keluar dan solusi untuk awal nya ok saya di bantu lewat chat diana lalu ke email namun setelah lanjut di email dan sampai sekarang tidak ada kelanjutan tentang masalah yang saya alami semoga cukup di saya dan saya sudah tidak mau pakai dana lagi hati"" menggunakan dana dan selalu waspada terutama kalau no HP tidak aktip",1
mudah dalam satu klik Terkirim,5
sangat membantu,5
baikk,5
rada lelet,3
cuma batas saldonya yg kecil untuk dana biasa,4
bagaimana pihak dana ini kenapa akun saya kena bobol orang,1
"proses kirim uang cepat, semoga keamanan selalu terjamin",5
sangat baik dn membantu.,5
sangat baik,5
tolong hapus verifikasi waja soalnya waja aku ngga terdaftar lagi,1
bagus,5
dana sangat' membantu,5
sangat baik dan memuaskan,5
bagus yg setelah upgrade aman,5
bgus,5
baik,5
sangat bagus dan sangat membantu,5
lancar Utuk tf dan isi ulang saldo,5
mantap sekali,5
saya kasih bintang 3 karena sering saldo sering hilang tiba tiba dan belum muncul dana cicil nya🙏,3
bagus,5
baik,5
buruk,2
bgus,5
untuk sekarang masih aman-aman saja,5
sangat membantu dalam mentransfer uang,5
Terbaik,5
"kok pas di download stuck di 85% Mulu ya.tolong buat developer kok pas di download udah 1 jam masih stuck di 85%,apakah app nya nge bug?",2
bagus dan mudah,5
"bagus,.",5
"Disuruh VERIFIKASI pendapatan dan peruntukan tapi giliran di klik VERIKASI jawabnya gangguan sistem, mengapa gangguan sampai berbulan² tidak ada perbaikan ??? sangat mengganggu !!!!",1
baik,5
puas,5
"apk rusak, dikit-dikit ngebug dikit dikit pemeliharaan, pemeliharaan nyA bisa sama 3 hari lebih kocak",1
lemot,2
lancar jaya,5
transaksi lebih cepat,5
sangat membantu,5
mantap,5
good,5
sangat memuaskan memudahkan dan membantu sekali 👍,5
sangat membantu dalam keuangan dengan cepat,5
sangat bagus,5
sangat bagus membantu bisnis saya,5
aplikasi ini sangat bagus,5
bagus,5
sangat bermanfaat pelayanan bagus,5
aman terpercaya Bagus,5
sangat bagus,5
ok lah,5
baik,5
bagus,5
"di hp sya dgn tipe redmi 6a ,fitur nya ada yg hilang.. terutama fitur dana cicil,",4
sangat bagus pakai aplikasi dana sangat membantu,5
aman,5
top,5
kenapa setiap transfer ke bank selalu kena admin truss.. biasa yg gx pernah kena admin..,5
alhamdulilah makasiĥ akun dana,5
jangan pake aplikasi ini soalnya uang aku di dana+ tiba tiba ilang tapi untung cuma 10 k tapi tetap saja gimana kalau uangnya banyak jadi bakal ilang semua jadi di saran kan jangan make apk ini,1
sangat baik dan sangat mudah di gunakan,5
kerennn,4
membatu sekli,5
mantul dana saya sangat suka ror,5
bagus,5
bagus,5
bagus,5
"simpel dan mudah di gunakan , ada dana cicil dan dana instal juga sngat membantu saat lagi darurat🙏",5
sangat membantu,5
terbantu banget,4
sangat puas,5
"Kenapa aplikasi dana sya g bs d buka iya,,,,,?????",5
sangat membantu sekali untuk segala pembayaran..mudah di gunakan kapanpun..,3
simpl amn di gunakan,5
sangat membantu transaksi,5
bagus lah,4
sangat membantu sekali terima kasih dana,5
sangat cocok untuk orang orang yang membutuhkan,5
mantap,5
Dana Terbaik 🙏,5
tolong dong yg upgrade premium pake akte bisa menggunakan dana bisnis soalnya perlu banget,1
mantab simpel banget cara kerjanya.joosjiiis dana,4
👍❤️❤️❤️,5
bagus,5
dana mantap 👍,5
ok membantu sekali .saya puas banget pake aplikasi Dana,5
uangnya bisa ilang sendiri,1
"saya baru pertama kali menggunakan dana fompet digital indonesia ternyata mudah dipelajari, mudah mudahan saya bisa menggunakan setetus nys",5
baik,5
sangat bagus applikasi dana,5
top,5
min mau minta tolong saya ada keluhan saldo saya dai Rp.225 000 transaksi cuman Rp145.000 kan sisanya 80.000 tapi kok saldo saya sekarang ini cuman 3.000 tolong dibantu min terimakasih,4
bagus,5
bagus mantap,5
ok,5
sangat baik,5
👍,5
suka sekali,4
"aneh banget punya voucher saldo dana tapi kaga bisa pake,gimna siiii",1
bisa buat beli apapun di game sru bngt,5
layanan bagus dan sangat memuaskan,5
sangat membantu,5
mudah aman gratis,5
ok baik cerdas,5
sejauh ini masih bagus,5
bagusss,5
mntaf,5
TOLONG LAHH PERMUDAH BUAT UBAH ALAMAT KTP LU LIAT DONG NAMA PENGGUNA SAMA KTPNYA GA COCOK PLISS DEH BUKAN KTP GUA ITU TOLONG PERBAIKI BRU GW CABUT BINTANG 🌟 🌟 NYA SEKIAN TERIMA KASIH KALO SAMPE GAK ADA PERBAIKAN GW UNISTAL,2
Aplikasi E-Wallrt Indonesia No 1,5
suka saya suka,5
mantap,5
"aplikasi ini tidak pernah membantu kalau ada saldo berkurang dan harus dilaporkan, kenapa bisa ada transaksi tanpa sepengetahuan pemilik akun?",1
bagus sekali,5
Sangat membantu,5
"gw udah kedip tapi ga selesai sampai di ulang berkali-kali, ini gimana gw login nya?",1
mantul,3
mantap tp dana cicil nya belum bisa,5
sangat membantu dan mudah bertransaksi..semoga dana ttp jaya dan amanah..LBH banyak LG dourprise untuk pengguna dana,5
wow,5
sangat memuaskan,5
hati hati uang saya di ambil hampir 70 an,1
"sangat membantu , terimakasih",5
kebanyakan nya bug di fitur kaya sekarang bug ga bisa fitur dana goals padahal di situ ada saldo nya aneh,1
lumayan tapi duit ku pernah ilang 900k,3
"praktis make dana bisa ngirim kesemua,moga moga dana cicil nya bisa dapat limit yg gede wkkwkw",5
bagus,5
ok,5
bagus,4
bagus,5
baik sekali,5
isi saldo bukannya bertambah ini malah kurang,1
good,5
sangat membantu,5
oke,5
bagus.. tapi saya blom ada dana cicilnya,5
"gimana ini developer nya tolong dong banyak orang yang sudah ngeluh dan saldonya ilang/ga masuk, saya juga hanya ingin login ke no saya tidak bisaaa loading nya lama banget dan tidak bisa melulu, tolong dong eror nya segera di perbaiki",1
"Adanya Aplikasi ini, sangat membantu, lebih mudah transaksi",5
selalu hilang koneksi gak jelas,1
saya mau tanya ko saya buka dana bisa tapi mau bayar BPJS dan lain lain semua yang ada di aplikasi dana ko tidak bisa buka si...kan jadi susah saya bayar BPJS & beli pulsa biasa/paket... saya minta tolong aplikasi dana aktifkan aplikasi dana saya kalau di blokir ini penting sekali karena saya di daerah jauh dari kios jualan pulsa yang lain lain untuk pembayaran,1
"saya suka mengunakan akun in,tapi sayangnya dana cicil TDK ad di dalam nya",5
sangat puas,5
bagus tapi kadang nyedot dewek,3
sangat membantu & memudahkan dalam pembayaran..,5
good,5
makasih udah membantu,5
candu pke aplikasi ini gratis TF nya melimpah ❤️,5
qr nyangkut,1
"dana sering nyangkut di aplikasi sudah sukses tapi dana tidak terkirim dan tidak ada kejelasan bahkan sering terjadi delay pengiriman,merugikan",1
oke,5
knp dana saya di potong goegle play mhon bntuanya,1
👍,4
ok,5
akun dana saya sudah premium knpa saya tidak ada dana cicil apa yg salah dengan akun saya tolong bantuan y trimakasih,5
Gimana cara hubungin CS Dana?,5
cukup seru,4
terbaik,5
sangat baik,5
semua urusan jadi gampang,5
mau ganti nomer aja di persulit,1
"hanya bisa pake wifi , dan ga bisa di jaringan data Telkomsel",3
mhn maaf aku masih belajar. mengunakan dana ewalet,4
sangat cocok untuk transaksi,5
transaksi bagus sekali.. cepat,5
Top,5
baru ini bisa bisanya di dana kehilangan uang...baru buka dana udah saldo kosong gmna katanya,1
Alhamdulillah lancar berkah barokah amiin,5
Good Aplication in Indonesian,5
mantap,5
Dana aplikasi yang bisa membuat orang menjadi lebih baik,5
limit dana cicil tidak dapat di gunakan,4
sangat mudah digunakan dan praktis,5
"saya baru ganti kartu dana, saya ingin login tidak bisa. muncul gambar dan bacaan UPS, sedang ada kendala jaringan... kenapa saya login pakai akun dana yg lain bisa",5
Bagus 👍,5
tansfer uang lewat dana sangat mudah dan cepat,5
bagus,5
aplikasi yg bodoh menurut saya.. krn kasus hilang saldo tp dr pihak dananya malah gk kebaca.. diriwayat transaksi tertera tgl sm jm kehilangan.. bs transaksi sendiri tanpa tau pemilik akun asli...,1
lancar ... mudah digunakan,5
gak bergerak stuck pas mau transaksi,1
sangat mudah tuk transaksi,5
Makin parah.... Hari ini terakhir pakai aplikasi dana... pembaruan malah sering gangguan...,1
mantap,5
Ok nice,5
"kecewa dengan respon cs nunggu 3 hari jika ada kasus sama yang terkendala saldo masih ada ""pembayaran ditolak, karena alasan keamanan"" silahkan login ke hp lain trus nol kan saldo anda jika sudah uninstal aja apk ini makin ribet",1
"ini dana semakin lama semakin tak jelas, transaksi pengiriman berhasil, ttpi pas buka aktifitas dan inbox ternyata slip bukti pengiriman tidak bisa di buka. buat developer pemilik apk dana ini. tolong diperbaiki semua. jika tidak bisa memuaskan para pengguna dana, tolong mundur saja jadi developer alihkan saja kinerja nya menjadi tukang ambil kerikil.",1
"akun sudah terverifikasi atau sudah premium, tapi belum bisa transfer ke e-wallet. Alasannya ""nomor anda belum terverifikasi"" padahal logo udh Prem tapi Masih aja begitu. Trus kalo transfer ke bank juga ga bisa, alasannya ""maaf sinyal anda mungkin bermasalah"", Orng gua pake wifi. Gimna nih kebijakannya tolong di perbaiki lagi dong. Ga enak banget dah kalo kayak gini",1
sangat membantu,5
ok,5
knp QR code ku ga bisaaa yaa??😤🤌 org tf ke aku knp ga bisa ya min?😭🫰,5
👍,5
uangku di hilang di dana padahal belum tak pake sama sekali,1
baik,3
baik,5
terlanyani dan mantap joss👍👍,5
munculkan lh fitur dana instan di dana saya.. PNGN cubain dana instan,4
mantap banget,5
sangat mengesankan dan mempermudah transaksi,5
bagus,5
tolong login dulu sandi danaku bos,3
baik bagus,5
mempermudah untuk transaksi sangat membantu 👍,5
"apa2 kendala apa2 kendala nih monyed, klo uang dah di ambil lagi gua uninstall luh pea",1
bagus,4
mantap,5
apk bagus,5
goodjobs,4
Bermanfaat bagi saya untuk transaksi setiap hari,5
fast respon trimakasih,5
apk pengiriman uang cepat,5
baru belajar,5
BAGUS...,5
good 😊,5
cara mudah kirim dan belanja lewat apl dana,5
aplikasi makin bagus aja,5
tolong dana mengapa di dana saya tidak ada logo galeri saat ingin membayar memakai qris tolong perbaiki,1
mempermudah,5
gua mau transaksi malah di suruh nunggu 15hari pas udah 15 hari di suruh nunggu lagi aplikasi kon emang saran gua bikin transaksinya 3 hari,1
bagus dan mudah,5
bagus,5
mempermudah sekali saat kirim uang atau transaksi segala macam terimakasih DANA,5
makin kesini makin -_-,1
mantap,5
ok,5
terbaik,5
good,4
bagaimana cara verifikasi ulang akun Dana?,4
saya sangat puas,5
sangat membantu,5
sangat baguuus,5
bagus,5
ok,5
ko akun saya ga bisa masuk yah,1
"sayang bngt baru kali ini menyebalkan . mau upgrade dana tapi masih nyantol di nomer lama gg bisa berubah . inigimna kasi solusi udhh di coba berkali"" gagal . bahkanbayar yg 5000 tu gg bisa padhl login bisa ke akun barubtnpa ktp . ini uang saya ketahan . tolongdi bantu",1
"proses pengiriman lebih cepat, tingkatkan limit hingga 100 juta terimakasih",5
"Mantap... sangat membantu,saya mau menanyakan kenapa Dana pinjam saya tidak bisa digunakan",5
sangat puas,5
mantaap,5
tidak bisa mengirim gambar saat chat cs,1
"transfer gratis admin 10x, dan reset setiap bulan, emang bagus poll😍👍",5
mudah bertransaksi,5
"kurang""in nyedot dana orang",5
bagus,5
sangat memuaskan dan membantu,5
dana sekarang updatenya stack d situ mulu.byar pke qris gabisa.event kemarin sia2 ngumpulin point tpi gabisa di tukar alasan jaringan lah bnyak transaksi lah ap lah.,5
Sangat membantu,5
tiba tiba saldo hilang 300 k,1
Karena aplikasi ini memiliki mb yang sedikit,5
bags banger,5
mantap,5
setiap ada urgent untuk qris atau beli kuota selalu ada ada gangguan nya alasan nya transaksi ramai dan segala macem tolong di perbaiki,2
belanja praktis tanpa pake uang cash,5
"kenapa si dana skrng bolak balik log in, heran deh setiap mau cek transaksi masuk, eh harus login dulu😭 capeee jujur mana sinyal on/off pliss ya tolong",3
dana cicil saya kok tidak ada min,2
sangat membantu,5
✌️,5
mantapp,5
lacar jayaa..,5
sangat membantu,4
Menyenangkan,5
sangat puas,5
mntap,5
kanapa pas gw tf duitnya kaga masuk padahal transaksi berasil,1
"🙏Minta tolong untuk pihak dana, bantu saya.. uang saya diambil double, saya hanya membeli Roblox plus 1 seharga 99.900 pada tanggal 30 juli, jam 13:12 lalu kenapa diambil lagi? jam 17:55 kalo kalian butuh bukti saya bisa kirim bukti lewat Gmail atau apapun dengan foto/video..",1
alhamdulillah saya berguna bagi saya,5
saya cukup senang,4
sangat bagus,5
semoga bisa pakai dana cicil,5
"Agak buruk untuk saat ini. Kenapa Dana cicil paylater saya ditolam terus, padahal saya selalu pakai dana dalam transaksi.",5
"aku sering menggunakan app ini karena udah terbiasa dan simpel, saya mudah masuk dan bisa menerima uang tanpa masuk menggunakan KTP. kalau mau transfer harus pakai KTP.",5
game yang seru dan tidak ada iklan bokep,5
keluar kan dana instan aku cuk,5
bagus,5
Paarrraahhh....DANA MAKINNNN EDANN...MEMPERSULITTT...,1
mantap,5
sangat baik,5
dana aku nga bisa ke bukaa,1
dana semakin suxes,5
top,5
Tolong request bikin Transjakarta donk kayak gopay... jujur saya lebih suka dana daripada gopay soalnya lebih lancar DANA daripada GOPAY. Terimakasih,5
super sekali ajib,5
Mantap Keren,5
terima kasih dana pelayanan sangat baik dan memuaskan,5
bagus,5
sangat baik.semoga semakin Lancar kedepan nya.(AAMiIN),5
"jangan ada yang download aplikasi ini, tiap bulan di potong 60rb, sudah saya hapus dari hp saya 🐖",1
bagus,5
lebih cepat dan praktis tidak usah menunggu lama aplikasi mantap cara trfnya tidak kena biaya adm,5
mantap,5
"aplikasi yang tak seharusnya di download, menghapus akun nya saja tidak bisa, sedangkan kan akun saya yang terus menerus dicoba orang lain diretas untuk mengambil tindakan cepat pun tidak bisa,",1
"saldo kedebet status berhasil,tetapi uang tidak masuk ke rek tujuan Gopay. Drama apalagi Woi Dana?????",1
bagus,5
"ini kenapa aplikasinya ku buat bayar listrik dan transaksi yang lain gak bisa? layarnya putih semua, makin lama makin rusak ini aplikasi udah dulu tiba tiba ada biaya dalam aplikasi sekarang ngebug kek gini",1
"Dulu jg di nmr suami prnh ada yg coba log in Dana ada notif dan ada nmr tlpnya kelihatan, itu nmr luar negri tp ngomongnya pake bhs indonesia akhirnya Dananya di hapus dan gnti nmr, lalu aku daftar pake ktp dan nmrku 3 thnan aman² aja pake Dana karna aktifitas digitalku slalu pake Dana ku simpan brp juta di Dana karna plusnya kalo tf 10x ga pake admin, dan trnyta ada yg coba log in smpe 4 merk hp berbeda, akhirnya kutarik semua saldoku ke bank dan sampai saat ini ga berani simpan lg di Dana, ht²",1
sangat bermanfaat,5
ok,5
perusahaan sebesar ini susah amat complaint dan membuat laporan. obrolan mesin aja trus menjawab. membuat laporan tidak bisa upload lampiran. cs dana yang bisa di hubungi kemana?,1
kak tolong dong buka dana knpaa gk bisa pke data seluler,5
transaksi mudah dan cepat,5
kenpa dana saya tidak ada dana cicil,5
mudah dipakai dan sangat membantu,5
"aplikasi mantap bisa, merahasiakan akun saya, seperti menyimpan uang di ATM",5
mantap 👍,5
terimakasih,5
ok bosku,4
bagus,5
kurang puas dengan apl ini karena tidak memberikan saldo gratis ke dana saya stiap bulanya,5
sangat membantu untuk melakukan transaksi dan harganya murah,5
masih banyak ke kurangan dari dana ini sistem nya.masih banyak orang salah transfer dana ke nomer orang lain tapi tidak tercantum di dana.tapi respon nya tidak terlalu cepat...padahal sudah lapor tapi harus butuh waktu lama.menuru saya sistemnya harus di perketat sih jika nomer yang tidak tercantum harus nya jangan di hilangkan uang nya..ini nomer tidak tercantum tetap di hilangkan uangnya,1
Saya top up uang nya enggak masuk malah hilang,1
aplikasi ini membuat saya nyaman dan sangat membantu,5
sangat bagus,5
sangat membantu banget,5
bagus apk nya mempermudah segala urusan,5
"aplikasi tidak jelas, saya sudah verifikasi wajah berkali kali dari kemarin masih saja gagal, padahal itu akun saya, bikin sistem yang jelas dong",5
pakai dana mau apapun mudah.,5
bagus,5
Transaksi Mudah denga DANA memang OK,5
ok,4
ok,3
bagus mudah aman,5
😁😁😁,5
"apk gjls tiba"" 100k kesedot",1
jos jis,5
Good,5
koq gk bisa di upgrade..,1
"danna saya gimana ini, udah saya upgrad ektp ,gagal dan gagal,",1
puas sekali,5
sangat bermanfaat ketika gak ada uang chas,5
"halo dana,ini kenapa sulit sekali untuk mengubah kata sandi/pin.saya mau belanja jadi susah.itu akun saya sendiri masa susah payah untuk login.benar"" kesal saya.tidak bisa menggunakan uang saya pribadi",1
mntap,5
"ini kenapa apk dana saya tidak bisa di buka semua fiturnya,hanya tampilan layar putih kosong bgtu, dari aktivitas,menu pembelian pulsa, isi saldo, sampai chat dimanapun semua cm layar kosong tolong di perbaiki",3
dana cicil tidak bisa digunakan,1
mantabb,5
sangat bagus,5
very nice,5
keren,5
sangat membatu,5
terimakasih DANA,5
